..Flow Uec_7_0 flowId 291 uecSrc 290 finished at 124306 total messages 1 total packets 3916 RTS 0 total bytes 16000776 in_flight now 0 fair_inc 0 prop_inc 9607 fast_inc 0 eta_inc 1939011 multi_dec -461126 quick_dec --8300 nack_dec -48143374
Flow Uec_6_0 flowId 858 uecSrc 857 finished at 124651 total messages 1 total packets 3916 RTS 0 total bytes 16000776 in_flight now 0 fair_inc 0 prop_inc 9607 fast_inc 0 eta_inc 1935024 multi_dec -437798 quick_dec --1492 nack_dec -48508574
Flow Uec_2_0 flowId 832 uecSrc 831 finished at 125208 total messages 1 total packets 3916 RTS 0 total bytes 16000776 in_flight now 0 fair_inc 0 prop_inc 0 fast_inc 0 eta_inc 1982868 multi_dec -483561 quick_dec --5642 nack_dec -49011500
Flow Uec_4_0 flowId 436 uecSrc 435 finished at 125583 total messages 1 total packets 3916 RTS 0 total bytes 16000776 in_flight now 0 fair_inc 0 prop_inc 9607 fast_inc 0 eta_inc 1933695 multi_dec -423815 quick_dec --4313 nack_dec -49380074
Flow Uec_5_0 flowId 98 uecSrc 97 finished at 125618 total messages 1 total packets 3916 RTS 0 total bytes 16000776 in_flight now 0 fair_inc 0 prop_inc 3627 fast_inc 0 eta_inc 1966920 multi_dec -427311 quick_dec --10020 nack_dec -49479674
Flow Uec_1_0 flowId 278 uecSrc 277 finished at 125634 total messages 1 total packets 3916 RTS 0 total bytes 16000776 in_flight now 0 fair_inc 0 prop_inc 9607 fast_inc 0 eta_inc 1895154 multi_dec -405951 quick_dec --1655 nack_dec -49497050
Flow Uec_3_0 flowId 997 uecSrc 996 finished at 126277 total messages 1 total packets 3916 RTS 0 total bytes 16000776 in_flight now 0 fair_inc 0 prop_inc 7205 fast_inc 0 eta_inc 1893825 multi_dec -412243 quick_dec --13942 nack_dec -50079872
........|Flow Uec_59_0 flowId 55 uecSrc 54 finished at 566782 total messages 1 total packets 3916 RTS 0 total bytes 16000776 in_flight now 0 fair_inc 0 prop_inc 0 fast_inc 0 eta_inc 2135703 multi_dec -159181 quick_dec -450211 nack_dec -175397962
Flow Uec_52_0 flowId 358 uecSrc 357 finished at 566954 total messages 1 total packets 3916 RTS 0 total bytes 16000776 in_flight now 0 fair_inc 0 prop_inc 0 fast_inc 0 eta_inc 5201706 multi_dec -424634 quick_dec -782195 nack_dec -175550196
Flow Uec_60_0 flowId 154 uecSrc 153 finished at 568215 total messages 1 total packets 3916 RTS 0 total bytes 16000776 in_flight now 0 fair_inc 0 prop_inc 0 fast_inc 0 eta_inc 2131716 multi_dec -148886 quick_dec -502303 nack_dec -176383300
Flow Uec_45_0 flowId 888 uecSrc 887 finished at 568392 total messages 1 total packets 3916 RTS 0 total bytes 16000776 in_flight now 0 fair_inc 0 prop_inc 0 fast_inc 0 eta_inc 2101149 multi_dec -160296 quick_dec -529353 nack_dec -175720616
Flow Uec_54_0 flowId 173 uecSrc 172 finished at 569827 total messages 1 total packets 3916 RTS 0 total bytes 16000776 in_flight now 0 fair_inc 0 prop_inc 0 fast_inc 0 eta_inc 2110452 multi_dec -137511 quick_dec -441002 nack_dec -176577068
Flow Uec_25_0 flowId 779 uecSrc 778 finished at 570949 total messages 1 total packets 3916 RTS 0 total bytes 16000776 in_flight now 0 fair_inc 0 prop_inc 0 fast_inc 0 eta_inc 2082543 multi_dec -147952 quick_dec -483153 nack_dec -177157056
Flow Uec_17_0 flowId 507 uecSrc 506 finished at 571968 total messages 1 total packets 3916 RTS 0 total bytes 16000776 in_flight now 0 fair_inc 0 prop_inc 0 fast_inc 0 eta_inc 2046660 multi_dec -115707 quick_dec -446380 nack_dec -177717542
Flow Uec_33_0 flowId 480 uecSrc 479 finished at 572061 total messages 1 total packets 3916 RTS 0 total bytes 16000776 in_flight now 0 fair_inc 0 prop_inc 0 fast_inc 0 eta_inc 2200824 multi_dec -167936 quick_dec -489053 nack_dec -177308008
Flow Uec_24_0 flowId 180 uecSrc 179 finished at 572214 total messages 1 total packets 3916 RTS 0 total bytes 16000776 in_flight now 0 fair_inc 0 prop_inc 0 fast_inc 0 eta_inc 2162283 multi_dec -148875 quick_dec -485005 nack_dec -177488854
Flow Uec_39_0 flowId 718 uecSrc 717 finished at 572296 total messages 1 total packets 3916 RTS 0 total bytes 16000776 in_flight now 0 fair_inc 0 prop_inc 0 fast_inc 0 eta_inc 2125071 multi_dec -157663 quick_dec -438306 nack_dec -177507714
Flow Uec_34_0 flowId 813 uecSrc 812 finished at 572381 total messages 1 total packets 3916 RTS 0 total bytes 16000776 in_flight now 0 fair_inc 0 prop_inc 0 fast_inc 0 eta_inc 2097162 multi_dec -177742 quick_dec -509571 nack_dec -177217450
Flow Uec_14_0 flowId 112 uecSrc 111 finished at 574255 total messages 1 total packets 3916 RTS 0 total bytes 16000776 in_flight now 0 fair_inc 0 prop_inc 0 fast_inc 0 eta_inc 2127729 multi_dec -146736 quick_dec -439582 nack_dec -178662460
Flow Uec_41_0 flowId 643 uecSrc 642 finished at 574391 total messages 1 total packets 3916 RTS 0 total bytes 16000776 in_flight now 0 fair_inc 0 prop_inc 0 fast_inc 0 eta_inc 2091846 multi_dec -161656 quick_dec -519302 nack_dec -177949436
Flow Uec_61_0 flowId 735 uecSrc 734 finished at 574832 total messages 1 total packets 3916 RTS 0 total bytes 16000776 in_flight now 0 fair_inc 0 prop_inc 0 fast_inc 0 eta_inc 5203035 multi_dec -390084 quick_dec -763475 nack_dec -179979798
Flow Uec_38_0 flowId 133 uecSrc 132 finished at 574869 total messages 1 total packets 3916 RTS 0 total bytes 16000776 in_flight now 0 fair_inc 0 prop_inc 0 fast_inc 0 eta_inc 2127729 multi_dec -176044 quick_dec -472401 nack_dec -179035150
Flow Uec_11_0 flowId 585 uecSrc 584 finished at 574906 total messages 1 total packets 3916 RTS 0 total bytes 16000776 in_flight now 0 fair_inc 0 prop_inc 0 fast_inc 0 eta_inc 2126400 multi_dec -153116 quick_dec -432252 nack_dec -179118150
Flow Uec_29_0 flowId 823 uecSrc 822 finished at 575584 total messages 1 total packets 3916 RTS 0 total bytes 16000776 in_flight now 0 fair_inc 0 prop_inc 0 fast_inc 0 eta_inc 2062608 multi_dec -144014 quick_dec -472611 nack_dec -179925342
Flow Uec_48_0 flowId 26 uecSrc 25 finished at 575855 total messages 1 total packets 3916 RTS 0 total bytes 16000776 in_flight now 0 fair_inc 0 prop_inc 0 fast_inc 0 eta_inc 2087859 multi_dec -134821 quick_dec -451388 nack_dec -178660874
Flow Uec_49_0 flowId 731 uecSrc 730 finished at 576031 total messages 1 total packets 3916 RTS 0 total bytes 16000776 in_flight now 0 fair_inc 0 prop_inc 0 fast_inc 0 eta_inc 2101149 multi_dec -190958 quick_dec -449955 nack_dec -178693298
Flow Uec_23_0 flowId 984 uecSrc 983 finished at 576280 total messages 1 total packets 3916 RTS 0 total bytes 16000776 in_flight now 0 fair_inc 0 prop_inc 0 fast_inc 0 eta_inc 2071911 multi_dec -127365 quick_dec -501324 nack_dec -179932090
Flow Uec_51_0 flowId 110 uecSrc 109 finished at 576393 total messages 1 total packets 3916 RTS 0 total bytes 16000776 in_flight now 0 fair_inc 0 prop_inc 0 fast_inc 0 eta_inc 2085201 multi_dec -159380 quick_dec -439555 nack_dec -179959824
Flow Uec_18_0 flowId 809 uecSrc 808 finished at 576972 total messages 1 total packets 3916 RTS 0 total bytes 16000776 in_flight now 0 fair_inc 0 prop_inc 0 fast_inc 0 eta_inc 2119755 multi_dec -142290 quick_dec -534413 nack_dec -180113374
Flow Uec_27_0 flowId 983 uecSrc 982 finished at 577923 total messages 1 total packets 3916 RTS 0 total bytes 16000776 in_flight now 0 fair_inc 0 prop_inc 0 fast_inc 0 eta_inc 2041344 multi_dec -125199 quick_dec -468635 nack_dec -179770746
Flow Uec_57_0 flowId 146 uecSrc 145 finished at 578486 total messages 1 total packets 3916 RTS 0 total bytes 16000776 in_flight now 0 fair_inc 0 prop_inc 0 fast_inc 0 eta_inc 2059950 multi_dec -143364 quick_dec -420309 nack_dec -180502698
Flow Uec_28_0 flowId 586 uecSrc 585 finished at 578641 total messages 1 total packets 3916 RTS 0 total bytes 16000776 in_flight now 0 fair_inc 0 prop_inc 0 fast_inc 0 eta_inc 2082543 multi_dec -135541 quick_dec -445147 nack_dec -179781408
Flow Uec_58_0 flowId 845 uecSrc 844 finished at 579585 total messages 1 total packets 3916 RTS 0 total bytes 16000776 in_flight now 0 fair_inc 0 prop_inc 0 fast_inc 0 eta_inc 5195061 multi_dec -365469 quick_dec -773088 nack_dec -180734322
Flow Uec_32_0 flowId 985 uecSrc 984 finished at 579721 total messages 1 total packets 3916 RTS 0 total bytes 16000776 in_flight now 0 fair_inc 0 prop_inc 0 fast_inc 0 eta_inc 2087859 multi_dec -158940 quick_dec -441222 nack_dec -181229994
Flow Uec_12_0 flowId 198 uecSrc 197 finished at 579939 total messages 1 total packets 3916 RTS 0 total bytes 16000776 in_flight now 0 fair_inc 0 prop_inc 0 fast_inc 0 eta_inc 2049318 multi_dec -145070 quick_dec -465733 nack_dec -180197150
Flow Uec_13_0 flowId 875 uecSrc 874 finished at 579943 total messages 1 total packets 3916 RTS 0 total bytes 16000776 in_flight now 0 fair_inc 0 prop_inc 0 fast_inc 0 eta_inc 5201706 multi_dec -386705 quick_dec -822121 nack_dec -180683746
Flow Uec_31_0 flowId 890 uecSrc 889 finished at 580066 total messages 1 total packets 3916 RTS 0 total bytes 16000776 in_flight now 0 fair_inc 0 prop_inc 0 fast_inc 0 eta_inc 2078556 multi_dec -123728 quick_dec -487346 nack_dec -180418922
Flow Uec_20_0 flowId 166 uecSrc 165 finished at 580130 total messages 1 total packets 3916 RTS 0 total bytes 16000776 in_flight now 0 fair_inc 0 prop_inc 0 fast_inc 0 eta_inc 2150322 multi_dec -139553 quick_dec -446860 nack_dec -181711394
Flow Uec_55_0 flowId 59 uecSrc 58 finished at 580872 total messages 1 total packets 3916 RTS 0 total bytes 16000776 in_flight now 0 fair_inc 0 prop_inc 0 fast_inc 0 eta_inc 2133045 multi_dec -143205 quick_dec -460002 nack_dec -181457468
Flow Uec_9_0 flowId 720 uecSrc 719 finished at 581122 total messages 1 total packets 3916 RTS 0 total bytes 16000776 in_flight now 0 fair_inc 0 prop_inc 0 fast_inc 0 eta_inc 2947722 multi_dec -184496 quick_dec -514324 nack_dec -181178372
Flow Uec_22_0 flowId 765 uecSrc 764 finished at 581633 total messages 1 total packets 3916 RTS 0 total bytes 16000776 in_flight now 0 fair_inc 0 prop_inc 0 fast_inc 0 eta_inc 2105136 multi_dec -155783 quick_dec -479420 nack_dec -181294572
Flow Uec_21_0 flowId 540 uecSrc 539 finished at 581901 total messages 1 total packets 3916 RTS 0 total bytes 16000776 in_flight now 0 fair_inc 0 prop_inc 0 fast_inc 0 eta_inc 2138361 multi_dec -150199 quick_dec -464656 nack_dec -182214050
Flow Uec_36_0 flowId 920 uecSrc 919 finished at 582455 total messages 1 total packets 3916 RTS 0 total bytes 16000776 in_flight now 0 fair_inc 0 prop_inc 0 fast_inc 0 eta_inc 2090517 multi_dec -143110 quick_dec -452992 nack_dec -181616484
Flow Uec_16_0 flowId 321 uecSrc 320 finished at 582558 total messages 1 total packets 3916 RTS 0 total bytes 16000776 in_flight now 0 fair_inc 0 prop_inc 0 fast_inc 0 eta_inc 2093175 multi_dec -126083 quick_dec -414062 nack_dec -181952600
Flow Uec_40_0 flowId 227 uecSrc 226 finished at 582836 total messages 1 total packets 3916 RTS 0 total bytes 16000776 in_flight now 0 fair_inc 0 prop_inc 0 fast_inc 0 eta_inc 2109123 multi_dec -144547 quick_dec -484584 nack_dec -181990254
Flow Uec_46_0 flowId 439 uecSrc 438 finished at 583653 total messages 1 total packets 3916 RTS 0 total bytes 16000776 in_flight now 0 fair_inc 0 prop_inc 0 fast_inc 0 eta_inc 2103807 multi_dec -143605 quick_dec -439830 nack_dec -182817656
Flow Uec_37_0 flowId 760 uecSrc 759 finished at 583765 total messages 1 total packets 3916 RTS 0 total bytes 16000776 in_flight now 0 fair_inc 0 prop_inc 0 fast_inc 0 eta_inc 2071911 multi_dec -115135 quick_dec -469848 nack_dec -182458124
Flow Uec_63_0 flowId 301 uecSrc 300 finished at 584179 total messages 1 total packets 3916 RTS 0 total bytes 16000776 in_flight now 0 fair_inc 0 prop_inc 0 fast_inc 0 eta_inc 5200377 multi_dec -388554 quick_dec -686693 nack_dec -183474672
Flow Uec_44_0 flowId 387 uecSrc 386 finished at 584301 total messages 1 total packets 3916 RTS 0 total bytes 16000776 in_flight now 0 fair_inc 0 prop_inc 0 fast_inc 0 eta_inc 2030712 multi_dec -134112 quick_dec -444291 nack_dec -182688972
Flow Uec_43_0 flowId 551 uecSrc 550 finished at 584390 total messages 1 total packets 3916 RTS 0 total bytes 16000776 in_flight now 0 fair_inc 0 prop_inc 0 fast_inc 0 eta_inc 2082543 multi_dec -150925 quick_dec -450901 nack_dec -182725614
Flow Uec_8_0 flowId 143 uecSrc 142 finished at 584390 total messages 1 total packets 3916 RTS 0 total bytes 16000776 in_flight now 0 fair_inc 0 prop_inc 0 fast_inc 0 eta_inc 2083872 multi_dec -154865 quick_dec -456985 nack_dec -182720350
Flow Uec_47_0 flowId 617 uecSrc 616 finished at 584538 total messages 1 total packets 3916 RTS 0 total bytes 16000776 in_flight now 0 fair_inc 0 prop_inc 0 fast_inc 0 eta_inc 2111781 multi_dec -147576 quick_dec -439915 nack_dec -182155950
Flow Uec_53_0 flowId 13 uecSrc 12 finished at 584604 total messages 1 total packets 3916 RTS 0 total bytes 16000776 in_flight now 0 fair_inc 0 prop_inc 0 fast_inc 0 eta_inc 2150322 multi_dec -148655 quick_dec -467914 nack_dec -181851718
Flow Uec_30_0 flowId 1005 uecSrc 1004 finished at 584879 total messages 1 total packets 3916 RTS 0 total bytes 16000776 in_flight now 0 fair_inc 0 prop_inc 0 fast_inc 0 eta_inc 2102478 multi_dec -131669 quick_dec -519259 nack_dec -182371750
Flow Uec_15_0 flowId 807 uecSrc 806 finished at 585286 total messages 1 total packets 3916 RTS 0 total bytes 16000776 in_flight now 0 fair_inc 0 prop_inc 0 fast_inc 0 eta_inc 2054634 multi_dec -140715 quick_dec -488287 nack_dec -182503808
Flow Uec_10_0 flowId 980 uecSrc 979 finished at 586880 total messages 1 total packets 3916 RTS 0 total bytes 16000776 in_flight now 0 fair_inc 0 prop_inc 0 fast_inc 0 eta_inc 5200377 multi_dec -362021 quick_dec -786647 nack_dec -183011660
Flow Uec_35_0 flowId 42 uecSrc 41 finished at 588038 total messages 1 total packets 3916 RTS 0 total bytes 16000776 in_flight now 0 fair_inc 0 prop_inc 0 fast_inc 0 eta_inc 2127729 multi_dec -142272 quick_dec -442414 nack_dec -184755976
Flow Uec_50_0 flowId 72 uecSrc 71 finished at 590505 total messages 1 total packets 3916 RTS 0 total bytes 16000776 in_flight now 0 fair_inc 0 prop_inc 0 fast_inc 0 eta_inc 2139690 multi_dec -133137 quick_dec -474895 nack_dec -184996642
Flow Uec_19_0 flowId 763 uecSrc 762 finished at 590513 total messages 1 total packets 3916 RTS 0 total bytes 16000776 in_flight now 0 fair_inc 0 prop_inc 0 fast_inc 0 eta_inc 2115768 multi_dec -163283 quick_dec -445038 nack_dec -185784130
Flow Uec_26_0 flowId 195 uecSrc 194 finished at 592071 total messages 1 total packets 3916 RTS 0 total bytes 16000776 in_flight now 0 fair_inc 0 prop_inc 0 fast_inc 0 eta_inc 2025396 multi_dec -122965 quick_dec -437329 nack_dec -185574268
...Flow Uec_265_0 flowId 773 uecSrc 772 finished at 710578 total messages 1 total packets 3916 RTS 0 total bytes 16000776 in_flight now 0 fair_inc 0 prop_inc 0 fast_inc 0 eta_inc 2937090 multi_dec -335121 quick_dec -806170 nack_dec -127488270
Flow Uec_400_0 flowId 1002 uecSrc 1001 finished at 714389 total messages 1 total packets 3916 RTS 0 total bytes 16000776 in_flight now 0 fair_inc 0 prop_inc 0 fast_inc 0 eta_inc 2963670 multi_dec -306015 quick_dec -875540 nack_dec -128822512
Flow Uec_566_0 flowId 267 uecSrc 266 finished at 715776 total messages 1 total packets 3916 RTS 0 total bytes 16000776 in_flight now 0 fair_inc 0 prop_inc 0 fast_inc 0 eta_inc 2893233 multi_dec -290852 quick_dec -837131 nack_dec -129653524
Flow Uec_881_0 flowId 944 uecSrc 943 finished at 721469 total messages 1 total packets 3916 RTS 0 total bytes 16000776 in_flight now 0 fair_inc 0 prop_inc 0 fast_inc 0 eta_inc 3006198 multi_dec -317121 quick_dec -864225 nack_dec -130231150
Flow Uec_242_0 flowId 106 uecSrc 105 finished at 722922 total messages 1 total packets 3916 RTS 0 total bytes 16000776 in_flight now 0 fair_inc 0 prop_inc 0 fast_inc 0 eta_inc 2917155 multi_dec -300381 quick_dec -818871 nack_dec -131329416
Flow Uec_363_0 flowId 57 uecSrc 56 finished at 724797 total messages 1 total packets 3916 RTS 0 total bytes 16000776 in_flight now 0 fair_inc 0 prop_inc 0 fast_inc 0 eta_inc 2925129 multi_dec -286288 quick_dec -852358 nack_dec -131143138
Flow Uec_115_0 flowId 574 uecSrc 573 finished at 724961 total messages 1 total packets 3916 RTS 0 total bytes 16000776 in_flight now 0 fair_inc 0 prop_inc 0 fast_inc 0 eta_inc 2929116 multi_dec -328343 quick_dec -840234 nack_dec -131007200
Flow Uec_724_0 flowId 214 uecSrc 213 finished at 726537 total messages 1 total packets 3916 RTS 0 total bytes 16000776 in_flight now 0 fair_inc 0 prop_inc 0 fast_inc 0 eta_inc 2930445 multi_dec -295767 quick_dec -873529 nack_dec -132291372
Flow Uec_359_0 flowId 64 uecSrc 63 finished at 726986 total messages 1 total packets 3916 RTS 0 total bytes 16000776 in_flight now 0 fair_inc 0 prop_inc 0 fast_inc 0 eta_inc 2967657 multi_dec -292316 quick_dec -888687 nack_dec -129853534
Flow Uec_935_0 flowId 226 uecSrc 225 finished at 727905 total messages 1 total packets 3916 RTS 0 total bytes 16000776 in_flight now 0 fair_inc 0 prop_inc 0 fast_inc 0 eta_inc 3031449 multi_dec -331363 quick_dec -886045 nack_dec -131035744
Flow Uec_578_0 flowId 623 uecSrc 622 finished at 728294 total messages 1 total packets 3916 RTS 0 total bytes 16000776 in_flight now 0 fair_inc 0 prop_inc 0 fast_inc 0 eta_inc 2963670 multi_dec -279132 quick_dec -807319 nack_dec -131092562
Flow Uec_971_0 flowId 792 uecSrc 791 finished at 729064 total messages 1 total packets 3916 RTS 0 total bytes 16000776 in_flight now 0 fair_inc 0 prop_inc 0 fast_inc 0 eta_inc 2975631 multi_dec -349097 quick_dec -868619 nack_dec -131533778
Flow Uec_831_0 flowId 663 uecSrc 662 finished at 729207 total messages 1 total packets 3916 RTS 0 total bytes 16000776 in_flight now 0 fair_inc 0 prop_inc 0 fast_inc 0 eta_inc 2946393 multi_dec -292257 quick_dec -863840 nack_dec -132279766
Flow Uec_218_0 flowId 732 uecSrc 731 finished at 729247 total messages 1 total packets 3916 RTS 0 total bytes 16000776 in_flight now 0 fair_inc 0 prop_inc 0 fast_inc 0 eta_inc 2910510 multi_dec -290841 quick_dec -821705 nack_dec -132031306
Flow Uec_499_0 flowId 271 uecSrc 270 finished at 729548 total messages 1 total packets 3916 RTS 0 total bytes 16000776 in_flight now 0 fair_inc 0 prop_inc 0 fast_inc 0 eta_inc 2945064 multi_dec -288372 quick_dec -875264 nack_dec -132332636
Flow Uec_987_0 flowId 50 uecSrc 49 finished at 730142 total messages 1 total packets 3916 RTS 0 total bytes 16000776 in_flight now 0 fair_inc 0 prop_inc 0 fast_inc 0 eta_inc 3012843 multi_dec -292658 quick_dec -872991 nack_dec -131718976
Flow Uec_175_0 flowId 879 uecSrc 878 finished at 730157 total messages 1 total packets 3916 RTS 0 total bytes 16000776 in_flight now 0 fair_inc 0 prop_inc 0 fast_inc 0 eta_inc 2915826 multi_dec -283635 quick_dec -817251 nack_dec -131859772
Flow Uec_280_0 flowId 789 uecSrc 788 finished at 730191 total messages 1 total packets 3916 RTS 0 total bytes 16000776 in_flight now 0 fair_inc 0 prop_inc 0 fast_inc 0 eta_inc 2978289 multi_dec -322135 quick_dec -867288 nack_dec -131754200
Flow Uec_872_0 flowId 506 uecSrc 505 finished at 730873 total messages 1 total packets 3916 RTS 0 total bytes 16000776 in_flight now 0 fair_inc 0 prop_inc 0 fast_inc 0 eta_inc 2996895 multi_dec -323034 quick_dec -855854 nack_dec -131691174
Flow Uec_849_0 flowId 531 uecSrc 530 finished at 731148 total messages 1 total packets 3916 RTS 0 total bytes 16000776 in_flight now 0 fair_inc 0 prop_inc 0 fast_inc 0 eta_inc 2887917 multi_dec -294433 quick_dec -884701 nack_dec -133563870
Flow Uec_991_0 flowId 9 uecSrc 8 finished at 731189 total messages 1 total packets 3916 RTS 0 total bytes 16000776 in_flight now 0 fair_inc 0 prop_inc 0 fast_inc 0 eta_inc 2933103 multi_dec -273053 quick_dec -898678 nack_dec -132184518
Flow Uec_689_0 flowId 538 uecSrc 537 finished at 731261 total messages 1 total packets 3916 RTS 0 total bytes 16000776 in_flight now 0 fair_inc 0 prop_inc 0 fast_inc 0 eta_inc 2915826 multi_dec -275267 quick_dec -887664 nack_dec -132428390
Flow Uec_206_0 flowId 708 uecSrc 707 finished at 731806 total messages 1 total packets 3916 RTS 0 total bytes 16000776 in_flight now 0 fair_inc 0 prop_inc 0 fast_inc 0 eta_inc 2941077 multi_dec -305609 quick_dec -866252 nack_dec -133728318
Flow Uec_136_0 flowId 172 uecSrc 171 finished at 731832 total messages 1 total packets 3916 RTS 0 total bytes 16000776 in_flight now 0 fair_inc 0 prop_inc 0 fast_inc 0 eta_inc 2882601 multi_dec -281293 quick_dec -833654 nack_dec -132577722
Flow Uec_95_0 flowId 543 uecSrc 542 finished at 731930 total messages 1 total packets 3916 RTS 0 total bytes 16000776 in_flight now 0 fair_inc 0 prop_inc 0 fast_inc 0 eta_inc 3031449 multi_dec -299205 quick_dec -851585 nack_dec -132927874
Flow Uec_546_0 flowId 671 uecSrc 670 finished at 732047 total messages 1 total packets 3916 RTS 0 total bytes 16000776 in_flight now 0 fair_inc 0 prop_inc 0 fast_inc 0 eta_inc 2972973 multi_dec -305603 quick_dec -886821 nack_dec -131964332
Flow Uec_241_0 flowId 670 uecSrc 669 finished at 732407 total messages 1 total packets 3916 RTS 0 total bytes 16000776 in_flight now 0 fair_inc 0 prop_inc 0 fast_inc 0 eta_inc 2866653 multi_dec -276002 quick_dec -788822 nack_dec -132483824
Flow Uec_563_0 flowId 444 uecSrc 443 finished at 732507 total messages 1 total packets 3916 RTS 0 total bytes 16000776 in_flight now 0 fair_inc 0 prop_inc 0 fast_inc 0 eta_inc 2998224 multi_dec -322225 quick_dec -848747 nack_dec -132469316
Flow Uec_433_0 flowId 974 uecSrc 973 finished at 732512 total messages 1 total packets 3916 RTS 0 total bytes 16000776 in_flight now 0 fair_inc 0 prop_inc 0 fast_inc 0 eta_inc 2893233 multi_dec -294765 quick_dec -902834 nack_dec -132922948
Flow Uec_97_0 flowId 1007 uecSrc 1006 finished at 732714 total messages 1 total packets 3916 RTS 0 total bytes 16000776 in_flight now 0 fair_inc 0 prop_inc 0 fast_inc 0 eta_inc 2990250 multi_dec -337773 quick_dec -819399 nack_dec -132526910
Flow Uec_170_0 flowId 4 uecSrc 3 finished at 732743 total messages 1 total packets 3916 RTS 0 total bytes 16000776 in_flight now 0 fair_inc 0 prop_inc 0 fast_inc 0 eta_inc 2966328 multi_dec -310430 quick_dec -876687 nack_dec -132332096
Flow Uec_934_0 flowId 109 uecSrc 108 finished at 732892 total messages 1 total packets 3916 RTS 0 total bytes 16000776 in_flight now 0 fair_inc 0 prop_inc 0 fast_inc 0 eta_inc 2959683 multi_dec -276988 quick_dec -877986 nack_dec -132422182
Flow Uec_358_0 flowId 121 uecSrc 120 finished at 732945 total messages 1 total packets 3916 RTS 0 total bytes 16000776 in_flight now 0 fair_inc 0 prop_inc 0 fast_inc 0 eta_inc 2950380 multi_dec -260085 quick_dec -848305 nack_dec -132898588
Flow Uec_924_0 flowId 987 uecSrc 986 finished at 733014 total messages 1 total packets 3916 RTS 0 total bytes 16000776 in_flight now 0 fair_inc 0 prop_inc 0 fast_inc 0 eta_inc 2946393 multi_dec -305867 quick_dec -842563 nack_dec -133522100
Flow Uec_72_0 flowId 796 uecSrc 795 finished at 733036 total messages 1 total packets 3916 RTS 0 total bytes 16000776 in_flight now 0 fair_inc 0 prop_inc 0 fast_inc 0 eta_inc 2970315 multi_dec -299994 quick_dec -893280 nack_dec -132718316
Flow Uec_734_0 flowId 726 uecSrc 725 finished at 733071 total messages 1 total packets 3916 RTS 0 total bytes 16000776 in_flight now 0 fair_inc 0 prop_inc 0 fast_inc 0 eta_inc 2970315 multi_dec -290298 quick_dec -869587 nack_dec -131408806
Flow Uec_510_0 flowId 305 uecSrc 304 finished at 733076 total messages 1 total packets 3916 RTS 0 total bytes 16000776 in_flight now 0 fair_inc 0 prop_inc 0 fast_inc 0 eta_inc 2894562 multi_dec -279480 quick_dec -808234 nack_dec -132306150
Flow Uec_214_0 flowId 458 uecSrc 457 finished at 733085 total messages 1 total packets 3916 RTS 0 total bytes 16000776 in_flight now 0 fair_inc 0 prop_inc 0 fast_inc 0 eta_inc 2921142 multi_dec -300832 quick_dec -813758 nack_dec -132338574
Flow Uec_743_0 flowId 455 uecSrc 454 finished at 733232 total messages 1 total packets 3916 RTS 0 total bytes 16000776 in_flight now 0 fair_inc 0 prop_inc 0 fast_inc 0 eta_inc 2927787 multi_dec -316054 quick_dec -874680 nack_dec -132533152
Flow Uec_1006_0 flowId 147 uecSrc 146 finished at 733285 total messages 1 total packets 3916 RTS 0 total bytes 16000776 in_flight now 0 fair_inc 0 prop_inc 0 fast_inc 0 eta_inc 2957025 multi_dec -347026 quick_dec -849110 nack_dec -132668786
Flow Uec_1011_0 flowId 351 uecSrc 350 finished at 733558 total messages 1 total packets 3916 RTS 0 total bytes 16000776 in_flight now 0 fair_inc 0 prop_inc 0 fast_inc 0 eta_inc 3027462 multi_dec -312373 quick_dec -861358 nack_dec -132514696
Flow Uec_795_0 flowId 907 uecSrc 906 finished at 733869 total messages 1 total packets 3916 RTS 0 total bytes 16000776 in_flight now 0 fair_inc 0 prop_inc 0 fast_inc 0 eta_inc 2895891 multi_dec -269193 quick_dec -859605 nack_dec -132553868
Flow Uec_352_0 flowId 776 uecSrc 775 finished at 733872 total messages 1 total packets 3916 RTS 0 total bytes 16000776 in_flight now 0 fair_inc 0 prop_inc 0 fast_inc 0 eta_inc 3052713 multi_dec -304026 quick_dec -910313 nack_dec -132361146
Flow Uec_772_0 flowId 377 uecSrc 376 finished at 734083 total messages 1 total packets 3916 RTS 0 total bytes 16000776 in_flight now 0 fair_inc 0 prop_inc 0 fast_inc 0 eta_inc 2982276 multi_dec -318478 quick_dec -881389 nack_dec -132788596
Flow Uec_385_0 flowId 320 uecSrc 319 finished at 734134 total messages 1 total packets 3916 RTS 0 total bytes 16000776 in_flight now 0 fair_inc 0 prop_inc 0 fast_inc 0 eta_inc 2975631 multi_dec -274845 quick_dec -873699 nack_dec -131534014
Flow Uec_605_0 flowId 717 uecSrc 716 finished at 734174 total messages 1 total packets 3916 RTS 0 total bytes 16000776 in_flight now 0 fair_inc 0 prop_inc 0 fast_inc 0 eta_inc 2935761 multi_dec -307291 quick_dec -910332 nack_dec -132120716
Flow Uec_328_0 flowId 583 uecSrc 582 finished at 734333 total messages 1 total packets 3916 RTS 0 total bytes 16000776 in_flight now 0 fair_inc 0 prop_inc 0 fast_inc 0 eta_inc 2907852 multi_dec -284336 quick_dec -841180 nack_dec -133807168
Flow Uec_327_0 flowId 369 uecSrc 368 finished at 734441 total messages 1 total packets 3916 RTS 0 total bytes 16000776 in_flight now 0 fair_inc 0 prop_inc 0 fast_inc 0 eta_inc 2922471 multi_dec -291397 quick_dec -798812 nack_dec -134794362
Flow Uec_905_0 flowId 104 uecSrc 103 finished at 734532 total messages 1 total packets 3916 RTS 0 total bytes 16000776 in_flight now 0 fair_inc 0 prop_inc 0 fast_inc 0 eta_inc 2941077 multi_dec -249244 quick_dec -884481 nack_dec -131829946
Flow Uec_99_0 flowId 677 uecSrc 676 finished at 734666 total messages 1 total packets 3916 RTS 0 total bytes 16000776 in_flight now 0 fair_inc 0 prop_inc 0 fast_inc 0 eta_inc 2913168 multi_dec -295348 quick_dec -862906 nack_dec -133093098
Flow Uec_1012_0 flowId 496 uecSrc 495 finished at 734930 total messages 1 total packets 3916 RTS 0 total bytes 16000776 in_flight now 0 fair_inc 0 prop_inc 0 fast_inc 0 eta_inc 2858679 multi_dec -264192 quick_dec -889145 nack_dec -132701446
Flow Uec_573_0 flowId 432 uecSrc 431 finished at 734987 total messages 1 total packets 3916 RTS 0 total bytes 16000776 in_flight now 0 fair_inc 0 prop_inc 0 fast_inc 0 eta_inc 2945064 multi_dec -304510 quick_dec -833589 nack_dec -133475168
Flow Uec_688_0 flowId 443 uecSrc 442 finished at 735032 total messages 1 total packets 3916 RTS 0 total bytes 16000776 in_flight now 0 fair_inc 0 prop_inc 0 fast_inc 0 eta_inc 2961012 multi_dec -325898 quick_dec -817389 nack_dec -132409124
Flow Uec_230_0 flowId 629 uecSrc 628 finished at 735047 total messages 1 total packets 3916 RTS 0 total bytes 16000776 in_flight now 0 fair_inc 0 prop_inc 0 fast_inc 0 eta_inc 2898549 multi_dec -304661 quick_dec -879257 nack_dec -133627976
Flow Uec_250_0 flowId 539 uecSrc 538 finished at 735057 total messages 1 total packets 3916 RTS 0 total bytes 16000776 in_flight now 0 fair_inc 0 prop_inc 0 fast_inc 0 eta_inc 2964999 multi_dec -323456 quick_dec -916679 nack_dec -132096862
Flow Uec_305_0 flowId 388 uecSrc 387 finished at 735060 total messages 1 total packets 3916 RTS 0 total bytes 16000776 in_flight now 0 fair_inc 0 prop_inc 0 fast_inc 0 eta_inc 2942406 multi_dec -287939 quick_dec -856208 nack_dec -132212286
Flow Uec_792_0 flowId 178 uecSrc 177 finished at 735060 total messages 1 total packets 3916 RTS 0 total bytes 16000776 in_flight now 0 fair_inc 0 prop_inc 0 fast_inc 0 eta_inc 2966328 multi_dec -310978 quick_dec -856472 nack_dec -132720374
Flow Uec_494_0 flowId 12 uecSrc 11 finished at 735095 total messages 1 total packets 3916 RTS 0 total bytes 16000776 in_flight now 0 fair_inc 0 prop_inc 0 fast_inc 0 eta_inc 2955696 multi_dec -279832 quick_dec -839284 nack_dec -133867090
Flow Uec_632_0 flowId 523 uecSrc 522 finished at 735118 total messages 1 total packets 3916 RTS 0 total bytes 16000776 in_flight now 0 fair_inc 0 prop_inc 0 fast_inc 0 eta_inc 2957025 multi_dec -314865 quick_dec -848249 nack_dec -133459850
Flow Uec_765_0 flowId 78 uecSrc 77 finished at 735311 total messages 1 total packets 3916 RTS 0 total bytes 16000776 in_flight now 0 fair_inc 0 prop_inc 0 fast_inc 0 eta_inc 3026133 multi_dec -290585 quick_dec -851916 nack_dec -132806748
Flow Uec_94_0 flowId 816 uecSrc 815 finished at 735331 total messages 1 total packets 3916 RTS 0 total bytes 16000776 in_flight now 0 fair_inc 0 prop_inc 0 fast_inc 0 eta_inc 3011514 multi_dec -296035 quick_dec -863509 nack_dec -133980186
Flow Uec_375_0 flowId 427 uecSrc 426 finished at 735404 total messages 1 total packets 3916 RTS 0 total bytes 16000776 in_flight now 0 fair_inc 0 prop_inc 0 fast_inc 0 eta_inc 2958354 multi_dec -302237 quick_dec -880723 nack_dec -133219420
Flow Uec_539_0 flowId 340 uecSrc 339 finished at 735486 total messages 1 total packets 3916 RTS 0 total bytes 16000776 in_flight now 0 fair_inc 0 prop_inc 0 fast_inc 0 eta_inc 2949051 multi_dec -282005 quick_dec -880736 nack_dec -132536222
Flow Uec_349_0 flowId 654 uecSrc 653 finished at 735506 total messages 1 total packets 3916 RTS 0 total bytes 16000776 in_flight now 0 fair_inc 0 prop_inc 0 fast_inc 0 eta_inc 2958354 multi_dec -306402 quick_dec -927425 nack_dec -133963046
Flow Uec_521_0 flowId 900 uecSrc 899 finished at 735608 total messages 1 total packets 3916 RTS 0 total bytes 16000776 in_flight now 0 fair_inc 0 prop_inc 0 fast_inc 0 eta_inc 2935761 multi_dec -266922 quick_dec -873068 nack_dec -134417488
Flow Uec_465_0 flowId 499 uecSrc 498 finished at 735668 total messages 1 total packets 3916 RTS 0 total bytes 16000776 in_flight now 0 fair_inc 0 prop_inc 0 fast_inc 0 eta_inc 2951709 multi_dec -302205 quick_dec -806898 nack_dec -133848398
Flow Uec_414_0 flowId 915 uecSrc 914 finished at 735684 total messages 1 total packets 3916 RTS 0 total bytes 16000776 in_flight now 0 fair_inc 0 prop_inc 0 fast_inc 0 eta_inc 2921142 multi_dec -290381 quick_dec -868201 nack_dec -133997798
Flow Uec_775_0 flowId 606 uecSrc 605 finished at 735717 total messages 1 total packets 3916 RTS 0 total bytes 16000776 in_flight now 0 fair_inc 0 prop_inc 0 fast_inc 0 eta_inc 3024804 multi_dec -301965 quick_dec -887592 nack_dec -134658694
Flow Uec_406_0 flowId 402 uecSrc 401 finished at 735727 total messages 1 total packets 3916 RTS 0 total bytes 16000776 in_flight now 0 fair_inc 0 prop_inc 0 fast_inc 0 eta_inc 2934432 multi_dec -274401 quick_dec -849561 nack_dec -134445762
Flow Uec_811_0 flowId 729 uecSrc 728 finished at 735740 total messages 1 total packets 3916 RTS 0 total bytes 16000776 in_flight now 0 fair_inc 0 prop_inc 0 fast_inc 0 eta_inc 2931774 multi_dec -299221 quick_dec -874948 nack_dec -133606146
Flow Uec_787_0 flowId 535 uecSrc 534 finished at 735746 total messages 1 total packets 3916 RTS 0 total bytes 16000776 in_flight now 0 fair_inc 0 prop_inc 0 fast_inc 0 eta_inc 2946393 multi_dec -293990 quick_dec -821027 nack_dec -133796000
Flow Uec_481_0 flowId 889 uecSrc 888 finished at 735782 total messages 1 total packets 3916 RTS 0 total bytes 16000776 in_flight now 0 fair_inc 0 prop_inc 0 fast_inc 0 eta_inc 3026133 multi_dec -310093 quick_dec -896171 nack_dec -131840844
Flow Uec_113_0 flowId 801 uecSrc 800 finished at 735791 total messages 1 total packets 3916 RTS 0 total bytes 16000776 in_flight now 0 fair_inc 0 prop_inc 0 fast_inc 0 eta_inc 2958354 multi_dec -296456 quick_dec -886984 nack_dec -132592500
Flow Uec_725_0 flowId 600 uecSrc 599 finished at 735894 total messages 1 total packets 3916 RTS 0 total bytes 16000776 in_flight now 0 fair_inc 0 prop_inc 0 fast_inc 0 eta_inc 2955696 multi_dec -355821 quick_dec -860340 nack_dec -133094650
Flow Uec_986_0 flowId 588 uecSrc 587 finished at 735947 total messages 1 total packets 3916 RTS 0 total bytes 16000776 in_flight now 0 fair_inc 0 prop_inc 0 fast_inc 0 eta_inc 2897220 multi_dec -315619 quick_dec -779441 nack_dec -134790448
Flow Uec_507_0 flowId 38 uecSrc 37 finished at 736069 total messages 1 total packets 3916 RTS 0 total bytes 16000776 in_flight now 0 fair_inc 0 prop_inc 0 fast_inc 0 eta_inc 2938419 multi_dec -287677 quick_dec -852546 nack_dec -133028520
Flow Uec_750_0 flowId 52 uecSrc 51 finished at 736108 total messages 1 total packets 3916 RTS 0 total bytes 16000776 in_flight now 0 fair_inc 0 prop_inc 0 fast_inc 0 eta_inc 3039423 multi_dec -306550 quick_dec -878520 nack_dec -133120866
Flow Uec_684_0 flowId 550 uecSrc 549 finished at 736235 total messages 1 total packets 3916 RTS 0 total bytes 16000776 in_flight now 0 fair_inc 0 prop_inc 0 fast_inc 0 eta_inc 2939748 multi_dec -290444 quick_dec -871074 nack_dec -132493946
Flow Uec_767_0 flowId 611 uecSrc 610 finished at 736379 total messages 1 total packets 3916 RTS 0 total bytes 16000776 in_flight now 0 fair_inc 0 prop_inc 0 fast_inc 0 eta_inc 2927787 multi_dec -337345 quick_dec -860300 nack_dec -132684340
Flow Uec_863_0 flowId 802 uecSrc 801 finished at 736410 total messages 1 total packets 3916 RTS 0 total bytes 16000776 in_flight now 0 fair_inc 0 prop_inc 0 fast_inc 0 eta_inc 2992908 multi_dec -314483 quick_dec -866463 nack_dec -133569572
Flow Uec_659_0 flowId 461 uecSrc 460 finished at 736435 total messages 1 total packets 3916 RTS 0 total bytes 16000776 in_flight now 0 fair_inc 0 prop_inc 0 fast_inc 0 eta_inc 2975631 multi_dec -342703 quick_dec -848415 nack_dec -133830516
Flow Uec_624_0 flowId 860 uecSrc 859 finished at 736452 total messages 1 total packets 3916 RTS 0 total bytes 16000776 in_flight now 0 fair_inc 0 prop_inc 0 fast_inc 0 eta_inc 2930445 multi_dec -308380 quick_dec -831276 nack_dec -133867090
Flow Uec_682_0 flowId 697 uecSrc 696 finished at 736467 total messages 1 total packets 3916 RTS 0 total bytes 16000776 in_flight now 0 fair_inc 0 prop_inc 0 fast_inc 0 eta_inc 3000882 multi_dec -318940 quick_dec -874497 nack_dec -133279848
Flow Uec_966_0 flowId 151 uecSrc 150 finished at 736559 total messages 1 total packets 3916 RTS 0 total bytes 16000776 in_flight now 0 fair_inc 0 prop_inc 0 fast_inc 0 eta_inc 2987592 multi_dec -323335 quick_dec -881009 nack_dec -133819618
Flow Uec_366_0 flowId 835 uecSrc 834 finished at 736628 total messages 1 total packets 3916 RTS 0 total bytes 16000776 in_flight now 0 fair_inc 0 prop_inc 0 fast_inc 0 eta_inc 2967657 multi_dec -305739 quick_dec -868561 nack_dec -134070170
Flow Uec_758_0 flowId 25 uecSrc 24 finished at 736633 total messages 1 total packets 3916 RTS 0 total bytes 16000776 in_flight now 0 fair_inc 0 prop_inc 0 fast_inc 0 eta_inc 2978289 multi_dec -317253 quick_dec -838956 nack_dec -133204372
Flow Uec_609_0 flowId 32 uecSrc 31 finished at 736642 total messages 1 total packets 3916 RTS 0 total bytes 16000776 in_flight now 0 fair_inc 0 prop_inc 0 fast_inc 0 eta_inc 2942406 multi_dec -297956 quick_dec -872981 nack_dec -133500406
Flow Uec_216_0 flowId 302 uecSrc 301 finished at 736697 total messages 1 total packets 3916 RTS 0 total bytes 16000776 in_flight now 0 fair_inc 0 prop_inc 0 fast_inc 0 eta_inc 2998224 multi_dec -315569 quick_dec -859570 nack_dec -133134868
Flow Uec_255_0 flowId 94 uecSrc 93 finished at 736771 total messages 1 total packets 3916 RTS 0 total bytes 16000776 in_flight now 0 fair_inc 0 prop_inc 0 fast_inc 0 eta_inc 2959683 multi_dec -300980 quick_dec -901725 nack_dec -134422684
Flow Uec_668_0 flowId 1011 uecSrc 1010 finished at 736837 total messages 1 total packets 3916 RTS 0 total bytes 16000776 in_flight now 0 fair_inc 0 prop_inc 0 fast_inc 0 eta_inc 2968986 multi_dec -309776 quick_dec -858675 nack_dec -134476364
Flow Uec_369_0 flowId 375 uecSrc 374 finished at 736842 total messages 1 total packets 3916 RTS 0 total bytes 16000776 in_flight now 0 fair_inc 0 prop_inc 0 fast_inc 0 eta_inc 2910510 multi_dec -303378 quick_dec -851616 nack_dec -133798598
Flow Uec_395_0 flowId 63 uecSrc 62 finished at 736843 total messages 1 total packets 3916 RTS 0 total bytes 16000776 in_flight now 0 fair_inc 0 prop_inc 0 fast_inc 0 eta_inc 3026133 multi_dec -331199 quick_dec -884424 nack_dec -133738204
Flow Uec_337_0 flowId 246 uecSrc 245 finished at 736882 total messages 1 total packets 3916 RTS 0 total bytes 16000776 in_flight now 0 fair_inc 0 prop_inc 0 fast_inc 0 eta_inc 2984934 multi_dec -306121 quick_dec -867619 nack_dec -134750500
Flow Uec_343_0 flowId 545 uecSrc 544 finished at 736941 total messages 1 total packets 3916 RTS 0 total bytes 16000776 in_flight now 0 fair_inc 0 prop_inc 0 fast_inc 0 eta_inc 2992908 multi_dec -318602 quick_dec -850827 nack_dec -133649198
Flow Uec_817_0 flowId 916 uecSrc 915 finished at 736956 total messages 1 total packets 3916 RTS 0 total bytes 16000776 in_flight now 0 fair_inc 0 prop_inc 0 fast_inc 0 eta_inc 3012843 multi_dec -312840 quick_dec -851621 nack_dec -134623470
Flow Uec_228_0 flowId 970 uecSrc 969 finished at 737048 total messages 1 total packets 3916 RTS 0 total bytes 16000776 in_flight now 0 fair_inc 0 prop_inc 0 fast_inc 0 eta_inc 2975631 multi_dec -291500 quick_dec -879075 nack_dec -133764386
Flow Uec_998_0 flowId 595 uecSrc 594 finished at 737110 total messages 1 total packets 3916 RTS 0 total bytes 16000776 in_flight now 0 fair_inc 0 prop_inc 0 fast_inc 0 eta_inc 2982276 multi_dec -329252 quick_dec -879068 nack_dec -133662424
Flow Uec_122_0 flowId 101 uecSrc 100 finished at 737180 total messages 1 total packets 3916 RTS 0 total bytes 16000776 in_flight now 0 fair_inc 0 prop_inc 0 fast_inc 0 eta_inc 2998224 multi_dec -299595 quick_dec -892087 nack_dec -133086350
Flow Uec_311_0 flowId 930 uecSrc 929 finished at 737190 total messages 1 total packets 3916 RTS 0 total bytes 16000776 in_flight now 0 fair_inc 0 prop_inc 0 fast_inc 0 eta_inc 2890575 multi_dec -272214 quick_dec -874934 nack_dec -132345592
Flow Uec_477_0 flowId 68 uecSrc 67 finished at 737262 total messages 1 total packets 3916 RTS 0 total bytes 16000776 in_flight now 0 fair_inc 0 prop_inc 0 fast_inc 0 eta_inc 2959683 multi_dec -318155 quick_dec -832658 nack_dec -134644962
Flow Uec_314_0 flowId 730 uecSrc 729 finished at 737280 total messages 1 total packets 3916 RTS 0 total bytes 16000776 in_flight now 0 fair_inc 0 prop_inc 0 fast_inc 0 eta_inc 2947722 multi_dec -289096 quick_dec -880939 nack_dec -134038522
Flow Uec_456_0 flowId 47 uecSrc 46 finished at 737347 total messages 1 total packets 3916 RTS 0 total bytes 16000776 in_flight now 0 fair_inc 0 prop_inc 0 fast_inc 0 eta_inc 2963670 multi_dec -305254 quick_dec -843838 nack_dec -133313824
Flow Uec_666_0 flowId 982 uecSrc 981 finished at 737397 total messages 1 total packets 3916 RTS 0 total bytes 16000776 in_flight now 0 fair_inc 0 prop_inc 0 fast_inc 0 eta_inc 2909181 multi_dec -299308 quick_dec -847833 nack_dec -133522100
Flow Uec_608_0 flowId 883 uecSrc 882 finished at 737409 total messages 1 total packets 3916 RTS 0 total bytes 16000776 in_flight now 0 fair_inc 0 prop_inc 0 fast_inc 0 eta_inc 2990250 multi_dec -291180 quick_dec -882513 nack_dec -133676696
Flow Uec_449_0 flowId 968 uecSrc 967 finished at 737440 total messages 1 total packets 3916 RTS 0 total bytes 16000776 in_flight now 0 fair_inc 0 prop_inc 0 fast_inc 0 eta_inc 2870640 multi_dec -297569 quick_dec -846400 nack_dec -133953700
Flow Uec_852_0 flowId 35 uecSrc 34 finished at 737456 total messages 1 total packets 3916 RTS 0 total bytes 16000776 in_flight now 0 fair_inc 0 prop_inc 0 fast_inc 0 eta_inc 2926458 multi_dec -304005 quick_dec -866688 nack_dec -134474036
Flow Uec_796_0 flowId 355 uecSrc 354 finished at 737508 total messages 1 total packets 3916 RTS 0 total bytes 16000776 in_flight now 0 fair_inc 0 prop_inc 0 fast_inc 0 eta_inc 2910510 multi_dec -295630 quick_dec -797920 nack_dec -135091846
Flow Uec_757_0 flowId 383 uecSrc 382 finished at 737525 total messages 1 total packets 3916 RTS 0 total bytes 16000776 in_flight now 0 fair_inc 0 prop_inc 0 fast_inc 0 eta_inc 2986263 multi_dec -330327 quick_dec -826903 nack_dec -133749574
Flow Uec_195_0 flowId 931 uecSrc 930 finished at 737562 total messages 1 total packets 3916 RTS 0 total bytes 16000776 in_flight now 0 fair_inc 0 prop_inc 0 fast_inc 0 eta_inc 2954367 multi_dec -322563 quick_dec -859006 nack_dec -133384138
Flow Uec_502_0 flowId 892 uecSrc 891 finished at 737601 total messages 1 total packets 3916 RTS 0 total bytes 16000776 in_flight now 0 fair_inc 0 prop_inc 0 fast_inc 0 eta_inc 2958354 multi_dec -257230 quick_dec -834446 nack_dec -134061634
Flow Uec_733_0 flowId 638 uecSrc 637 finished at 737607 total messages 1 total packets 3916 RTS 0 total bytes 16000776 in_flight now 0 fair_inc 0 prop_inc 0 fast_inc 0 eta_inc 2937090 multi_dec -280215 quick_dec -851149 nack_dec -133026698
Flow Uec_846_0 flowId 753 uecSrc 752 finished at 737711 total messages 1 total packets 3916 RTS 0 total bytes 16000776 in_flight now 0 fair_inc 0 prop_inc 0 fast_inc 0 eta_inc 3016830 multi_dec -315852 quick_dec -883282 nack_dec -133781998
Flow Uec_492_0 flowId 919 uecSrc 918 finished at 737741 total messages 1 total packets 3916 RTS 0 total bytes 16000776 in_flight now 0 fair_inc 0 prop_inc 0 fast_inc 0 eta_inc 2918484 multi_dec -270940 quick_dec -848519 nack_dec -134945550
Flow Uec_691_0 flowId 906 uecSrc 905 finished at 737750 total messages 1 total packets 3916 RTS 0 total bytes 16000776 in_flight now 0 fair_inc 0 prop_inc 0 fast_inc 0 eta_inc 2988921 multi_dec -304618 quick_dec -839984 nack_dec -133413424
Flow Uec_116_0 flowId 426 uecSrc 425 finished at 737758 total messages 1 total packets 3916 RTS 0 total bytes 16000776 in_flight now 0 fair_inc 0 prop_inc 0 fast_inc 0 eta_inc 2970315 multi_dec -322261 quick_dec -873645 nack_dec -132461016
Flow Uec_445_0 flowId 14 uecSrc 13 finished at 737932 total messages 1 total packets 3916 RTS 0 total bytes 16000776 in_flight now 0 fair_inc 0 prop_inc 0 fast_inc 0 eta_inc 2878614 multi_dec -304914 quick_dec -832161 nack_dec -134562198
Flow Uec_163_0 flowId 725 uecSrc 724 finished at 737969 total messages 1 total packets 3916 RTS 0 total bytes 16000776 in_flight now 0 fair_inc 0 prop_inc 0 fast_inc 0 eta_inc 2968986 multi_dec -301616 quick_dec -873611 nack_dec -134180398
Flow Uec_629_0 flowId 241 uecSrc 240 finished at 738084 total messages 1 total packets 3916 RTS 0 total bytes 16000776 in_flight now 0 fair_inc 0 prop_inc 0 fast_inc 0 eta_inc 2911839 multi_dec -292149 quick_dec -854553 nack_dec -133102174
Flow Uec_78_0 flowId 206 uecSrc 205 finished at 738130 total messages 1 total packets 3916 RTS 0 total bytes 16000776 in_flight now 0 fair_inc 0 prop_inc 0 fast_inc 0 eta_inc 2886588 multi_dec -283661 quick_dec -824731 nack_dec -135710770
Flow Uec_110_0 flowId 515 uecSrc 514 finished at 738206 total messages 1 total packets 3916 RTS 0 total bytes 16000776 in_flight now 0 fair_inc 0 prop_inc 0 fast_inc 0 eta_inc 3023475 multi_dec -304431 quick_dec -885443 nack_dec -133434174
Flow Uec_65_0 flowId 1018 uecSrc 1017 finished at 738216 total messages 1 total packets 3916 RTS 0 total bytes 16000776 in_flight now 0 fair_inc 0 prop_inc 0 fast_inc 0 eta_inc 2967657 multi_dec -295384 quick_dec -823416 nack_dec -133523416
Flow Uec_619_0 flowId 650 uecSrc 649 finished at 738247 total messages 1 total packets 3916 RTS 0 total bytes 16000776 in_flight now 0 fair_inc 0 prop_inc 0 fast_inc 0 eta_inc 2931774 multi_dec -284006 quick_dec -852295 nack_dec -133317738
Flow Uec_266_0 flowId 568 uecSrc 567 finished at 738255 total messages 1 total packets 3916 RTS 0 total bytes 16000776 in_flight now 0 fair_inc 0 prop_inc 0 fast_inc 0 eta_inc 2909181 multi_dec -273030 quick_dec -856391 nack_dec -133959672
Flow Uec_582_0 flowId 294 uecSrc 293 finished at 738259 total messages 1 total packets 3916 RTS 0 total bytes 16000776 in_flight now 0 fair_inc 0 prop_inc 0 fast_inc 0 eta_inc 2856021 multi_dec -260228 quick_dec -871384 nack_dec -133401750
Flow Uec_829_0 flowId 852 uecSrc 851 finished at 738315 total messages 1 total packets 3916 RTS 0 total bytes 16000776 in_flight now 0 fair_inc 0 prop_inc 0 fast_inc 0 eta_inc 2926458 multi_dec -276619 quick_dec -877676 nack_dec -133848162
Flow Uec_583_0 flowId 1022 uecSrc 1021 finished at 738319 total messages 1 total packets 3916 RTS 0 total bytes 16000776 in_flight now 0 fair_inc 0 prop_inc 0 fast_inc 0 eta_inc 2966328 multi_dec -314293 quick_dec -887522 nack_dec -133857744
Flow Uec_132_0 flowId 95 uecSrc 94 finished at 738350 total messages 1 total packets 3916 RTS 0 total bytes 16000776 in_flight now 0 fair_inc 0 prop_inc 0 fast_inc 0 eta_inc 3003540 multi_dec -325817 quick_dec -839075 nack_dec -133861692
Flow Uec_480_0 flowId 20 uecSrc 19 finished at 738359 total messages 1 total packets 3916 RTS 0 total bytes 16000776 in_flight now 0 fair_inc 0 prop_inc 0 fast_inc 0 eta_inc 2972973 multi_dec -313462 quick_dec -855170 nack_dec -134265760
Flow Uec_149_0 flowId 250 uecSrc 249 finished at 738379 total messages 1 total packets 3916 RTS 0 total bytes 16000776 in_flight now 0 fair_inc 0 prop_inc 0 fast_inc 0 eta_inc 2954367 multi_dec -333911 quick_dec -858154 nack_dec -134958540
Flow Uec_753_0 flowId 736 uecSrc 735 finished at 738402 total messages 1 total packets 3916 RTS 0 total bytes 16000776 in_flight now 0 fair_inc 0 prop_inc 0 fast_inc 0 eta_inc 2937090 multi_dec -291077 quick_dec -898573 nack_dec -134434324
Flow Uec_509_0 flowId 782 uecSrc 781 finished at 738436 total messages 1 total packets 3916 RTS 0 total bytes 16000776 in_flight now 0 fair_inc 0 prop_inc 0 fast_inc 0 eta_inc 2992908 multi_dec -299069 quick_dec -808400 nack_dec -133819348
Flow Uec_835_0 flowId 486 uecSrc 485 finished at 738444 total messages 1 total packets 3916 RTS 0 total bytes 16000776 in_flight now 0 fair_inc 0 prop_inc 0 fast_inc 0 eta_inc 2929116 multi_dec -308091 quick_dec -838305 nack_dec -132122268
Flow Uec_955_0 flowId 533 uecSrc 532 finished at 738490 total messages 1 total packets 3916 RTS 0 total bytes 16000776 in_flight now 0 fair_inc 0 prop_inc 0 fast_inc 0 eta_inc 2941077 multi_dec -283417 quick_dec -855302 nack_dec -134056944
Flow Uec_771_0 flowId 593 uecSrc 592 finished at 738588 total messages 1 total packets 3916 RTS 0 total bytes 16000776 in_flight now 0 fair_inc 0 prop_inc 0 fast_inc 0 eta_inc 3024804 multi_dec -325672 quick_dec -871425 nack_dec -133912200
Flow Uec_842_0 flowId 715 uecSrc 714 finished at 738595 total messages 1 total packets 3916 RTS 0 total bytes 16000776 in_flight now 0 fair_inc 0 prop_inc 0 fast_inc 0 eta_inc 2893233 multi_dec -304016 quick_dec -828432 nack_dec -134346398
Flow Uec_932_0 flowId 218 uecSrc 217 finished at 738606 total messages 1 total packets 3916 RTS 0 total bytes 16000776 in_flight now 0 fair_inc 0 prop_inc 0 fast_inc 0 eta_inc 3015501 multi_dec -311564 quick_dec -891231 nack_dec -134139944
Flow Uec_180_0 flowId 274 uecSrc 273 finished at 738619 total messages 1 total packets 3916 RTS 0 total bytes 16000776 in_flight now 0 fair_inc 0 prop_inc 0 fast_inc 0 eta_inc 2923800 multi_dec -300329 quick_dec -873770 nack_dec -133924144
Flow Uec_345_0 flowId 500 uecSrc 499 finished at 738680 total messages 1 total packets 3916 RTS 0 total bytes 16000776 in_flight now 0 fair_inc 0 prop_inc 0 fast_inc 0 eta_inc 2957025 multi_dec -303453 quick_dec -850307 nack_dec -133534550
Flow Uec_167_0 flowId 344 uecSrc 343 finished at 738696 total messages 1 total packets 3916 RTS 0 total bytes 16000776 in_flight now 0 fair_inc 0 prop_inc 0 fast_inc 0 eta_inc 2929116 multi_dec -293874 quick_dec -926066 nack_dec -132639196
Flow Uec_429_0 flowId 466 uecSrc 465 finished at 738731 total messages 1 total packets 3916 RTS 0 total bytes 16000776 in_flight now 0 fair_inc 0 prop_inc 0 fast_inc 0 eta_inc 2961012 multi_dec -310548 quick_dec -850496 nack_dec -134207120
Flow Uec_1017_0 flowId 814 uecSrc 813 finished at 738768 total messages 1 total packets 3916 RTS 0 total bytes 16000776 in_flight now 0 fair_inc 0 prop_inc 0 fast_inc 0 eta_inc 2986263 multi_dec -313142 quick_dec -896253 nack_dec -133650784
Flow Uec_893_0 flowId 70 uecSrc 69 finished at 738776 total messages 1 total packets 3916 RTS 0 total bytes 16000776 in_flight now 0 fair_inc 0 prop_inc 0 fast_inc 0 eta_inc 3040752 multi_dec -313686 quick_dec -907774 nack_dec -132719598
Flow Uec_498_0 flowId 245 uecSrc 244 finished at 738824 total messages 1 total packets 3916 RTS 0 total bytes 16000776 in_flight now 0 fair_inc 0 prop_inc 0 fast_inc 0 eta_inc 3031449 multi_dec -299608 quick_dec -841695 nack_dec -134533148
Flow Uec_547_0 flowId 385 uecSrc 384 finished at 738874 total messages 1 total packets 3916 RTS 0 total bytes 16000776 in_flight now 0 fair_inc 0 prop_inc 0 fast_inc 0 eta_inc 2935761 multi_dec -291218 quick_dec -821306 nack_dec -135053720
Flow Uec_76_0 flowId 314 uecSrc 313 finished at 739025 total messages 1 total packets 3916 RTS 0 total bytes 16000776 in_flight now 0 fair_inc 0 prop_inc 0 fast_inc 0 eta_inc 2926458 multi_dec -280702 quick_dec -855740 nack_dec -134085724
Flow Uec_330_0 flowId 783 uecSrc 782 finished at 739036 total messages 1 total packets 3916 RTS 0 total bytes 16000776 in_flight now 0 fair_inc 0 prop_inc 0 fast_inc 0 eta_inc 2955696 multi_dec -301816 quick_dec -860436 nack_dec -134294000
Flow Uec_100_0 flowId 251 uecSrc 250 finished at 739077 total messages 1 total packets 3916 RTS 0 total bytes 16000776 in_flight now 0 fair_inc 0 prop_inc 0 fast_inc 0 eta_inc 2931774 multi_dec -286170 quick_dec -888682 nack_dec -134199090
Flow Uec_391_0 flowId 977 uecSrc 976 finished at 739087 total messages 1 total packets 3916 RTS 0 total bytes 16000776 in_flight now 0 fair_inc 0 prop_inc 0 fast_inc 0 eta_inc 2937090 multi_dec -309965 quick_dec -833975 nack_dec -134097398
Flow Uec_134_0 flowId 721 uecSrc 720 finished at 739153 total messages 1 total packets 3916 RTS 0 total bytes 16000776 in_flight now 0 fair_inc 0 prop_inc 0 fast_inc 0 eta_inc 2979618 multi_dec -280321 quick_dec -891393 nack_dec -134899664
Flow Uec_154_0 flowId 519 uecSrc 518 finished at 739193 total messages 1 total packets 3916 RTS 0 total bytes 16000776 in_flight now 0 fair_inc 0 prop_inc 0 fast_inc 0 eta_inc 2971644 multi_dec -300836 quick_dec -853946 nack_dec -133857474
Flow Uec_493_0 flowId 844 uecSrc 843 finished at 739269 total messages 1 total packets 3916 RTS 0 total bytes 16000776 in_flight now 0 fair_inc 0 prop_inc 0 fast_inc 0 eta_inc 2914497 multi_dec -278623 quick_dec -858895 nack_dec -133352760
Flow Uec_181_0 flowId 177 uecSrc 176 finished at 739275 total messages 1 total packets 3916 RTS 0 total bytes 16000776 in_flight now 0 fair_inc 0 prop_inc 0 fast_inc 0 eta_inc 2934432 multi_dec -301647 quick_dec -852687 nack_dec -134778774
Flow Uec_199_0 flowId 700 uecSrc 699 finished at 739284 total messages 1 total packets 3916 RTS 0 total bytes 16000776 in_flight now 0 fair_inc 0 prop_inc 0 fast_inc 0 eta_inc 2945064 multi_dec -300115 quick_dec -854128 nack_dec -135056588
Flow Uec_773_0 flowId 806 uecSrc 805 finished at 739302 total messages 1 total packets 3916 RTS 0 total bytes 16000776 in_flight now 0 fair_inc 0 prop_inc 0 fast_inc 0 eta_inc 2984934 multi_dec -287252 quick_dec -863922 nack_dec -134186640
Flow Uec_303_0 flowId 624 uecSrc 623 finished at 739354 total messages 1 total packets 3916 RTS 0 total bytes 16000776 in_flight now 0 fair_inc 0 prop_inc 0 fast_inc 0 eta_inc 2998224 multi_dec -312620 quick_dec -837042 nack_dec -134464792
Flow Uec_690_0 flowId 812 uecSrc 811 finished at 739432 total messages 1 total packets 3916 RTS 0 total bytes 16000776 in_flight now 0 fair_inc 0 prop_inc 0 fast_inc 0 eta_inc 2958354 multi_dec -294452 quick_dec -874766 nack_dec -133577096
Flow Uec_910_0 flowId 871 uecSrc 870 finished at 739465 total messages 1 total packets 3916 RTS 0 total bytes 16000776 in_flight now 0 fair_inc 0 prop_inc 0 fast_inc 0 eta_inc 2866653 multi_dec -259619 quick_dec -820667 nack_dec -134905872
Flow Uec_490_0 flowId 347 uecSrc 346 finished at 739471 total messages 1 total packets 3916 RTS 0 total bytes 16000776 in_flight now 0 fair_inc 0 prop_inc 0 fast_inc 0 eta_inc 2987592 multi_dec -333228 quick_dec -846643 nack_dec -133538700
Flow Uec_814_0 flowId 793 uecSrc 792 finished at 739495 total messages 1 total packets 3916 RTS 0 total bytes 16000776 in_flight now 0 fair_inc 0 prop_inc 0 fast_inc 0 eta_inc 2999553 multi_dec -316735 quick_dec -849988 nack_dec -134699958
Flow Uec_124_0 flowId 942 uecSrc 941 finished at 739532 total messages 1 total packets 3916 RTS 0 total bytes 16000776 in_flight now 0 fair_inc 0 prop_inc 0 fast_inc 0 eta_inc 2984934 multi_dec -298132 quick_dec -886932 nack_dec -135045690
Flow Uec_660_0 flowId 202 uecSrc 201 finished at 739532 total messages 1 total packets 3916 RTS 0 total bytes 16000776 in_flight now 0 fair_inc 0 prop_inc 0 fast_inc 0 eta_inc 2910510 multi_dec -292291 quick_dec -905070 nack_dec -134091696
Flow Uec_628_0 flowId 827 uecSrc 826 finished at 739539 total messages 1 total packets 3916 RTS 0 total bytes 16000776 in_flight now 0 fair_inc 0 prop_inc 0 fast_inc 0 eta_inc 2986263 multi_dec -307975 quick_dec -852213 nack_dec -134943998
Flow Uec_312_0 flowId 179 uecSrc 178 finished at 739603 total messages 1 total packets 3916 RTS 0 total bytes 16000776 in_flight now 0 fair_inc 0 prop_inc 0 fast_inc 0 eta_inc 2998224 multi_dec -279201 quick_dec -864387 nack_dec -134259012
Flow Uec_982_0 flowId 357 uecSrc 356 finished at 739606 total messages 1 total packets 3916 RTS 0 total bytes 16000776 in_flight now 0 fair_inc 0 prop_inc 0 fast_inc 0 eta_inc 2926458 multi_dec -284441 quick_dec -835422 nack_dec -134436922
Flow Uec_944_0 flowId 167 uecSrc 166 finished at 739693 total messages 1 total packets 3916 RTS 0 total bytes 16000776 in_flight now 0 fair_inc 0 prop_inc 0 fast_inc 0 eta_inc 2874627 multi_dec -279686 quick_dec -871395 nack_dec -134115584
Flow Uec_299_0 flowId 652 uecSrc 651 finished at 739720 total messages 1 total packets 3916 RTS 0 total bytes 16000776 in_flight now 0 fair_inc 0 prop_inc 0 fast_inc 0 eta_inc 2903865 multi_dec -311614 quick_dec -870340 nack_dec -133431070
Flow Uec_823_0 flowId 84 uecSrc 83 finished at 739734 total messages 1 total packets 3916 RTS 0 total bytes 16000776 in_flight now 0 fair_inc 0 prop_inc 0 fast_inc 0 eta_inc 2988921 multi_dec -300743 quick_dec -873518 nack_dec -135921880
Flow Uec_442_0 flowId 485 uecSrc 484 finished at 739765 total messages 1 total packets 3916 RTS 0 total bytes 16000776 in_flight now 0 fair_inc 0 prop_inc 0 fast_inc 0 eta_inc 2984934 multi_dec -327475 quick_dec -917723 nack_dec -134594622
Flow Uec_777_0 flowId 74 uecSrc 73 finished at 739810 total messages 1 total packets 3916 RTS 0 total bytes 16000776 in_flight now 0 fair_inc 0 prop_inc 0 fast_inc 0 eta_inc 2941077 multi_dec -315821 quick_dec -874557 nack_dec -134904860
Flow Uec_635_0 flowId 594 uecSrc 593 finished at 739850 total messages 1 total packets 3916 RTS 0 total bytes 16000776 in_flight now 0 fair_inc 0 prop_inc 0 fast_inc 0 eta_inc 2979618 multi_dec -271684 quick_dec -883793 nack_dec -134306450
Flow Uec_156_0 flowId 10 uecSrc 9 finished at 739853 total messages 1 total packets 3916 RTS 0 total bytes 16000776 in_flight now 0 fair_inc 0 prop_inc 0 fast_inc 0 eta_inc 3024804 multi_dec -276728 quick_dec -894364 nack_dec -133305018
Flow Uec_282_0 flowId 475 uecSrc 474 finished at 739892 total messages 1 total packets 3916 RTS 0 total bytes 16000776 in_flight now 0 fair_inc 0 prop_inc 0 fast_inc 0 eta_inc 2922471 multi_dec -300031 quick_dec -855558 nack_dec -134260294
Flow Uec_365_0 flowId 569 uecSrc 568 finished at 739898 total messages 1 total packets 3916 RTS 0 total bytes 16000776 in_flight now 0 fair_inc 0 prop_inc 0 fast_inc 0 eta_inc 2998224 multi_dec -289929 quick_dec -922387 nack_dec -133956568
Flow Uec_397_0 flowId 15 uecSrc 14 finished at 739919 total messages 1 total packets 3916 RTS 0 total bytes 16000776 in_flight now 0 fair_inc 0 prop_inc 0 fast_inc 0 eta_inc 3015501 multi_dec -272901 quick_dec -867370 nack_dec -134132690
Flow Uec_279_0 flowId 364 uecSrc 363 finished at 739922 total messages 1 total packets 3916 RTS 0 total bytes 16000776 in_flight now 0 fair_inc 0 prop_inc 0 fast_inc 0 eta_inc 2917155 multi_dec -291407 quick_dec -869944 nack_dec -134501028
Flow Uec_584_0 flowId 842 uecSrc 841 finished at 739925 total messages 1 total packets 3916 RTS 0 total bytes 16000776 in_flight now 0 fair_inc 0 prop_inc 0 fast_inc 0 eta_inc 2946393 multi_dec -330139 quick_dec -854011 nack_dec -135243608
Flow Uec_251_0 flowId 542 uecSrc 541 finished at 740050 total messages 1 total packets 3916 RTS 0 total bytes 16000776 in_flight now 0 fair_inc 0 prop_inc 0 fast_inc 0 eta_inc 2982276 multi_dec -296118 quick_dec -902923 nack_dec -133752172
Flow Uec_996_0 flowId 208 uecSrc 207 finished at 740075 total messages 1 total packets 3916 RTS 0 total bytes 16000776 in_flight now 0 fair_inc 0 prop_inc 0 fast_inc 0 eta_inc 3014172 multi_dec -313077 quick_dec -847235 nack_dec -135123224
Flow Uec_801_0 flowId 410 uecSrc 409 finished at 740088 total messages 1 total packets 3916 RTS 0 total bytes 16000776 in_flight now 0 fair_inc 0 prop_inc 0 fast_inc 0 eta_inc 3027462 multi_dec -277576 quick_dec -868614 nack_dec -134580114
Flow Uec_854_0 flowId 552 uecSrc 551 finished at 740100 total messages 1 total packets 3916 RTS 0 total bytes 16000776 in_flight now 0 fair_inc 0 prop_inc 0 fast_inc 0 eta_inc 2987592 multi_dec -261301 quick_dec -905737 nack_dec -134195986
Flow Uec_473_0 flowId 313 uecSrc 312 finished at 740104 total messages 1 total packets 3916 RTS 0 total bytes 16000776 in_flight now 0 fair_inc 0 prop_inc 0 fast_inc 0 eta_inc 2949051 multi_dec -307880 quick_dec -830414 nack_dec -135177850
Flow Uec_515_0 flowId 877 uecSrc 876 finished at 740117 total messages 1 total packets 3916 RTS 0 total bytes 16000776 in_flight now 0 fair_inc 0 prop_inc 0 fast_inc 0 eta_inc 2934432 multi_dec -321295 quick_dec -877908 nack_dec -134558048
Flow Uec_607_0 flowId 142 uecSrc 141 finished at 740125 total messages 1 total packets 3916 RTS 0 total bytes 16000776 in_flight now 0 fair_inc 0 prop_inc 0 fast_inc 0 eta_inc 2975631 multi_dec -294181 quick_dec -884729 nack_dec -133254712
Flow Uec_984_0 flowId 955 uecSrc 954 finished at 740138 total messages 1 total packets 3916 RTS 0 total bytes 16000776 in_flight now 0 fair_inc 0 prop_inc 0 fast_inc 0 eta_inc 2925129 multi_dec -268111 quick_dec -897812 nack_dec -134128000
Flow Uec_975_0 flowId 490 uecSrc 489 finished at 740157 total messages 1 total packets 3916 RTS 0 total bytes 16000776 in_flight now 0 fair_inc 0 prop_inc 0 fast_inc 0 eta_inc 3008856 multi_dec -334684 quick_dec -917109 nack_dec -134174966
Flow Uec_645_0 flowId 946 uecSrc 945 finished at 740162 total messages 1 total packets 3916 RTS 0 total bytes 16000776 in_flight now 0 fair_inc 0 prop_inc 0 fast_inc 0 eta_inc 2937090 multi_dec -302163 quick_dec -885260 nack_dec -134484900
Flow Uec_307_0 flowId 135 uecSrc 134 finished at 740179 total messages 1 total packets 3916 RTS 0 total bytes 16000776 in_flight now 0 fair_inc 0 prop_inc 0 fast_inc 0 eta_inc 2963670 multi_dec -298923 quick_dec -853341 nack_dec -134188496
Flow Uec_915_0 flowId 1004 uecSrc 1003 finished at 740189 total messages 1 total packets 3916 RTS 0 total bytes 16000776 in_flight now 0 fair_inc 0 prop_inc 0 fast_inc 0 eta_inc 2988921 multi_dec -280908 quick_dec -847618 nack_dec -135418144
Flow Uec_821_0 flowId 36 uecSrc 35 finished at 740248 total messages 1 total packets 3916 RTS 0 total bytes 16000776 in_flight now 0 fair_inc 0 prop_inc 0 fast_inc 0 eta_inc 2906523 multi_dec -269788 quick_dec -818088 nack_dec -135510760
Flow Uec_168_0 flowId 897 uecSrc 896 finished at 740259 total messages 1 total packets 3916 RTS 0 total bytes 16000776 in_flight now 0 fair_inc 0 prop_inc 0 fast_inc 0 eta_inc 2949051 multi_dec -285713 quick_dec -869681 nack_dec -134183772
Flow Uec_943_0 flowId 695 uecSrc 694 finished at 740267 total messages 1 total packets 3916 RTS 0 total bytes 16000776 in_flight now 0 fair_inc 0 prop_inc 0 fast_inc 0 eta_inc 2938419 multi_dec -315697 quick_dec -886511 nack_dec -133457016
Flow Uec_135_0 flowId 254 uecSrc 253 finished at 740301 total messages 1 total packets 3916 RTS 0 total bytes 16000776 in_flight now 0 fair_inc 0 prop_inc 0 fast_inc 0 eta_inc 2968986 multi_dec -304381 quick_dec -855689 nack_dec -134011564
Flow Uec_462_0 flowId 747 uecSrc 746 finished at 740315 total messages 1 total packets 3916 RTS 0 total bytes 16000776 in_flight now 0 fair_inc 0 prop_inc 0 fast_inc 0 eta_inc 2970315 multi_dec -285016 quick_dec -869401 nack_dec -134518100
Flow Uec_209_0 flowId 217 uecSrc 216 finished at 740315 total messages 1 total packets 3916 RTS 0 total bytes 16000776 in_flight now 0 fair_inc 0 prop_inc 0 fast_inc 0 eta_inc 2922471 multi_dec -300144 quick_dec -840796 nack_dec -133999620
Flow Uec_761_0 flowId 941 uecSrc 940 finished at 740337 total messages 1 total packets 3916 RTS 0 total bytes 16000776 in_flight now 0 fair_inc 0 prop_inc 0 fast_inc 0 eta_inc 3002211 multi_dec -306005 quick_dec -880869 nack_dec -134359624
Flow Uec_451_0 flowId 448 uecSrc 447 finished at 740345 total messages 1 total packets 3916 RTS 0 total bytes 16000776 in_flight now 0 fair_inc 0 prop_inc 0 fast_inc 0 eta_inc 3018159 multi_dec -299438 quick_dec -908438 nack_dec -133340546
Flow Uec_973_0 flowId 465 uecSrc 464 finished at 740385 total messages 1 total packets 3916 RTS 0 total bytes 16000776 in_flight now 0 fair_inc 0 prop_inc 0 fast_inc 0 eta_inc 2934432 multi_dec -293477 quick_dec -885701 nack_dec -133308122
Flow Uec_410_0 flowId 37 uecSrc 36 finished at 740386 total messages 1 total packets 3916 RTS 0 total bytes 16000776 in_flight now 0 fair_inc 0 prop_inc 0 fast_inc 0 eta_inc 3020817 multi_dec -297660 quick_dec -858465 nack_dec -133331200
Flow Uec_890_0 flowId 120 uecSrc 119 finished at 740423 total messages 1 total packets 3916 RTS 0 total bytes 16000776 in_flight now 0 fair_inc 0 prop_inc 0 fast_inc 0 eta_inc 2893233 multi_dec -286397 quick_dec -858653 nack_dec -133333798
Flow Uec_839_0 flowId 694 uecSrc 693 finished at 740447 total messages 1 total packets 3916 RTS 0 total bytes 16000776 in_flight now 0 fair_inc 0 prop_inc 0 fast_inc 0 eta_inc 2954367 multi_dec -312386 quick_dec -861375 nack_dec -134380644
Flow Uec_291_0 flowId 929 uecSrc 928 finished at 740497 total messages 1 total packets 3916 RTS 0 total bytes 16000776 in_flight now 0 fair_inc 0 prop_inc 0 fast_inc 0 eta_inc 2959683 multi_dec -308380 quick_dec -862432 nack_dec -134241096
Flow Uec_478_0 flowId 307 uecSrc 306 finished at 740514 total messages 1 total packets 3916 RTS 0 total bytes 16000776 in_flight now 0 fair_inc 0 prop_inc 0 fast_inc 0 eta_inc 2990250 multi_dec -293524 quick_dec -902788 nack_dec -134953074
Flow Uec_257_0 flowId 573 uecSrc 572 finished at 740519 total messages 1 total packets 3916 RTS 0 total bytes 16000776 in_flight now 0 fair_inc 0 prop_inc 0 fast_inc 0 eta_inc 2947722 multi_dec -277657 quick_dec -829281 nack_dec -135020250
Flow Uec_271_0 flowId 434 uecSrc 433 finished at 740534 total messages 1 total packets 3916 RTS 0 total bytes 16000776 in_flight now 0 fair_inc 0 prop_inc 0 fast_inc 0 eta_inc 3018159 multi_dec -283709 quick_dec -850923 nack_dec -133695624
Flow Uec_275_0 flowId 661 uecSrc 660 finished at 740576 total messages 1 total packets 3916 RTS 0 total bytes 16000776 in_flight now 0 fair_inc 0 prop_inc 0 fast_inc 0 eta_inc 2828112 multi_dec -292987 quick_dec -866771 nack_dec -134645468
Flow Uec_1004_0 flowId 477 uecSrc 476 finished at 740638 total messages 1 total packets 3916 RTS 0 total bytes 16000776 in_flight now 0 fair_inc 0 prop_inc 0 fast_inc 0 eta_inc 2963670 multi_dec -295312 quick_dec -856673 nack_dec -134040344
Flow Uec_424_0 flowId 838 uecSrc 837 finished at 740638 total messages 1 total packets 3916 RTS 0 total bytes 16000776 in_flight now 0 fair_inc 0 prop_inc 0 fast_inc 0 eta_inc 2946393 multi_dec -309732 quick_dec -843241 nack_dec -134457166
Flow Uec_220_0 flowId 30 uecSrc 29 finished at 740653 total messages 1 total packets 3916 RTS 0 total bytes 16000776 in_flight now 0 fair_inc 0 prop_inc 0 fast_inc 0 eta_inc 2972973 multi_dec -270883 quick_dec -812831 nack_dec -133810576
Flow Uec_768_0 flowId 175 uecSrc 174 finished at 740685 total messages 1 total packets 3916 RTS 0 total bytes 16000776 in_flight now 0 fair_inc 0 prop_inc 0 fast_inc 0 eta_inc 2968986 multi_dec -279976 quick_dec -851305 nack_dec -134119194
Flow Uec_968_0 flowId 989 uecSrc 988 finished at 740725 total messages 1 total packets 3916 RTS 0 total bytes 16000776 in_flight now 0 fair_inc 0 prop_inc 0 fast_inc 0 eta_inc 2958354 multi_dec -333764 quick_dec -834641 nack_dec -134163292
Flow Uec_665_0 flowId 744 uecSrc 743 finished at 740749 total messages 1 total packets 3916 RTS 0 total bytes 16000776 in_flight now 0 fair_inc 0 prop_inc 0 fast_inc 0 eta_inc 2991579 multi_dec -317295 quick_dec -868745 nack_dec -133652572
Flow Uec_616_0 flowId 584 uecSrc 583 finished at 740751 total messages 1 total packets 3916 RTS 0 total bytes 16000776 in_flight now 0 fair_inc 0 prop_inc 0 fast_inc 0 eta_inc 2950380 multi_dec -284282 quick_dec -842834 nack_dec -134429398
Flow Uec_273_0 flowId 994 uecSrc 993 finished at 740761 total messages 1 total packets 3916 RTS 0 total bytes 16000776 in_flight now 0 fair_inc 0 prop_inc 0 fast_inc 0 eta_inc 2938419 multi_dec -277384 quick_dec -878833 nack_dec -134507472
Flow Uec_454_0 flowId 397 uecSrc 396 finished at 740761 total messages 1 total packets 3916 RTS 0 total bytes 16000776 in_flight now 0 fair_inc 0 prop_inc 0 fast_inc 0 eta_inc 2894562 multi_dec -297782 quick_dec -894508 nack_dec -134852192
Flow Uec_620_0 flowId 40 uecSrc 39 finished at 740788 total messages 1 total packets 3916 RTS 0 total bytes 16000776 in_flight now 0 fair_inc 0 prop_inc 0 fast_inc 0 eta_inc 2915826 multi_dec -281990 quick_dec -849502 nack_dec -133939698
Flow Uec_604_0 flowId 922 uecSrc 921 finished at 740858 total messages 1 total packets 3916 RTS 0 total bytes 16000776 in_flight now 0 fair_inc 0 prop_inc 0 fast_inc 0 eta_inc 3035436 multi_dec -340043 quick_dec -855557 nack_dec -133975766
Flow Uec_939_0 flowId 952 uecSrc 951 finished at 740858 total messages 1 total packets 3916 RTS 0 total bytes 16000776 in_flight now 0 fair_inc 0 prop_inc 0 fast_inc 0 eta_inc 3004869 multi_dec -284803 quick_dec -870503 nack_dec -133370406
Flow Uec_549_0 flowId 285 uecSrc 284 finished at 740880 total messages 1 total packets 3916 RTS 0 total bytes 16000776 in_flight now 0 fair_inc 0 prop_inc 0 fast_inc 0 eta_inc 2905194 multi_dec -289428 quick_dec -863797 nack_dec -134209988
Flow Uec_489_0 flowId 592 uecSrc 591 finished at 740907 total messages 1 total packets 3916 RTS 0 total bytes 16000776 in_flight now 0 fair_inc 0 prop_inc 0 fast_inc 0 eta_inc 2971644 multi_dec -298026 quick_dec -856932 nack_dec -133466092
Flow Uec_304_0 flowId 943 uecSrc 942 finished at 740910 total messages 1 total packets 3916 RTS 0 total bytes 16000776 in_flight now 0 fair_inc 0 prop_inc 0 fast_inc 0 eta_inc 2891904 multi_dec -297234 quick_dec -847894 nack_dec -134241906
Flow Uec_200_0 flowId 225 uecSrc 224 finished at 740940 total messages 1 total packets 3916 RTS 0 total bytes 16000776 in_flight now 0 fair_inc 0 prop_inc 0 fast_inc 0 eta_inc 2959683 multi_dec -314248 quick_dec -851865 nack_dec -135309198
Flow Uec_941_0 flowId 244 uecSrc 243 finished at 740968 total messages 1 total packets 3916 RTS 0 total bytes 16000776 in_flight now 0 fair_inc 0 prop_inc 0 fast_inc 0 eta_inc 2954367 multi_dec -272327 quick_dec -782035 nack_dec -133970300
Flow Uec_458_0 flowId 102 uecSrc 101 finished at 740983 total messages 1 total packets 3916 RTS 0 total bytes 16000776 in_flight now 0 fair_inc 0 prop_inc 0 fast_inc 0 eta_inc 2957025 multi_dec -306116 quick_dec -874755 nack_dec -135010398
Flow Uec_184_0 flowId 520 uecSrc 519 finished at 740987 total messages 1 total packets 3916 RTS 0 total bytes 16000776 in_flight now 0 fair_inc 0 prop_inc 0 fast_inc 0 eta_inc 3023475 multi_dec -316749 quick_dec -860568 nack_dec -133402020
Flow Uec_889_0 flowId 570 uecSrc 569 finished at 741029 total messages 1 total packets 3916 RTS 0 total bytes 16000776 in_flight now 0 fair_inc 0 prop_inc 0 fast_inc 0 eta_inc 3019488 multi_dec -307290 quick_dec -869526 nack_dec -135090800
Flow Uec_640_0 flowId 800 uecSrc 799 finished at 741041 total messages 1 total packets 3916 RTS 0 total bytes 16000776 in_flight now 0 fair_inc 0 prop_inc 0 fast_inc 0 eta_inc 2959683 multi_dec -315303 quick_dec -811143 nack_dec -135408798
Flow Uec_274_0 flowId 626 uecSrc 625 finished at 741075 total messages 1 total packets 3916 RTS 0 total bytes 16000776 in_flight now 0 fair_inc 0 prop_inc 0 fast_inc 0 eta_inc 2925129 multi_dec -305766 quick_dec -844593 nack_dec -135699298
Flow Uec_123_0 flowId 425 uecSrc 424 finished at 741080 total messages 1 total packets 3916 RTS 0 total bytes 16000776 in_flight now 0 fair_inc 0 prop_inc 0 fast_inc 0 eta_inc 2930445 multi_dec -275893 quick_dec -898414 nack_dec -133596564
Flow Uec_346_0 flowId 66 uecSrc 65 finished at 741088 total messages 1 total packets 3916 RTS 0 total bytes 16000776 in_flight now 0 fair_inc 0 prop_inc 0 fast_inc 0 eta_inc 2935761 multi_dec -324458 quick_dec -822276 nack_dec -134813560
Flow Uec_79_0 flowId 728 uecSrc 727 finished at 741107 total messages 1 total packets 3916 RTS 0 total bytes 16000776 in_flight now 0 fair_inc 0 prop_inc 0 fast_inc 0 eta_inc 2879943 multi_dec -275792 quick_dec -839935 nack_dec -134966300
Flow Uec_530_0 flowId 370 uecSrc 369 finished at 741110 total messages 1 total packets 3916 RTS 0 total bytes 16000776 in_flight now 0 fair_inc 0 prop_inc 0 fast_inc 0 eta_inc 2979618 multi_dec -300367 quick_dec -880091 nack_dec -132256114
Flow Uec_324_0 flowId 163 uecSrc 162 finished at 741120 total messages 1 total packets 3916 RTS 0 total bytes 16000776 in_flight now 0 fair_inc 0 prop_inc 0 fast_inc 0 eta_inc 2945064 multi_dec -296115 quick_dec -862947 nack_dec -134367924
Flow Uec_457_0 flowId 995 uecSrc 994 finished at 741125 total messages 1 total packets 3916 RTS 0 total bytes 16000776 in_flight now 0 fair_inc 0 prop_inc 0 fast_inc 0 eta_inc 2959683 multi_dec -318350 quick_dec -838417 nack_dec -135705304
Flow Uec_942_0 flowId 349 uecSrc 348 finished at 741132 total messages 1 total packets 3916 RTS 0 total bytes 16000776 in_flight now 0 fair_inc 0 prop_inc 0 fast_inc 0 eta_inc 2938419 multi_dec -290837 quick_dec -830242 nack_dec -134841024
Flow Uec_722_0 flowId 756 uecSrc 755 finished at 741136 total messages 1 total packets 3916 RTS 0 total bytes 16000776 in_flight now 0 fair_inc 0 prop_inc 0 fast_inc 0 eta_inc 2990250 multi_dec -311132 quick_dec -892229 nack_dec -133201538
Flow Uec_407_0 flowId 762 uecSrc 761 finished at 741160 total messages 1 total packets 3916 RTS 0 total bytes 16000776 in_flight now 0 fair_inc 0 prop_inc 0 fast_inc 0 eta_inc 3030120 multi_dec -316628 quick_dec -918606 nack_dec -133912200
Flow Uec_438_0 flowId 200 uecSrc 199 finished at 741200 total messages 1 total packets 3916 RTS 0 total bytes 16000776 in_flight now 0 fair_inc 0 prop_inc 0 fast_inc 0 eta_inc 2938419 multi_dec -332421 quick_dec -851671 nack_dec -134071722
Flow Uec_239_0 flowId 964 uecSrc 963 finished at 741243 total messages 1 total packets 3916 RTS 0 total bytes 16000776 in_flight now 0 fair_inc 0 prop_inc 0 fast_inc 0 eta_inc 2949051 multi_dec -299020 quick_dec -865751 nack_dec -133852548
Flow Uec_277_0 flowId 236 uecSrc 235 finished at 741301 total messages 1 total packets 3916 RTS 0 total bytes 16000776 in_flight now 0 fair_inc 0 prop_inc 0 fast_inc 0 eta_inc 2983605 multi_dec -314936 quick_dec -852554 nack_dec -135068262
Flow Uec_501_0 flowId 649 uecSrc 648 finished at 741321 total messages 1 total packets 3916 RTS 0 total bytes 16000776 in_flight now 0 fair_inc 0 prop_inc 0 fast_inc 0 eta_inc 2921142 multi_dec -319005 quick_dec -889440 nack_dec -134031268
Flow Uec_1000_0 flowId 449 uecSrc 448 finished at 741338 total messages 1 total packets 3916 RTS 0 total bytes 16000776 in_flight now 0 fair_inc 0 prop_inc 0 fast_inc 0 eta_inc 2915826 multi_dec -257596 quick_dec -862577 nack_dec -134376224
Flow Uec_331_0 flowId 459 uecSrc 458 finished at 741341 total messages 1 total packets 3916 RTS 0 total bytes 16000776 in_flight now 0 fair_inc 0 prop_inc 0 fast_inc 0 eta_inc 3031449 multi_dec -315007 quick_dec -875248 nack_dec -135179772
Flow Uec_912_0 flowId 521 uecSrc 520 finished at 741346 total messages 1 total packets 3916 RTS 0 total bytes 16000776 in_flight now 0 fair_inc 0 prop_inc 0 fast_inc 0 eta_inc 2939748 multi_dec -250506 quick_dec -861081 nack_dec -135985648
Flow Uec_876_0 flowId 554 uecSrc 553 finished at 741356 total messages 1 total packets 3916 RTS 0 total bytes 16000776 in_flight now 0 fair_inc 0 prop_inc 0 fast_inc 0 eta_inc 2947722 multi_dec -307502 quick_dec -862713 nack_dec -135215570
Flow Uec_983_0 flowId 374 uecSrc 373 finished at 741418 total messages 1 total packets 3916 RTS 0 total bytes 16000776 in_flight now 0 fair_inc 0 prop_inc 0 fast_inc 0 eta_inc 2891904 multi_dec -271750 quick_dec -891802 nack_dec -134195446
Flow Uec_655_0 flowId 197 uecSrc 196 finished at 741426 total messages 1 total packets 3916 RTS 0 total bytes 16000776 in_flight now 0 fair_inc 0 prop_inc 0 fast_inc 0 eta_inc 2915826 multi_dec -243038 quick_dec -806079 nack_dec -134826516
Flow Uec_762_0 flowId 917 uecSrc 916 finished at 741453 total messages 1 total packets 3916 RTS 0 total bytes 16000776 in_flight now 0 fair_inc 0 prop_inc 0 fast_inc 0 eta_inc 2930445 multi_dec -295658 quick_dec -849675 nack_dec -134761668
Flow Uec_421_0 flowId 504 uecSrc 503 finished at 741478 total messages 1 total packets 3916 RTS 0 total bytes 16000776 in_flight now 0 fair_inc 0 prop_inc 0 fast_inc 0 eta_inc 3014172 multi_dec -278654 quick_dec -806279 nack_dec -133875120
Flow Uec_203_0 flowId 467 uecSrc 466 finished at 741509 total messages 1 total packets 3916 RTS 0 total bytes 16000776 in_flight now 0 fair_inc 0 prop_inc 0 fast_inc 0 eta_inc 2954367 multi_dec -315245 quick_dec -837020 nack_dec -134094024
Flow Uec_822_0 flowId 1020 uecSrc 1019 finished at 741526 total messages 1 total packets 3916 RTS 0 total bytes 16000776 in_flight now 0 fair_inc 0 prop_inc 0 fast_inc 0 eta_inc 2950380 multi_dec -269389 quick_dec -870666 nack_dec -134878374
Flow Uec_320_0 flowId 778 uecSrc 777 finished at 741526 total messages 1 total packets 3916 RTS 0 total bytes 16000776 in_flight now 0 fair_inc 0 prop_inc 0 fast_inc 0 eta_inc 2998224 multi_dec -299942 quick_dec -854839 nack_dec -134189474
Flow Uec_570_0 flowId 951 uecSrc 950 finished at 741537 total messages 1 total packets 3916 RTS 0 total bytes 16000776 in_flight now 0 fair_inc 0 prop_inc 0 fast_inc 0 eta_inc 2942406 multi_dec -283664 quick_dec -881468 nack_dec -134076648
Flow Uec_756_0 flowId 905 uecSrc 904 finished at 741659 total messages 1 total packets 3916 RTS 0 total bytes 16000776 in_flight now 0 fair_inc 0 prop_inc 0 fast_inc 0 eta_inc 2950380 multi_dec -263069 quick_dec -888807 nack_dec -135119344
Flow Uec_558_0 flowId 752 uecSrc 751 finished at 741722 total messages 1 total packets 3916 RTS 0 total bytes 16000776 in_flight now 0 fair_inc 0 prop_inc 0 fast_inc 0 eta_inc 2972973 multi_dec -284051 quick_dec -848661 nack_dec -134723272
Flow Uec_107_0 flowId 698 uecSrc 697 finished at 741740 total messages 1 total packets 3916 RTS 0 total bytes 16000776 in_flight now 0 fair_inc 0 prop_inc 0 fast_inc 0 eta_inc 3000882 multi_dec -294793 quick_dec -862540 nack_dec -136760922
Flow Uec_812_0 flowId 560 uecSrc 559 finished at 741793 total messages 1 total packets 3916 RTS 0 total bytes 16000776 in_flight now 0 fair_inc 0 prop_inc 0 fast_inc 0 eta_inc 2946393 multi_dec -302881 quick_dec -828189 nack_dec -134905366
Flow Uec_657_0 flowId 406 uecSrc 405 finished at 741812 total messages 1 total packets 3916 RTS 0 total bytes 16000776 in_flight now 0 fair_inc 0 prop_inc 0 fast_inc 0 eta_inc 2905194 multi_dec -280872 quick_dec -896473 nack_dec -134485204
Flow Uec_233_0 flowId 876 uecSrc 875 finished at 741817 total messages 1 total packets 3916 RTS 0 total bytes 16000776 in_flight now 0 fair_inc 0 prop_inc 0 fast_inc 0 eta_inc 2979618 multi_dec -325799 quick_dec -804470 nack_dec -135964898
Flow Uec_538_0 flowId 501 uecSrc 500 finished at 741876 total messages 1 total packets 3916 RTS 0 total bytes 16000776 in_flight now 0 fair_inc 0 prop_inc 0 fast_inc 0 eta_inc 2999553 multi_dec -318373 quick_dec -882595 nack_dec -133524698
Flow Uec_778_0 flowId 502 uecSrc 501 finished at 741939 total messages 1 total packets 3916 RTS 0 total bytes 16000776 in_flight now 0 fair_inc 0 prop_inc 0 fast_inc 0 eta_inc 3022146 multi_dec -306258 quick_dec -889915 nack_dec -135070050
Flow Uec_871_0 flowId 861 uecSrc 860 finished at 741984 total messages 1 total packets 3916 RTS 0 total bytes 16000776 in_flight now 0 fair_inc 0 prop_inc 0 fast_inc 0 eta_inc 2991579 multi_dec -331258 quick_dec -881261 nack_dec -134524848
Flow Uec_338_0 flowId 353 uecSrc 352 finished at 741998 total messages 1 total packets 3916 RTS 0 total bytes 16000776 in_flight now 0 fair_inc 0 prop_inc 0 fast_inc 0 eta_inc 2913168 multi_dec -278065 quick_dec -891658 nack_dec -134589696
Flow Uec_603_0 flowId 437 uecSrc 436 finished at 742071 total messages 1 total packets 3916 RTS 0 total bytes 16000776 in_flight now 0 fair_inc 0 prop_inc 0 fast_inc 0 eta_inc 2958354 multi_dec -282396 quick_dec -839098 nack_dec -134308036
Flow Uec_422_0 flowId 352 uecSrc 351 finished at 742093 total messages 1 total packets 3916 RTS 0 total bytes 16000776 in_flight now 0 fair_inc 0 prop_inc 0 fast_inc 0 eta_inc 3058029 multi_dec -334827 quick_dec -911837 nack_dec -133703182
Flow Uec_718_0 flowId 710 uecSrc 709 finished at 742110 total messages 1 total packets 3916 RTS 0 total bytes 16000776 in_flight now 0 fair_inc 0 prop_inc 0 fast_inc 0 eta_inc 2950380 multi_dec -294776 quick_dec -907192 nack_dec -134384356
Flow Uec_550_0 flowId 524 uecSrc 523 finished at 742141 total messages 1 total packets 3916 RTS 0 total bytes 16000776 in_flight now 0 fair_inc 0 prop_inc 0 fast_inc 0 eta_inc 2963670 multi_dec -276697 quick_dec -853323 nack_dec -134641048
Flow Uec_169_0 flowId 188 uecSrc 187 finished at 742144 total messages 1 total packets 3916 RTS 0 total bytes 16000776 in_flight now 0 fair_inc 0 prop_inc 0 fast_inc 0 eta_inc 2957025 multi_dec -272329 quick_dec -832252 nack_dec -134918322
Flow Uec_674_0 flowId 60 uecSrc 59 finished at 742177 total messages 1 total packets 3916 RTS 0 total bytes 16000776 in_flight now 0 fair_inc 0 prop_inc 0 fast_inc 0 eta_inc 2976960 multi_dec -295239 quick_dec -878862 nack_dec -134122602
Flow Uec_237_0 flowId 962 uecSrc 961 finished at 742208 total messages 1 total packets 3916 RTS 0 total bytes 16000776 in_flight now 0 fair_inc 0 prop_inc 0 fast_inc 0 eta_inc 2987592 multi_dec -320421 quick_dec -880358 nack_dec -135389364
Flow Uec_554_0 flowId 830 uecSrc 829 finished at 742237 total messages 1 total packets 3916 RTS 0 total bytes 16000776 in_flight now 0 fair_inc 0 prop_inc 0 fast_inc 0 eta_inc 2987592 multi_dec -288513 quick_dec -880090 nack_dec -134728468
Flow Uec_409_0 flowId 579 uecSrc 578 finished at 742258 total messages 1 total packets 3916 RTS 0 total bytes 16000776 in_flight now 0 fair_inc 0 prop_inc 0 fast_inc 0 eta_inc 2942406 multi_dec -262698 quick_dec -847370 nack_dec -136215720
Flow Uec_961_0 flowId 428 uecSrc 427 finished at 742309 total messages 1 total packets 3916 RTS 0 total bytes 16000776 in_flight now 0 fair_inc 0 prop_inc 0 fast_inc 0 eta_inc 2998224 multi_dec -308092 quick_dec -857604 nack_dec -135916650
Flow Uec_425_0 flowId 914 uecSrc 913 finished at 742318 total messages 1 total packets 3916 RTS 0 total bytes 16000776 in_flight now 0 fair_inc 0 prop_inc 0 fast_inc 0 eta_inc 2937090 multi_dec -308321 quick_dec -872871 nack_dec -135579218
Flow Uec_427_0 flowId 954 uecSrc 953 finished at 742343 total messages 1 total packets 3916 RTS 0 total bytes 16000776 in_flight now 0 fair_inc 0 prop_inc 0 fast_inc 0 eta_inc 3024804 multi_dec -334552 quick_dec -867476 nack_dec -134804214
Flow Uec_339_0 flowId 192 uecSrc 191 finished at 742345 total messages 1 total packets 3916 RTS 0 total bytes 16000776 in_flight now 0 fair_inc 0 prop_inc 0 fast_inc 0 eta_inc 2898549 multi_dec -300424 quick_dec -826745 nack_dec -135970364
Flow Uec_229_0 flowId 746 uecSrc 745 finished at 742366 total messages 1 total packets 3916 RTS 0 total bytes 16000776 in_flight now 0 fair_inc 0 prop_inc 0 fast_inc 0 eta_inc 2957025 multi_dec -306615 quick_dec -860656 nack_dec -135648216
Flow Uec_224_0 flowId 283 uecSrc 282 finished at 742377 total messages 1 total packets 3916 RTS 0 total bytes 16000776 in_flight now 0 fair_inc 0 prop_inc 0 fast_inc 0 eta_inc 2933103 multi_dec -250711 quick_dec -867738 nack_dec -134629374
Flow Uec_98_0 flowId 326 uecSrc 325 finished at 742384 total messages 1 total packets 3916 RTS 0 total bytes 16000776 in_flight now 0 fair_inc 0 prop_inc 0 fast_inc 0 eta_inc 3034107 multi_dec -324163 quick_dec -836123 nack_dec -135063842
Flow Uec_497_0 flowId 837 uecSrc 836 finished at 742408 total messages 1 total packets 3916 RTS 0 total bytes 16000776 in_flight now 0 fair_inc 0 prop_inc 0 fast_inc 0 eta_inc 2983605 multi_dec -291926 quick_dec -847915 nack_dec -135100146
Flow Uec_210_0 flowId 334 uecSrc 333 finished at 742431 total messages 1 total packets 3916 RTS 0 total bytes 16000776 in_flight now 0 fair_inc 0 prop_inc 0 fast_inc 0 eta_inc 3030120 multi_dec -309291 quick_dec -805967 nack_dec -135327890
Flow Uec_248_0 flowId 601 uecSrc 600 finished at 742439 total messages 1 total packets 3916 RTS 0 total bytes 16000776 in_flight now 0 fair_inc 0 prop_inc 0 fast_inc 0 eta_inc 2907852 multi_dec -315894 quick_dec -834348 nack_dec -135251098
Flow Uec_810_0 flowId 169 uecSrc 168 finished at 742469 total messages 1 total packets 3916 RTS 0 total bytes 16000776 in_flight now 0 fair_inc 0 prop_inc 0 fast_inc 0 eta_inc 2972973 multi_dec -268886 quick_dec -884823 nack_dec -134313974
Flow Uec_923_0 flowId 894 uecSrc 893 finished at 742491 total messages 1 total packets 3916 RTS 0 total bytes 16000776 in_flight now 0 fair_inc 0 prop_inc 0 fast_inc 0 eta_inc 2955696 multi_dec -271219 quick_dec -877450 nack_dec -134692400
Flow Uec_137_0 flowId 666 uecSrc 665 finished at 742503 total messages 1 total packets 3916 RTS 0 total bytes 16000776 in_flight now 0 fair_inc 0 prop_inc 0 fast_inc 0 eta_inc 3032778 multi_dec -359537 quick_dec -818867 nack_dec -135661712
Flow Uec_926_0 flowId 693 uecSrc 692 finished at 742528 total messages 1 total packets 3916 RTS 0 total bytes 16000776 in_flight now 0 fair_inc 0 prop_inc 0 fast_inc 0 eta_inc 2972973 multi_dec -331355 quick_dec -855282 nack_dec -134483348
Flow Uec_861_0 flowId 895 uecSrc 894 finished at 742551 total messages 1 total packets 3916 RTS 0 total bytes 16000776 in_flight now 0 fair_inc 0 prop_inc 0 fast_inc 0 eta_inc 2979618 multi_dec -274472 quick_dec -852206 nack_dec -135288448
Flow Uec_234_0 flowId 31 uecSrc 30 finished at 742605 total messages 1 total packets 3916 RTS 0 total bytes 16000776 in_flight now 0 fair_inc 0 prop_inc 0 fast_inc 0 eta_inc 2962341 multi_dec -287143 quick_dec -870112 nack_dec -134723272
Flow Uec_953_0 flowId 468 uecSrc 467 finished at 742617 total messages 1 total packets 3916 RTS 0 total bytes 16000776 in_flight now 0 fair_inc 0 prop_inc 0 fast_inc 0 eta_inc 2890575 multi_dec -272661 quick_dec -840907 nack_dec -135579724
Flow Uec_126_0 flowId 118 uecSrc 117 finished at 742650 total messages 1 total packets 3916 RTS 0 total bytes 16000776 in_flight now 0 fair_inc 0 prop_inc 0 fast_inc 0 eta_inc 2980947 multi_dec -295561 quick_dec -907967 nack_dec -134056674
Flow Uec_80_0 flowId 380 uecSrc 379 finished at 742719 total messages 1 total packets 3916 RTS 0 total bytes 16000776 in_flight now 0 fair_inc 0 prop_inc 0 fast_inc 0 eta_inc 2923800 multi_dec -303134 quick_dec -888085 nack_dec -134324906
Flow Uec_780_0 flowId 1014 uecSrc 1013 finished at 742719 total messages 1 total packets 3916 RTS 0 total bytes 16000776 in_flight now 0 fair_inc 0 prop_inc 0 fast_inc 0 eta_inc 3018159 multi_dec -309814 quick_dec -870579 nack_dec -135949850
Flow Uec_693_0 flowId 418 uecSrc 417 finished at 742754 total messages 1 total packets 3916 RTS 0 total bytes 16000776 in_flight now 0 fair_inc 0 prop_inc 0 fast_inc 0 eta_inc 2937090 multi_dec -277154 quick_dec -820941 nack_dec -136077218
Flow Uec_588_0 flowId 704 uecSrc 703 finished at 742765 total messages 1 total packets 3916 RTS 0 total bytes 16000776 in_flight now 0 fair_inc 0 prop_inc 0 fast_inc 0 eta_inc 2957025 multi_dec -280484 quick_dec -848545 nack_dec -135930146
Flow Uec_857_0 flowId 401 uecSrc 400 finished at 742776 total messages 1 total packets 3916 RTS 0 total bytes 16000776 in_flight now 0 fair_inc 0 prop_inc 0 fast_inc 0 eta_inc 2982276 multi_dec -263757 quick_dec -894769 nack_dec -134329292
Flow Uec_321_0 flowId 580 uecSrc 579 finished at 742789 total messages 1 total packets 3916 RTS 0 total bytes 16000776 in_flight now 0 fair_inc 0 prop_inc 0 fast_inc 0 eta_inc 2972973 multi_dec -293440 quick_dec -893515 nack_dec -134441848
Flow Uec_178_0 flowId 912 uecSrc 911 finished at 742797 total messages 1 total packets 3916 RTS 0 total bytes 16000776 in_flight now 0 fair_inc 0 prop_inc 0 fast_inc 0 eta_inc 3087267 multi_dec -299551 quick_dec -887166 nack_dec -135105848
Flow Uec_858_0 flowId 953 uecSrc 952 finished at 742812 total messages 1 total packets 3916 RTS 0 total bytes 16000776 in_flight now 0 fair_inc 0 prop_inc 0 fast_inc 0 eta_inc 2923800 multi_dec -297951 quick_dec -894628 nack_dec -134470898
Flow Uec_952_0 flowId 462 uecSrc 461 finished at 742836 total messages 1 total packets 3916 RTS 0 total bytes 16000776 in_flight now 0 fair_inc 0 prop_inc 0 fast_inc 0 eta_inc 2929116 multi_dec -300703 quick_dec -876246 nack_dec -134272474
Flow Uec_171_0 flowId 664 uecSrc 663 finished at 742878 total messages 1 total packets 3916 RTS 0 total bytes 16000776 in_flight now 0 fair_inc 0 prop_inc 0 fast_inc 0 eta_inc 2994237 multi_dec -339001 quick_dec -866947 nack_dec -134788120
Flow Uec_670_0 flowId 651 uecSrc 650 finished at 742888 total messages 1 total packets 3916 RTS 0 total bytes 16000776 in_flight now 0 fair_inc 0 prop_inc 0 fast_inc 0 eta_inc 2903865 multi_dec -296691 quick_dec -844171 nack_dec -135196372
Flow Uec_513_0 flowId 936 uecSrc 935 finished at 742919 total messages 1 total packets 3916 RTS 0 total bytes 16000776 in_flight now 0 fair_inc 0 prop_inc 0 fast_inc 0 eta_inc 2961012 multi_dec -285875 quick_dec -903821 nack_dec -134035924
Flow Uec_542_0 flowId 71 uecSrc 70 finished at 742970 total messages 1 total packets 3916 RTS 0 total bytes 16000776 in_flight now 0 fair_inc 0 prop_inc 0 fast_inc 0 eta_inc 3031449 multi_dec -294036 quick_dec -887164 nack_dec -134962420
Flow Uec_142_0 flowId 445 uecSrc 444 finished at 742984 total messages 1 total packets 3916 RTS 0 total bytes 16000776 in_flight now 0 fair_inc 0 prop_inc 0 fast_inc 0 eta_inc 2934432 multi_dec -297356 quick_dec -850914 nack_dec -134780596
Flow Uec_885_0 flowId 253 uecSrc 252 finished at 742985 total messages 1 total packets 3916 RTS 0 total bytes 16000776 in_flight now 0 fair_inc 0 prop_inc 0 fast_inc 0 eta_inc 2971644 multi_dec -328947 quick_dec -869460 nack_dec -134795644
Flow Uec_917_0 flowId 460 uecSrc 459 finished at 742989 total messages 1 total packets 3916 RTS 0 total bytes 16000776 in_flight now 0 fair_inc 0 prop_inc 0 fast_inc 0 eta_inc 3022146 multi_dec -311646 quick_dec -889144 nack_dec -135106624
Flow Uec_114_0 flowId 187 uecSrc 186 finished at 743016 total messages 1 total packets 3916 RTS 0 total bytes 16000776 in_flight now 0 fair_inc 0 prop_inc 0 fast_inc 0 eta_inc 3027462 multi_dec -338766 quick_dec -822530 nack_dec -134304122
Flow Uec_838_0 flowId 612 uecSrc 611 finished at 743026 total messages 1 total packets 3916 RTS 0 total bytes 16000776 in_flight now 0 fair_inc 0 prop_inc 0 fast_inc 0 eta_inc 2934432 multi_dec -281964 quick_dec -838653 nack_dec -134148750
Flow Uec_636_0 flowId 621 uecSrc 620 finished at 743031 total messages 1 total packets 3916 RTS 0 total bytes 16000776 in_flight now 0 fair_inc 0 prop_inc 0 fast_inc 0 eta_inc 2964999 multi_dec -290237 quick_dec -888310 nack_dec -135933520
Flow Uec_514_0 flowId 525 uecSrc 524 finished at 743087 total messages 1 total packets 3916 RTS 0 total bytes 16000776 in_flight now 0 fair_inc 0 prop_inc 0 fast_inc 0 eta_inc 2947722 multi_dec -288182 quick_dec -847600 nack_dec -134885156
Flow Uec_487_0 flowId 409 uecSrc 408 finished at 743098 total messages 1 total packets 3916 RTS 0 total bytes 16000776 in_flight now 0 fair_inc 0 prop_inc 0 fast_inc 0 eta_inc 2953038 multi_dec -267122 quick_dec -853944 nack_dec -135258116
Flow Uec_717_0 flowId 279 uecSrc 278 finished at 743105 total messages 1 total packets 3916 RTS 0 total bytes 16000776 in_flight now 0 fair_inc 0 prop_inc 0 fast_inc 0 eta_inc 2910510 multi_dec -318305 quick_dec -864130 nack_dec -134892646
Flow Uec_698_0 flowId 645 uecSrc 644 finished at 743109 total messages 1 total packets 3916 RTS 0 total bytes 16000776 in_flight now 0 fair_inc 0 prop_inc 0 fast_inc 0 eta_inc 2918484 multi_dec -292293 quick_dec -869288 nack_dec -136465496
Flow Uec_843_0 flowId 625 uecSrc 624 finished at 743132 total messages 1 total packets 3916 RTS 0 total bytes 16000776 in_flight now 0 fair_inc 0 prop_inc 0 fast_inc 0 eta_inc 2984934 multi_dec -306640 quick_dec -895360 nack_dec -134395422
Flow Uec_710_0 flowId 287 uecSrc 286 finished at 743159 total messages 1 total packets 3916 RTS 0 total bytes 16000776 in_flight now 0 fair_inc 0 prop_inc 0 fast_inc 0 eta_inc 2959683 multi_dec -287992 quick_dec -898600 nack_dec -135790598
Flow Uec_394_0 flowId 237 uecSrc 236 finished at 743183 total messages 1 total packets 3916 RTS 0 total bytes 16000776 in_flight now 0 fair_inc 0 prop_inc 0 fast_inc 0 eta_inc 2852034 multi_dec -267282 quick_dec -868242 nack_dec -135214524
Flow Uec_467_0 flowId 575 uecSrc 574 finished at 743184 total messages 1 total packets 3916 RTS 0 total bytes 16000776 in_flight now 0 fair_inc 0 prop_inc 0 fast_inc 0 eta_inc 2972973 multi_dec -296462 quick_dec -900360 nack_dec -134021146
Flow Uec_418_0 flowId 132 uecSrc 131 finished at 743189 total messages 1 total packets 3916 RTS 0 total bytes 16000776 in_flight now 0 fair_inc 0 prop_inc 0 fast_inc 0 eta_inc 2902536 multi_dec -277488 quick_dec -818845 nack_dec -136260088
Flow Uec_646_0 flowId 750 uecSrc 749 finished at 743203 total messages 1 total packets 3916 RTS 0 total bytes 16000776 in_flight now 0 fair_inc 0 prop_inc 0 fast_inc 0 eta_inc 2978289 multi_dec -325581 quick_dec -901448 nack_dec -134177800
Flow Uec_746_0 flowId 478 uecSrc 477 finished at 743212 total messages 1 total packets 3916 RTS 0 total bytes 16000776 in_flight now 0 fair_inc 0 prop_inc 0 fast_inc 0 eta_inc 2955696 multi_dec -311925 quick_dec -892969 nack_dec -135207270
Flow Uec_855_0 flowId 230 uecSrc 229 finished at 743218 total messages 1 total packets 3916 RTS 0 total bytes 16000776 in_flight now 0 fair_inc 0 prop_inc 0 fast_inc 0 eta_inc 2978289 multi_dec -324576 quick_dec -863467 nack_dec -134024250
Flow Uec_450_0 flowId 902 uecSrc 901 finished at 743220 total messages 1 total packets 3916 RTS 0 total bytes 16000776 in_flight now 0 fair_inc 0 prop_inc 0 fast_inc 0 eta_inc 2906523 multi_dec -257222 quick_dec -902525 nack_dec -133721300
Flow Uec_253_0 flowId 562 uecSrc 561 finished at 743223 total messages 1 total packets 3916 RTS 0 total bytes 16000776 in_flight now 0 fair_inc 0 prop_inc 0 fast_inc 0 eta_inc 2991579 multi_dec -304357 quick_dec -815308 nack_dec -136265790
Flow Uec_164_0 flowId 794 uecSrc 793 finished at 743234 total messages 1 total packets 3916 RTS 0 total bytes 16000776 in_flight now 0 fair_inc 0 prop_inc 0 fast_inc 0 eta_inc 2889246 multi_dec -257843 quick_dec -894051 nack_dec -134587638
Flow Uec_713_0 flowId 996 uecSrc 995 finished at 743274 total messages 1 total packets 3916 RTS 0 total bytes 16000776 in_flight now 0 fair_inc 0 prop_inc 0 fast_inc 0 eta_inc 2995566 multi_dec -308056 quick_dec -878124 nack_dec -134996430
Flow Uec_904_0 flowId 927 uecSrc 926 finished at 743289 total messages 1 total packets 3916 RTS 0 total bytes 16000776 in_flight now 0 fair_inc 0 prop_inc 0 fast_inc 0 eta_inc 2915826 multi_dec -260872 quick_dec -843338 nack_dec -136095370
Flow Uec_744_0 flowId 973 uecSrc 972 finished at 743293 total messages 1 total packets 3916 RTS 0 total bytes 16000776 in_flight now 0 fair_inc 0 prop_inc 0 fast_inc 0 eta_inc 3015501 multi_dec -353010 quick_dec -853032 nack_dec -136293794
Flow Uec_799_0 flowId 96 uecSrc 95 finished at 743372 total messages 1 total packets 3916 RTS 0 total bytes 16000776 in_flight now 0 fair_inc 0 prop_inc 0 fast_inc 0 eta_inc 3000882 multi_dec -298116 quick_dec -869049 nack_dec -135309468
Flow Uec_587_0 flowId 24 uecSrc 23 finished at 743404 total messages 1 total packets 3916 RTS 0 total bytes 16000776 in_flight now 0 fair_inc 0 prop_inc 0 fast_inc 0 eta_inc 2962341 multi_dec -314855 quick_dec -851666 nack_dec -134690072
Flow Uec_586_0 flowId 100 uecSrc 99 finished at 743412 total messages 1 total packets 3916 RTS 0 total bytes 16000776 in_flight now 0 fair_inc 0 prop_inc 0 fast_inc 0 eta_inc 2958354 multi_dec -331844 quick_dec -850790 nack_dec -134989648
Flow Uec_630_0 flowId 884 uecSrc 883 finished at 743413 total messages 1 total packets 3916 RTS 0 total bytes 16000776 in_flight now 0 fair_inc 0 prop_inc 0 fast_inc 0 eta_inc 2961012 multi_dec -268850 quick_dec -807574 nack_dec -134296598
Flow Uec_401_0 flowId 581 uecSrc 580 finished at 743424 total messages 1 total packets 3916 RTS 0 total bytes 16000776 in_flight now 0 fair_inc 0 prop_inc 0 fast_inc 0 eta_inc 2921142 multi_dec -286066 quick_dec -817992 nack_dec -135083546
Flow Uec_453_0 flowId 210 uecSrc 209 finished at 743444 total messages 1 total packets 3916 RTS 0 total bytes 16000776 in_flight now 0 fair_inc 0 prop_inc 0 fast_inc 0 eta_inc 2925129 multi_dec -274458 quick_dec -873780 nack_dec -135017146
Flow Uec_783_0 flowId 1019 uecSrc 1018 finished at 743454 total messages 1 total packets 3916 RTS 0 total bytes 16000776 in_flight now 0 fair_inc 0 prop_inc 0 fast_inc 0 eta_inc 2913168 multi_dec -298234 quick_dec -860300 nack_dec -135102474
Flow Uec_789_0 flowId 510 uecSrc 509 finished at 743473 total messages 1 total packets 3916 RTS 0 total bytes 16000776 in_flight now 0 fair_inc 0 prop_inc 0 fast_inc 0 eta_inc 2955696 multi_dec -314093 quick_dec -855824 nack_dec -135208586
Flow Uec_763_0 flowId 687 uecSrc 686 finished at 743484 total messages 1 total packets 3916 RTS 0 total bytes 16000776 in_flight now 0 fair_inc 0 prop_inc 0 fast_inc 0 eta_inc 2943735 multi_dec -296864 quick_dec -866249 nack_dec -134250442
Flow Uec_981_0 flowId 566 uecSrc 565 finished at 743487 total messages 1 total packets 3916 RTS 0 total bytes 16000776 in_flight now 0 fair_inc 0 prop_inc 0 fast_inc 0 eta_inc 2935761 multi_dec -315494 quick_dec -873561 nack_dec -136485200
Flow Uec_964_0 flowId 191 uecSrc 190 finished at 743492 total messages 1 total packets 3916 RTS 0 total bytes 16000776 in_flight now 0 fair_inc 0 prop_inc 0 fast_inc 0 eta_inc 2991579 multi_dec -284068 quick_dec -891963 nack_dec -135934566
Flow Uec_355_0 flowId 833 uecSrc 832 finished at 743532 total messages 1 total packets 3916 RTS 0 total bytes 16000776 in_flight now 0 fair_inc 0 prop_inc 0 fast_inc 0 eta_inc 2929116 multi_dec -298780 quick_dec -879993 nack_dec -135337742
Flow Uec_781_0 flowId 999 uecSrc 998 finished at 743547 total messages 1 total packets 3916 RTS 0 total bytes 16000776 in_flight now 0 fair_inc 0 prop_inc 0 fast_inc 0 eta_inc 2987592 multi_dec -317641 quick_dec -877864 nack_dec -134633794
Flow Uec_179_0 flowId 368 uecSrc 367 finished at 743558 total messages 1 total packets 3916 RTS 0 total bytes 16000776 in_flight now 0 fair_inc 0 prop_inc 0 fast_inc 0 eta_inc 2918484 multi_dec -295792 quick_dec -861286 nack_dec -134026848
Flow Uec_639_0 flowId 829 uecSrc 828 finished at 743576 total messages 1 total packets 3916 RTS 0 total bytes 16000776 in_flight now 0 fair_inc 0 prop_inc 0 fast_inc 0 eta_inc 2961012 multi_dec -277426 quick_dec -879514 nack_dec -135155648
Flow Uec_859_0 flowId 603 uecSrc 602 finished at 743576 total messages 1 total packets 3916 RTS 0 total bytes 16000776 in_flight now 0 fair_inc 0 prop_inc 0 fast_inc 0 eta_inc 2950380 multi_dec -281546 quick_dec -791666 nack_dec -136606090
Flow Uec_479_0 flowId 116 uecSrc 115 finished at 743583 total messages 1 total packets 3916 RTS 0 total bytes 16000776 in_flight now 0 fair_inc 0 prop_inc 0 fast_inc 0 eta_inc 3115176 multi_dec -344021 quick_dec -867516 nack_dec -134887720
Flow Uec_577_0 flowId 683 uecSrc 682 finished at 743587 total messages 1 total packets 3916 RTS 0 total bytes 16000776 in_flight now 0 fair_inc 0 prop_inc 0 fast_inc 0 eta_inc 2959683 multi_dec -273757 quick_dec -833772 nack_dec -136005622
Flow Uec_474_0 flowId 379 uecSrc 378 finished at 743589 total messages 1 total packets 3916 RTS 0 total bytes 16000776 in_flight now 0 fair_inc 0 prop_inc 0 fast_inc 0 eta_inc 2971644 multi_dec -279994 quick_dec -886410 nack_dec -135634450
Flow Uec_638_0 flowId 712 uecSrc 711 finished at 743596 total messages 1 total packets 3916 RTS 0 total bytes 16000776 in_flight now 0 fair_inc 0 prop_inc 0 fast_inc 0 eta_inc 3058029 multi_dec -280833 quick_dec -936346 nack_dec -134876822
Flow Uec_131_0 flowId 360 uecSrc 359 finished at 743604 total messages 1 total packets 3916 RTS 0 total bytes 16000776 in_flight now 0 fair_inc 0 prop_inc 0 fast_inc 0 eta_inc 2923800 multi_dec -321557 quick_dec -904017 nack_dec -134228916
Flow Uec_841_0 flowId 855 uecSrc 854 finished at 743612 total messages 1 total packets 3916 RTS 0 total bytes 16000776 in_flight now 0 fair_inc 0 prop_inc 0 fast_inc 0 eta_inc 2954367 multi_dec -305929 quick_dec -870758 nack_dec -135263042
Flow Uec_963_0 flowId 494 uecSrc 493 finished at 743616 total messages 1 total packets 3916 RTS 0 total bytes 16000776 in_flight now 0 fair_inc 0 prop_inc 0 fast_inc 0 eta_inc 2976960 multi_dec -313025 quick_dec -864779 nack_dec -134899900
Flow Uec_77_0 flowId 534 uecSrc 533 finished at 743625 total messages 1 total packets 3916 RTS 0 total bytes 16000776 in_flight now 0 fair_inc 0 prop_inc 0 fast_inc 0 eta_inc 2968986 multi_dec -281520 quick_dec -854410 nack_dec -135693596
Flow Uec_185_0 flowId 229 uecSrc 228 finished at 743681 total messages 1 total packets 3916 RTS 0 total bytes 16000776 in_flight now 0 fair_inc 0 prop_inc 0 fast_inc 0 eta_inc 3002211 multi_dec -312234 quick_dec -842110 nack_dec -135223600
Flow Uec_423_0 flowId 373 uecSrc 372 finished at 743686 total messages 1 total packets 3916 RTS 0 total bytes 16000776 in_flight now 0 fair_inc 0 prop_inc 0 fast_inc 0 eta_inc 2986263 multi_dec -297077 quick_dec -887735 nack_dec -135615522
Flow Uec_283_0 flowId 395 uecSrc 394 finished at 743688 total messages 1 total packets 3916 RTS 0 total bytes 16000776 in_flight now 0 fair_inc 0 prop_inc 0 fast_inc 0 eta_inc 2963670 multi_dec -267659 quick_dec -861448 nack_dec -135363924
Flow Uec_523_0 flowId 769 uecSrc 768 finished at 743716 total messages 1 total packets 3916 RTS 0 total bytes 16000776 in_flight now 0 fair_inc 0 prop_inc 0 fast_inc 0 eta_inc 2959683 multi_dec -270993 quick_dec -881339 nack_dec -134787850
Flow Uec_826_0 flowId 43 uecSrc 42 finished at 743725 total messages 1 total packets 3916 RTS 0 total bytes 16000776 in_flight now 0 fair_inc 0 prop_inc 0 fast_inc 0 eta_inc 2925129 multi_dec -280102 quick_dec -849949 nack_dec -135210914
Flow Uec_967_0 flowId 261 uecSrc 260 finished at 743794 total messages 1 total packets 3916 RTS 0 total bytes 16000776 in_flight now 0 fair_inc 0 prop_inc 0 fast_inc 0 eta_inc 2984934 multi_dec -288663 quick_dec -898734 nack_dec -135190670
Flow Uec_786_0 flowId 998 uecSrc 997 finished at 743838 total messages 1 total packets 3916 RTS 0 total bytes 16000776 in_flight now 0 fair_inc 0 prop_inc 0 fast_inc 0 eta_inc 2930445 multi_dec -313668 quick_dec -832930 nack_dec -134966300
Flow Uec_405_0 flowId 742 uecSrc 741 finished at 743860 total messages 1 total packets 3916 RTS 0 total bytes 16000776 in_flight now 0 fair_inc 0 prop_inc 0 fast_inc 0 eta_inc 2938419 multi_dec -274591 quick_dec -848100 nack_dec -134729750
Flow Uec_360_0 flowId 392 uecSrc 391 finished at 743871 total messages 1 total packets 3916 RTS 0 total bytes 16000776 in_flight now 0 fair_inc 0 prop_inc 0 fast_inc 0 eta_inc 2962341 multi_dec -279766 quick_dec -844107 nack_dec -135382346
Flow Uec_112_0 flowId 772 uecSrc 771 finished at 743919 total messages 1 total packets 3916 RTS 0 total bytes 16000776 in_flight now 0 fair_inc 0 prop_inc 0 fast_inc 0 eta_inc 2939748 multi_dec -286819 quick_dec -840898 nack_dec -134894974
Flow Uec_585_0 flowId 631 uecSrc 630 finished at 743926 total messages 1 total packets 3916 RTS 0 total bytes 16000776 in_flight now 0 fair_inc 0 prop_inc 0 fast_inc 0 eta_inc 2968986 multi_dec -265572 quick_dec -838258 nack_dec -137296272
Flow Uec_610_0 flowId 587 uecSrc 586 finished at 743932 total messages 1 total packets 3916 RTS 0 total bytes 16000776 in_flight now 0 fair_inc 0 prop_inc 0 fast_inc 0 eta_inc 2951709 multi_dec -273722 quick_dec -865712 nack_dec -135490246
Flow Uec_977_0 flowId 407 uecSrc 406 finished at 743939 total messages 1 total packets 3916 RTS 0 total bytes 16000776 in_flight now 0 fair_inc 0 prop_inc 0 fast_inc 0 eta_inc 3000882 multi_dec -310746 quick_dec -872218 nack_dec -135331500
Flow Uec_860_0 flowId 616 uecSrc 615 finished at 743944 total messages 1 total packets 3916 RTS 0 total bytes 16000776 in_flight now 0 fair_inc 0 prop_inc 0 fast_inc 0 eta_inc 2953038 multi_dec -305825 quick_dec -836372 nack_dec -136360700
Flow Uec_580_0 flowId 628 uecSrc 627 finished at 743949 total messages 1 total packets 3916 RTS 0 total bytes 16000776 in_flight now 0 fair_inc 0 prop_inc 0 fast_inc 0 eta_inc 2978289 multi_dec -293825 quick_dec -887528 nack_dec -134965018
Flow Uec_370_0 flowId 561 uecSrc 560 finished at 743950 total messages 1 total packets 3916 RTS 0 total bytes 16000776 in_flight now 0 fair_inc 0 prop_inc 0 fast_inc 0 eta_inc 2929116 multi_dec -292503 quick_dec -901635 nack_dec -135014042
Flow Uec_145_0 flowId 518 uecSrc 517 finished at 743951 total messages 1 total packets 3916 RTS 0 total bytes 16000776 in_flight now 0 fair_inc 0 prop_inc 0 fast_inc 0 eta_inc 2929116 multi_dec -321461 quick_dec -809045 nack_dec -136711392
Flow Uec_292_0 flowId 376 uecSrc 375 finished at 743952 total messages 1 total packets 3916 RTS 0 total bytes 16000776 in_flight now 0 fair_inc 0 prop_inc 0 fast_inc 0 eta_inc 3015501 multi_dec -317694 quick_dec -897573 nack_dec -135816274
Flow Uec_806_0 flowId 828 uecSrc 827 finished at 743953 total messages 1 total packets 3916 RTS 0 total bytes 16000776 in_flight now 0 fair_inc 0 prop_inc 0 fast_inc 0 eta_inc 2966328 multi_dec -328553 quick_dec -871040 nack_dec -134716524
Flow Uec_336_0 flowId 684 uecSrc 683 finished at 744053 total messages 1 total packets 3916 RTS 0 total bytes 16000776 in_flight now 0 fair_inc 0 prop_inc 0 fast_inc 0 eta_inc 3087267 multi_dec -323933 quick_dec -892943 nack_dec -134348760
Flow Uec_685_0 flowId 442 uecSrc 441 finished at 744063 total messages 1 total packets 3916 RTS 0 total bytes 16000776 in_flight now 0 fair_inc 0 prop_inc 0 fast_inc 0 eta_inc 2929116 multi_dec -293247 quick_dec -887075 nack_dec -133641168
Flow Uec_720_0 flowId 908 uecSrc 907 finished at 744091 total messages 1 total packets 3916 RTS 0 total bytes 16000776 in_flight now 0 fair_inc 0 prop_inc 0 fast_inc 0 eta_inc 3000882 multi_dec -305208 quick_dec -855018 nack_dec -136229722
Flow Uec_276_0 flowId 863 uecSrc 862 finished at 744092 total messages 1 total packets 3916 RTS 0 total bytes 16000776 in_flight now 0 fair_inc 0 prop_inc 0 fast_inc 0 eta_inc 2976960 multi_dec -292595 quick_dec -901756 nack_dec -135998874
Flow Uec_357_0 flowId 79 uecSrc 78 finished at 744124 total messages 1 total packets 3916 RTS 0 total bytes 16000776 in_flight now 0 fair_inc 0 prop_inc 0 fast_inc 0 eta_inc 2959683 multi_dec -296160 quick_dec -890849 nack_dec -135609820
Flow Uec_81_0 flowId 488 uecSrc 487 finished at 744178 total messages 1 total packets 3916 RTS 0 total bytes 16000776 in_flight now 0 fair_inc 0 prop_inc 0 fast_inc 0 eta_inc 2984934 multi_dec -295102 quick_dec -896557 nack_dec -135080948
Flow Uec_503_0 flowId 447 uecSrc 446 finished at 744207 total messages 1 total packets 3916 RTS 0 total bytes 16000776 in_flight now 0 fair_inc 0 prop_inc 0 fast_inc 0 eta_inc 2907852 multi_dec -310423 quick_dec -819951 nack_dec -134221122
Flow Uec_617_0 flowId 361 uecSrc 360 finished at 744219 total messages 1 total packets 3916 RTS 0 total bytes 16000776 in_flight now 0 fair_inc 0 prop_inc 0 fast_inc 0 eta_inc 2935761 multi_dec -293020 quick_dec -832038 nack_dec -135801496
Flow Uec_247_0 flowId 49 uecSrc 48 finished at 744253 total messages 1 total packets 3916 RTS 0 total bytes 16000776 in_flight now 0 fair_inc 0 prop_inc 0 fast_inc 0 eta_inc 2942406 multi_dec -315798 quick_dec -864588 nack_dec -135532522
Flow Uec_651_0 flowId 821 uecSrc 820 finished at 744293 total messages 1 total packets 3916 RTS 0 total bytes 16000776 in_flight now 0 fair_inc 0 prop_inc 0 fast_inc 0 eta_inc 2957025 multi_dec -298598 quick_dec -869336 nack_dec -135506846
Flow Uec_1019_0 flowId 969 uecSrc 968 finished at 744318 total messages 1 total packets 3916 RTS 0 total bytes 16000776 in_flight now 0 fair_inc 0 prop_inc 0 fast_inc 0 eta_inc 2877285 multi_dec -282624 quick_dec -882810 nack_dec -134935968
Flow Uec_417_0 flowId 642 uecSrc 641 finished at 744374 total messages 1 total packets 3916 RTS 0 total bytes 16000776 in_flight now 0 fair_inc 0 prop_inc 0 fast_inc 0 eta_inc 2976960 multi_dec -282016 quick_dec -878872 nack_dec -135216346
Flow Uec_101_0 flowId 153 uecSrc 152 finished at 744436 total messages 1 total packets 3916 RTS 0 total bytes 16000776 in_flight now 0 fair_inc 0 prop_inc 0 fast_inc 0 eta_inc 2958354 multi_dec -313645 quick_dec -893476 nack_dec -136799824
Flow Uec_264_0 flowId 384 uecSrc 383 finished at 744448 total messages 1 total packets 3916 RTS 0 total bytes 16000776 in_flight now 0 fair_inc 0 prop_inc 0 fast_inc 0 eta_inc 2925129 multi_dec -270995 quick_dec -863169 nack_dec -135446924
Flow Uec_84_0 flowId 627 uecSrc 626 finished at 744449 total messages 1 total packets 3916 RTS 0 total bytes 16000776 in_flight now 0 fair_inc 0 prop_inc 0 fast_inc 0 eta_inc 2983605 multi_dec -274323 quick_dec -830077 nack_dec -135741574
Flow Uec_261_0 flowId 194 uecSrc 193 finished at 744449 total messages 1 total packets 3916 RTS 0 total bytes 16000776 in_flight now 0 fair_inc 0 prop_inc 0 fast_inc 0 eta_inc 3014172 multi_dec -308260 quick_dec -870280 nack_dec -135468450
Flow Uec_687_0 flowId 932 uecSrc 931 finished at 744459 total messages 1 total packets 3916 RTS 0 total bytes 16000776 in_flight now 0 fair_inc 0 prop_inc 0 fast_inc 0 eta_inc 2941077 multi_dec -302271 quick_dec -823243 nack_dec -136308842
Flow Uec_621_0 flowId 767 uecSrc 766 finished at 744465 total messages 1 total packets 3916 RTS 0 total bytes 16000776 in_flight now 0 fair_inc 0 prop_inc 0 fast_inc 0 eta_inc 2933103 multi_dec -276333 quick_dec -820254 nack_dec -135384674
Flow Uec_738_0 flowId 99 uecSrc 98 finished at 744479 total messages 1 total packets 3916 RTS 0 total bytes 16000776 in_flight now 0 fair_inc 0 prop_inc 0 fast_inc 0 eta_inc 2992908 multi_dec -313220 quick_dec -859430 nack_dec -134643646
Flow Uec_788_0 flowId 29 uecSrc 28 finished at 744483 total messages 1 total packets 3916 RTS 0 total bytes 16000776 in_flight now 0 fair_inc 0 prop_inc 0 fast_inc 0 eta_inc 2905194 multi_dec -282667 quick_dec -862545 nack_dec -135500098
Flow Uec_862_0 flowId 738 uecSrc 737 finished at 744530 total messages 1 total packets 3916 RTS 0 total bytes 16000776 in_flight now 0 fair_inc 0 prop_inc 0 fast_inc 0 eta_inc 2890575 multi_dec -289338 quick_dec -864547 nack_dec -136468600
Flow Uec_815_0 flowId 646 uecSrc 645 finished at 744531 total messages 1 total packets 3916 RTS 0 total bytes 16000776 in_flight now 0 fair_inc 0 prop_inc 0 fast_inc 0 eta_inc 3032778 multi_dec -276812 quick_dec -862267 nack_dec -136437222
Flow Uec_166_0 flowId 605 uecSrc 604 finished at 744548 total messages 1 total packets 3916 RTS 0 total bytes 16000776 in_flight now 0 fair_inc 0 prop_inc 0 fast_inc 0 eta_inc 2988921 multi_dec -310008 quick_dec -844912 nack_dec -135102474
Flow Uec_389_0 flowId 1010 uecSrc 1009 finished at 744548 total messages 1 total packets 3916 RTS 0 total bytes 16000776 in_flight now 0 fair_inc 0 prop_inc 0 fast_inc 0 eta_inc 2905194 multi_dec -284101 quick_dec -858765 nack_dec -136778298
Flow Uec_512_0 flowId 926 uecSrc 925 finished at 744554 total messages 1 total packets 3916 RTS 0 total bytes 16000776 in_flight now 0 fair_inc 0 prop_inc 0 fast_inc 0 eta_inc 3046068 multi_dec -313292 quick_dec -869185 nack_dec -134827022
Flow Uec_957_0 flowId 452 uecSrc 451 finished at 744560 total messages 1 total packets 3916 RTS 0 total bytes 16000776 in_flight now 0 fair_inc 0 prop_inc 0 fast_inc 0 eta_inc 2963670 multi_dec -293732 quick_dec -811328 nack_dec -136186400
Flow Uec_947_0 flowId 394 uecSrc 393 finished at 744611 total messages 1 total packets 3916 RTS 0 total bytes 16000776 in_flight now 0 fair_inc 0 prop_inc 0 fast_inc 0 eta_inc 3023475 multi_dec -328549 quick_dec -886163 nack_dec -134218524
Flow Uec_802_0 flowId 489 uecSrc 488 finished at 744613 total messages 1 total packets 3916 RTS 0 total bytes 16000776 in_flight now 0 fair_inc 0 prop_inc 0 fast_inc 0 eta_inc 2935761 multi_dec -297901 quick_dec -830132 nack_dec -136272774
Flow Uec_322_0 flowId 359 uecSrc 358 finished at 744639 total messages 1 total packets 3916 RTS 0 total bytes 16000776 in_flight now 0 fair_inc 0 prop_inc 0 fast_inc 0 eta_inc 2938419 multi_dec -279223 quick_dec -844818 nack_dec -135995500
Flow Uec_662_0 flowId 378 uecSrc 377 finished at 744644 total messages 1 total packets 3916 RTS 0 total bytes 16000776 in_flight now 0 fair_inc 0 prop_inc 0 fast_inc 0 eta_inc 3038094 multi_dec -311824 quick_dec -905482 nack_dec -135910948
Flow Uec_531_0 flowId 219 uecSrc 218 finished at 744652 total messages 1 total packets 3916 RTS 0 total bytes 16000776 in_flight now 0 fair_inc 0 prop_inc 0 fast_inc 0 eta_inc 3060687 multi_dec -328555 quick_dec -873210 nack_dec -136173950
Flow Uec_564_0 flowId 819 uecSrc 818 finished at 744658 total messages 1 total packets 3916 RTS 0 total bytes 16000776 in_flight now 0 fair_inc 0 prop_inc 0 fast_inc 0 eta_inc 2968986 multi_dec -335674 quick_dec -876521 nack_dec -135026222
Flow Uec_958_0 flowId 864 uecSrc 863 finished at 744660 total messages 1 total packets 3916 RTS 0 total bytes 16000776 in_flight now 0 fair_inc 0 prop_inc 0 fast_inc 0 eta_inc 2954367 multi_dec -297485 quick_dec -868526 nack_dec -134109848
Flow Uec_288_0 flowId 804 uecSrc 803 finished at 744692 total messages 1 total packets 3916 RTS 0 total bytes 16000776 in_flight now 0 fair_inc 0 prop_inc 0 fast_inc 0 eta_inc 2984934 multi_dec -300293 quick_dec -844964 nack_dec -135076798
Flow Uec_326_0 flowId 986 uecSrc 985 finished at 744706 total messages 1 total packets 3916 RTS 0 total bytes 16000776 in_flight now 0 fair_inc 0 prop_inc 0 fast_inc 0 eta_inc 2954367 multi_dec -290105 quick_dec -844380 nack_dec -135749638
Flow Uec_155_0 flowId 215 uecSrc 214 finished at 744725 total messages 1 total packets 3916 RTS 0 total bytes 16000776 in_flight now 0 fair_inc 0 prop_inc 0 fast_inc 0 eta_inc 2971644 multi_dec -318004 quick_dec -882168 nack_dec -135136450
Flow Uec_380_0 flowId 893 uecSrc 892 finished at 744736 total messages 1 total packets 3916 RTS 0 total bytes 16000776 in_flight now 0 fair_inc 0 prop_inc 0 fast_inc 0 eta_inc 3042081 multi_dec -319691 quick_dec -899368 nack_dec -135011950
Flow Uec_232_0 flowId 228 uecSrc 227 finished at 744747 total messages 1 total packets 3916 RTS 0 total bytes 16000776 in_flight now 0 fair_inc 0 prop_inc 0 fast_inc 0 eta_inc 3002211 multi_dec -322607 quick_dec -854835 nack_dec -135197924
Flow Uec_243_0 flowId 3 uecSrc 2 finished at 744750 total messages 1 total packets 3916 RTS 0 total bytes 16000776 in_flight now 0 fair_inc 0 prop_inc 0 fast_inc 0 eta_inc 3002211 multi_dec -269607 quick_dec -904707 nack_dec -134261070
Flow Uec_496_0 flowId 18 uecSrc 17 finished at 744756 total messages 1 total packets 3916 RTS 0 total bytes 16000776 in_flight now 0 fair_inc 0 prop_inc 0 fast_inc 0 eta_inc 3026133 multi_dec -307160 quick_dec -886656 nack_dec -135400498
Flow Uec_298_0 flowId 797 uecSrc 796 finished at 744759 total messages 1 total packets 3916 RTS 0 total bytes 16000776 in_flight now 0 fair_inc 0 prop_inc 0 fast_inc 0 eta_inc 2933103 multi_dec -269535 quick_dec -907298 nack_dec -136402470
Flow Uec_117_0 flowId 780 uecSrc 779 finished at 744783 total messages 1 total packets 3916 RTS 0 total bytes 16000776 in_flight now 0 fair_inc 0 prop_inc 0 fast_inc 0 eta_inc 3015501 multi_dec -314899 quick_dec -857793 nack_dec -135444596
Flow Uec_804_0 flowId 559 uecSrc 558 finished at 744787 total messages 1 total packets 3916 RTS 0 total bytes 16000776 in_flight now 0 fair_inc 0 prop_inc 0 fast_inc 0 eta_inc 2998224 multi_dec -303815 quick_dec -894262 nack_dec -135924950
Flow Uec_960_0 flowId 472 uecSrc 471 finished at 744801 total messages 1 total packets 3916 RTS 0 total bytes 16000776 in_flight now 0 fair_inc 0 prop_inc 0 fast_inc 0 eta_inc 2860008 multi_dec -288962 quick_dec -826501 nack_dec -137190700
Flow Uec_754_0 flowId 450 uecSrc 449 finished at 744813 total messages 1 total packets 3916 RTS 0 total bytes 16000776 in_flight now 0 fair_inc 0 prop_inc 0 fast_inc 0 eta_inc 2999553 multi_dec -326141 quick_dec -847464 nack_dec -135907574
Flow Uec_334_0 flowId 691 uecSrc 690 finished at 744845 total messages 1 total packets 3916 RTS 0 total bytes 16000776 in_flight now 0 fair_inc 0 prop_inc 0 fast_inc 0 eta_inc 2986263 multi_dec -318244 quick_dec -900813 nack_dec -136103400
Flow Uec_204_0 flowId 563 uecSrc 562 finished at 744871 total messages 1 total packets 3916 RTS 0 total bytes 16000776 in_flight now 0 fair_inc 0 prop_inc 0 fast_inc 0 eta_inc 3016830 multi_dec -295589 quick_dec -855143 nack_dec -135349146
Flow Uec_749_0 flowId 474 uecSrc 473 finished at 744872 total messages 1 total packets 3916 RTS 0 total bytes 16000776 in_flight now 0 fair_inc 0 prop_inc 0 fast_inc 0 eta_inc 2998224 multi_dec -326867 quick_dec -841150 nack_dec -136245816
Flow Uec_709_0 flowId 633 uecSrc 632 finished at 744878 total messages 1 total packets 3916 RTS 0 total bytes 16000776 in_flight now 0 fair_inc 0 prop_inc 0 fast_inc 0 eta_inc 2954367 multi_dec -316511 quick_dec -859479 nack_dec -136021210
Flow Uec_143_0 flowId 331 uecSrc 330 finished at 744880 total messages 1 total packets 3916 RTS 0 total bytes 16000776 in_flight now 0 fair_inc 0 prop_inc 0 fast_inc 0 eta_inc 2842731 multi_dec -286386 quick_dec -842906 nack_dec -135034522
Flow Uec_432_0 flowId 775 uecSrc 774 finished at 744896 total messages 1 total packets 3916 RTS 0 total bytes 16000776 in_flight now 0 fair_inc 0 prop_inc 0 fast_inc 0 eta_inc 2992908 multi_dec -314793 quick_dec -893275 nack_dec -135929100
Flow Uec_188_0 flowId 567 uecSrc 566 finished at 744906 total messages 1 total packets 3916 RTS 0 total bytes 16000776 in_flight now 0 fair_inc 0 prop_inc 0 fast_inc 0 eta_inc 2939748 multi_dec -296759 quick_dec -826966 nack_dec -135651050
Flow Uec_537_0 flowId 745 uecSrc 744 finished at 744919 total messages 1 total packets 3916 RTS 0 total bytes 16000776 in_flight now 0 fair_inc 0 prop_inc 0 fast_inc 0 eta_inc 3016830 multi_dec -340082 quick_dec -859107 nack_dec -136622150
Flow Uec_575_0 flowId 848 uecSrc 847 finished at 744956 total messages 1 total packets 3916 RTS 0 total bytes 16000776 in_flight now 0 fair_inc 0 prop_inc 0 fast_inc 0 eta_inc 2992908 multi_dec -293613 quick_dec -862590 nack_dec -134343800
Flow Uec_245_0 flowId 107 uecSrc 106 finished at 744962 total messages 1 total packets 3916 RTS 0 total bytes 16000776 in_flight now 0 fair_inc 0 prop_inc 0 fast_inc 0 eta_inc 2919813 multi_dec -285487 quick_dec -898412 nack_dec -136102624
Flow Uec_837_0 flowId 672 uecSrc 671 finished at 744965 total messages 1 total packets 3916 RTS 0 total bytes 16000776 in_flight now 0 fair_inc 0 prop_inc 0 fast_inc 0 eta_inc 2998224 multi_dec -267326 quick_dec -874777 nack_dec -136810722
Flow Uec_443_0 flowId 766 uecSrc 765 finished at 744966 total messages 1 total packets 3916 RTS 0 total bytes 16000776 in_flight now 0 fair_inc 0 prop_inc 0 fast_inc 0 eta_inc 2947722 multi_dec -282095 quick_dec -869925 nack_dec -136631496
Flow Uec_287_0 flowId 416 uecSrc 415 finished at 744969 total messages 1 total packets 3916 RTS 0 total bytes 16000776 in_flight now 0 fair_inc 0 prop_inc 0 fast_inc 0 eta_inc 2979618 multi_dec -291175 quick_dec -861639 nack_dec -135991350
Flow Uec_310_0 flowId 284 uecSrc 283 finished at 745061 total messages 1 total packets 3916 RTS 0 total bytes 16000776 in_flight now 0 fair_inc 0 prop_inc 0 fast_inc 0 eta_inc 2992908 multi_dec -317986 quick_dec -846399 nack_dec -136572350
Flow Uec_1007_0 flowId 122 uecSrc 121 finished at 745063 total messages 1 total packets 3916 RTS 0 total bytes 16000776 in_flight now 0 fair_inc 0 prop_inc 0 fast_inc 0 eta_inc 2915826 multi_dec -298561 quick_dec -854354 nack_dec -135906292
Flow Uec_612_0 flowId 157 uecSrc 156 finished at 745075 total messages 1 total packets 3916 RTS 0 total bytes 16000776 in_flight now 0 fair_inc 0 prop_inc 0 fast_inc 0 eta_inc 3015501 multi_dec -307927 quick_dec -897192 nack_dec -134435370
Flow Uec_714_0 flowId 430 uecSrc 429 finished at 745090 total messages 1 total packets 3916 RTS 0 total bytes 16000776 in_flight now 0 fair_inc 0 prop_inc 0 fast_inc 0 eta_inc 2964999 multi_dec -293210 quick_dec -875166 nack_dec -135439400
Flow Uec_73_0 flowId 811 uecSrc 810 finished at 745127 total messages 1 total packets 3916 RTS 0 total bytes 16000776 in_flight now 0 fair_inc 0 prop_inc 0 fast_inc 0 eta_inc 2978289 multi_dec -329736 quick_dec -858686 nack_dec -135347324
Flow Uec_883_0 flowId 421 uecSrc 420 finished at 745141 total messages 1 total packets 3916 RTS 0 total bytes 16000776 in_flight now 0 fair_inc 0 prop_inc 0 fast_inc 0 eta_inc 3040752 multi_dec -330728 quick_dec -898800 nack_dec -135575574
Flow Uec_482_0 flowId 184 uecSrc 183 finished at 745150 total messages 1 total packets 3916 RTS 0 total bytes 16000776 in_flight now 0 fair_inc 0 prop_inc 0 fast_inc 0 eta_inc 2976960 multi_dec -304088 quick_dec -860713 nack_dec -135684520
Flow Uec_633_0 flowId 597 uecSrc 596 finished at 745150 total messages 1 total packets 3916 RTS 0 total bytes 16000776 in_flight now 0 fair_inc 0 prop_inc 0 fast_inc 0 eta_inc 2927787 multi_dec -282985 quick_dec -868783 nack_dec -136364074
Flow Uec_309_0 flowId 85 uecSrc 84 finished at 745179 total messages 1 total packets 3916 RTS 0 total bytes 16000776 in_flight now 0 fair_inc 0 prop_inc 0 fast_inc 0 eta_inc 2998224 multi_dec -308130 quick_dec -880267 nack_dec -135618896
Flow Uec_681_0 flowId 913 uecSrc 912 finished at 745191 total messages 1 total packets 3916 RTS 0 total bytes 16000776 in_flight now 0 fair_inc 0 prop_inc 0 fast_inc 0 eta_inc 2902536 multi_dec -274865 quick_dec -845042 nack_dec -136015474
Flow Uec_455_0 flowId 22 uecSrc 21 finished at 745192 total messages 1 total packets 3916 RTS 0 total bytes 16000776 in_flight now 0 fair_inc 0 prop_inc 0 fast_inc 0 eta_inc 2925129 multi_dec -290059 quick_dec -888513 nack_dec -135972422
Flow Uec_925_0 flowId 798 uecSrc 797 finished at 745217 total messages 1 total packets 3916 RTS 0 total bytes 16000776 in_flight now 0 fair_inc 0 prop_inc 0 fast_inc 0 eta_inc 3002211 multi_dec -312372 quick_dec -845852 nack_dec -136143348
Flow Uec_873_0 flowId 840 uecSrc 839 finished at 745219 total messages 1 total packets 3916 RTS 0 total bytes 16000776 in_flight now 0 fair_inc 0 prop_inc 0 fast_inc 0 eta_inc 2954367 multi_dec -312122 quick_dec -852005 nack_dec -136406620
Flow Uec_120_0 flowId 438 uecSrc 437 finished at 745248 total messages 1 total packets 3916 RTS 0 total bytes 16000776 in_flight now 0 fair_inc 0 prop_inc 0 fast_inc 0 eta_inc 3022146 multi_dec -320268 quick_dec -861536 nack_dec -134475824
Flow Uec_293_0 flowId 457 uecSrc 456 finished at 745251 total messages 1 total packets 3916 RTS 0 total bytes 16000776 in_flight now 0 fair_inc 0 prop_inc 0 fast_inc 0 eta_inc 2955696 multi_dec -301478 quick_dec -879476 nack_dec -135099100
Flow Uec_495_0 flowId 299 uecSrc 298 finished at 745266 total messages 1 total packets 3916 RTS 0 total bytes 16000776 in_flight now 0 fair_inc 0 prop_inc 0 fast_inc 0 eta_inc 3042081 multi_dec -318960 quick_dec -905915 nack_dec -135275222
Flow Uec_485_0 flowId 174 uecSrc 173 finished at 745295 total messages 1 total packets 3916 RTS 0 total bytes 16000776 in_flight now 0 fair_inc 0 prop_inc 0 fast_inc 0 eta_inc 2982276 multi_dec -312254 quick_dec -877890 nack_dec -134294000
Flow Uec_1008_0 flowId 768 uecSrc 767 finished at 745316 total messages 1 total packets 3916 RTS 0 total bytes 16000776 in_flight now 0 fair_inc 0 prop_inc 0 fast_inc 0 eta_inc 2954367 multi_dec -317957 quick_dec -851772 nack_dec -134841800
Flow Uec_661_0 flowId 536 uecSrc 535 finished at 745317 total messages 1 total packets 3916 RTS 0 total bytes 16000776 in_flight now 0 fair_inc 0 prop_inc 0 fast_inc 0 eta_inc 3036765 multi_dec -313984 quick_dec -890277 nack_dec -135197924
Flow Uec_1002_0 flowId 696 uecSrc 695 finished at 745339 total messages 1 total packets 3916 RTS 0 total bytes 16000776 in_flight now 0 fair_inc 0 prop_inc 0 fast_inc 0 eta_inc 2962341 multi_dec -289407 quick_dec -875378 nack_dec -136172398
Flow Uec_486_0 flowId 781 uecSrc 780 finished at 745347 total messages 1 total packets 3916 RTS 0 total bytes 16000776 in_flight now 0 fair_inc 0 prop_inc 0 fast_inc 0 eta_inc 2874627 multi_dec -288263 quick_dec -903613 nack_dec -134886944
Flow Uec_402_0 flowId 263 uecSrc 262 finished at 745363 total messages 1 total packets 3916 RTS 0 total bytes 16000776 in_flight now 0 fair_inc 0 prop_inc 0 fast_inc 0 eta_inc 2934432 multi_dec -280896 quick_dec -861482 nack_dec -135907574
Flow Uec_96_0 flowId 39 uecSrc 38 finished at 745378 total messages 1 total packets 3916 RTS 0 total bytes 16000776 in_flight now 0 fair_inc 0 prop_inc 0 fast_inc 0 eta_inc 2953038 multi_dec -306857 quick_dec -807146 nack_dec -136302600
Flow Uec_1009_0 flowId 258 uecSrc 257 finished at 745378 total messages 1 total packets 3916 RTS 0 total bytes 16000776 in_flight now 0 fair_inc 0 prop_inc 0 fast_inc 0 eta_inc 2958354 multi_dec -329632 quick_dec -842866 nack_dec -136254622
Flow Uec_593_0 flowId 882 uecSrc 881 finished at 745382 total messages 1 total packets 3916 RTS 0 total bytes 16000776 in_flight now 0 fair_inc 0 prop_inc 0 fast_inc 0 eta_inc 2939748 multi_dec -308811 quick_dec -877150 nack_dec -135853894
Flow Uec_551_0 flowId 356 uecSrc 355 finished at 745383 total messages 1 total packets 3916 RTS 0 total bytes 16000776 in_flight now 0 fair_inc 0 prop_inc 0 fast_inc 0 eta_inc 2951709 multi_dec -319140 quick_dec -860489 nack_dec -135385450
Flow Uec_560_0 flowId 5 uecSrc 4 finished at 745384 total messages 1 total packets 3916 RTS 0 total bytes 16000776 in_flight now 0 fair_inc 0 prop_inc 0 fast_inc 0 eta_inc 2906523 multi_dec -275255 quick_dec -879463 nack_dec -136296898
Flow Uec_491_0 flowId 396 uecSrc 395 finished at 745409 total messages 1 total packets 3916 RTS 0 total bytes 16000776 in_flight now 0 fair_inc 0 prop_inc 0 fast_inc 0 eta_inc 2941077 multi_dec -273629 quick_dec -856922 nack_dec -136227900
Flow Uec_950_0 flowId 264 uecSrc 263 finished at 745413 total messages 1 total packets 3916 RTS 0 total bytes 16000776 in_flight now 0 fair_inc 0 prop_inc 0 fast_inc 0 eta_inc 2979618 multi_dec -283638 quick_dec -849029 nack_dec -134389450
Flow Uec_644_0 flowId 268 uecSrc 267 finished at 745436 total messages 1 total packets 3916 RTS 0 total bytes 16000776 in_flight now 0 fair_inc 0 prop_inc 0 fast_inc 0 eta_inc 3014172 multi_dec -320741 quick_dec -836424 nack_dec -135388824
Flow Uec_505_0 flowId 699 uecSrc 698 finished at 745450 total messages 1 total packets 3916 RTS 0 total bytes 16000776 in_flight now 0 fair_inc 0 prop_inc 0 fast_inc 0 eta_inc 2958354 multi_dec -277077 quick_dec -911639 nack_dec -135817050
Flow Uec_673_0 flowId 790 uecSrc 789 finished at 745458 total messages 1 total packets 3916 RTS 0 total bytes 16000776 in_flight now 0 fair_inc 0 prop_inc 0 fast_inc 0 eta_inc 2917155 multi_dec -277898 quick_dec -852786 nack_dec -135891750
Flow Uec_850_0 flowId 933 uecSrc 932 finished at 745459 total messages 1 total packets 3916 RTS 0 total bytes 16000776 in_flight now 0 fair_inc 0 prop_inc 0 fast_inc 0 eta_inc 3008856 multi_dec -277881 quick_dec -906069 nack_dec -135143974
Flow Uec_182_0 flowId 820 uecSrc 819 finished at 745474 total messages 1 total packets 3916 RTS 0 total bytes 16000776 in_flight now 0 fair_inc 0 prop_inc 0 fast_inc 0 eta_inc 2874627 multi_dec -265384 quick_dec -852313 nack_dec -136427100
Flow Uec_104_0 flowId 544 uecSrc 543 finished at 745529 total messages 1 total packets 3916 RTS 0 total bytes 16000776 in_flight now 0 fair_inc 0 prop_inc 0 fast_inc 0 eta_inc 2950380 multi_dec -316864 quick_dec -876451 nack_dec -134970214
Flow Uec_776_0 flowId 429 uecSrc 428 finished at 745535 total messages 1 total packets 3916 RTS 0 total bytes 16000776 in_flight now 0 fair_inc 0 prop_inc 0 fast_inc 0 eta_inc 3003540 multi_dec -286535 quick_dec -909003 nack_dec -134958000
Flow Uec_152_0 flowId 332 uecSrc 331 finished at 745563 total messages 1 total packets 3916 RTS 0 total bytes 16000776 in_flight now 0 fair_inc 0 prop_inc 0 fast_inc 0 eta_inc 2901207 multi_dec -268580 quick_dec -869462 nack_dec -134773848
Flow Uec_92_0 flowId 558 uecSrc 557 finished at 745572 total messages 1 total packets 3916 RTS 0 total bytes 16000776 in_flight now 0 fair_inc 0 prop_inc 0 fast_inc 0 eta_inc 2953038 multi_dec -319579 quick_dec -882526 nack_dec -135148900
Flow Uec_300_0 flowId 309 uecSrc 308 finished at 745603 total messages 1 total packets 3916 RTS 0 total bytes 16000776 in_flight now 0 fair_inc 0 prop_inc 0 fast_inc 0 eta_inc 2987592 multi_dec -306474 quick_dec -867932 nack_dec -135093398
Flow Uec_930_0 flowId 547 uecSrc 546 finished at 745615 total messages 1 total packets 3916 RTS 0 total bytes 16000776 in_flight now 0 fair_inc 0 prop_inc 0 fast_inc 0 eta_inc 2983605 multi_dec -303678 quick_dec -859525 nack_dec -135584650
Flow Uec_956_0 flowId 491 uecSrc 490 finished at 745627 total messages 1 total packets 3916 RTS 0 total bytes 16000776 in_flight now 0 fair_inc 0 prop_inc 0 fast_inc 0 eta_inc 2922471 multi_dec -307741 quick_dec -870251 nack_dec -135709960
Flow Uec_158_0 flowId 527 uecSrc 526 finished at 745632 total messages 1 total packets 3916 RTS 0 total bytes 16000776 in_flight now 0 fair_inc 0 prop_inc 0 fast_inc 0 eta_inc 2931774 multi_dec -285183 quick_dec -849937 nack_dec -135060974
Flow Uec_141_0 flowId 412 uecSrc 411 finished at 745633 total messages 1 total packets 3916 RTS 0 total bytes 16000776 in_flight now 0 fair_inc 0 prop_inc 0 fast_inc 0 eta_inc 2958354 multi_dec -304754 quick_dec -819733 nack_dec -134948924
Flow Uec_500_0 flowId 1006 uecSrc 1005 finished at 745637 total messages 1 total packets 3916 RTS 0 total bytes 16000776 in_flight now 0 fair_inc 0 prop_inc 0 fast_inc 0 eta_inc 2935761 multi_dec -266008 quick_dec -865564 nack_dec -135243574
Flow Uec_884_0 flowId 635 uecSrc 634 finished at 745638 total messages 1 total packets 3916 RTS 0 total bytes 16000776 in_flight now 0 fair_inc 0 prop_inc 0 fast_inc 0 eta_inc 2998224 multi_dec -310940 quick_dec -854409 nack_dec -134194400
Flow Uec_683_0 flowId 11 uecSrc 10 finished at 745644 total messages 1 total packets 3916 RTS 0 total bytes 16000776 in_flight now 0 fair_inc 0 prop_inc 0 fast_inc 0 eta_inc 2962341 multi_dec -296507 quick_dec -910040 nack_dec -136331650
Flow Uec_341_0 flowId 940 uecSrc 939 finished at 745645 total messages 1 total packets 3916 RTS 0 total bytes 16000776 in_flight now 0 fair_inc 0 prop_inc 0 fast_inc 0 eta_inc 2934432 multi_dec -295609 quick_dec -838190 nack_dec -136115074
Flow Uec_907_0 flowId 602 uecSrc 601 finished at 745645 total messages 1 total packets 3916 RTS 0 total bytes 16000776 in_flight now 0 fair_inc 0 prop_inc 0 fast_inc 0 eta_inc 2962341 multi_dec -298619 quick_dec -885222 nack_dec -136501800
Flow Uec_278_0 flowId 473 uecSrc 472 finished at 745647 total messages 1 total packets 3916 RTS 0 total bytes 16000776 in_flight now 0 fair_inc 0 prop_inc 0 fast_inc 0 eta_inc 3054042 multi_dec -309170 quick_dec -846978 nack_dec -135236320
Flow Uec_270_0 flowId 62 uecSrc 61 finished at 745674 total messages 1 total packets 3916 RTS 0 total bytes 16000776 in_flight now 0 fair_inc 0 prop_inc 0 fast_inc 0 eta_inc 2954367 multi_dec -304984 quick_dec -873934 nack_dec -135019474
Flow Uec_308_0 flowId 336 uecSrc 335 finished at 745682 total messages 1 total packets 3916 RTS 0 total bytes 16000776 in_flight now 0 fair_inc 0 prop_inc 0 fast_inc 0 eta_inc 2911839 multi_dec -296289 quick_dec -840884 nack_dec -135297524
Flow Uec_484_0 flowId 1012 uecSrc 1011 finished at 745683 total messages 1 total packets 3916 RTS 0 total bytes 16000776 in_flight now 0 fair_inc 0 prop_inc 0 fast_inc 0 eta_inc 3003540 multi_dec -306390 quick_dec -883377 nack_dec -136326724
Flow Uec_470_0 flowId 825 uecSrc 824 finished at 745694 total messages 1 total packets 3916 RTS 0 total bytes 16000776 in_flight now 0 fair_inc 0 prop_inc 0 fast_inc 0 eta_inc 2909181 multi_dec -311939 quick_dec -843398 nack_dec -135692044
Flow Uec_906_0 flowId 703 uecSrc 702 finished at 745702 total messages 1 total packets 3916 RTS 0 total bytes 16000776 in_flight now 0 fair_inc 0 prop_inc 0 fast_inc 0 eta_inc 2929116 multi_dec -287713 quick_dec -918488 nack_dec -135040224
Flow Uec_748_0 flowId 770 uecSrc 769 finished at 745703 total messages 1 total packets 3916 RTS 0 total bytes 16000776 in_flight now 0 fair_inc 0 prop_inc 0 fast_inc 0 eta_inc 2945064 multi_dec -316744 quick_dec -835838 nack_dec -135153050
Flow Uec_150_0 flowId 761 uecSrc 760 finished at 745707 total messages 1 total packets 3916 RTS 0 total bytes 16000776 in_flight now 0 fair_inc 0 prop_inc 0 fast_inc 0 eta_inc 2891904 multi_dec -289493 quick_dec -844525 nack_dec -135983050
Flow Uec_227_0 flowId 276 uecSrc 275 finished at 745711 total messages 1 total packets 3916 RTS 0 total bytes 16000776 in_flight now 0 fair_inc 0 prop_inc 0 fast_inc 0 eta_inc 3012843 multi_dec -315476 quick_dec -826152 nack_dec -136439550
Flow Uec_109_0 flowId 339 uecSrc 338 finished at 745715 total messages 1 total packets 3916 RTS 0 total bytes 16000776 in_flight now 0 fair_inc 0 prop_inc 0 fast_inc 0 eta_inc 2961012 multi_dec -286852 quick_dec -918222 nack_dec -134991200
Flow Uec_544_0 flowId 526 uecSrc 525 finished at 745720 total messages 1 total packets 3916 RTS 0 total bytes 16000776 in_flight now 0 fair_inc 0 prop_inc 0 fast_inc 0 eta_inc 2980947 multi_dec -299038 quick_dec -872599 nack_dec -134870850
Flow Uec_626_0 flowId 335 uecSrc 334 finished at 745726 total messages 1 total packets 3916 RTS 0 total bytes 16000776 in_flight now 0 fair_inc 0 prop_inc 0 fast_inc 0 eta_inc 2959683 multi_dec -284600 quick_dec -896014 nack_dec -135127138
Flow Uec_729_0 flowId 937 uecSrc 936 finished at 745732 total messages 1 total packets 3916 RTS 0 total bytes 16000776 in_flight now 0 fair_inc 0 prop_inc 0 fast_inc 0 eta_inc 2926458 multi_dec -335040 quick_dec -874276 nack_dec -134689296
Flow Uec_555_0 flowId 981 uecSrc 980 finished at 745745 total messages 1 total packets 3916 RTS 0 total bytes 16000776 in_flight now 0 fair_inc 0 prop_inc 0 fast_inc 0 eta_inc 2962341 multi_dec -278900 quick_dec -853923 nack_dec -135525774
Flow Uec_192_0 flowId 549 uecSrc 548 finished at 745764 total messages 1 total packets 3916 RTS 0 total bytes 16000776 in_flight now 0 fair_inc 0 prop_inc 0 fast_inc 0 eta_inc 2951709 multi_dec -299473 quick_dec -828725 nack_dec -135135674
Flow Uec_435_0 flowId 381 uecSrc 380 finished at 745768 total messages 1 total packets 3916 RTS 0 total bytes 16000776 in_flight now 0 fair_inc 0 prop_inc 0 fast_inc 0 eta_inc 2939748 multi_dec -291594 quick_dec -877674 nack_dec -136491172
Flow Uec_434_0 flowId 325 uecSrc 324 finished at 745769 total messages 1 total packets 3916 RTS 0 total bytes 16000776 in_flight now 0 fair_inc 0 prop_inc 0 fast_inc 0 eta_inc 2988921 multi_dec -313924 quick_dec -877244 nack_dec -135105072
Flow Uec_390_0 flowId 640 uecSrc 639 finished at 745771 total messages 1 total packets 3916 RTS 0 total bytes 16000776 in_flight now 0 fair_inc 0 prop_inc 0 fast_inc 0 eta_inc 2919813 multi_dec -279671 quick_dec -794653 nack_dec -138257250
Flow Uec_980_0 flowId 456 uecSrc 455 finished at 745782 total messages 1 total packets 3916 RTS 0 total bytes 16000776 in_flight now 0 fair_inc 0 prop_inc 0 fast_inc 0 eta_inc 3058029 multi_dec -359131 quick_dec -867942 nack_dec -135664040
Flow Uec_847_0 flowId 705 uecSrc 704 finished at 745790 total messages 1 total packets 3916 RTS 0 total bytes 16000776 in_flight now 0 fair_inc 0 prop_inc 0 fast_inc 0 eta_inc 2925129 multi_dec -301428 quick_dec -836030 nack_dec -135981498
Flow Uec_461_0 flowId 1013 uecSrc 1012 finished at 745807 total messages 1 total packets 3916 RTS 0 total bytes 16000776 in_flight now 0 fair_inc 0 prop_inc 0 fast_inc 0 eta_inc 2906523 multi_dec -306795 quick_dec -877294 nack_dec -135798122
Flow Uec_623_0 flowId 1000 uecSrc 999 finished at 745820 total messages 1 total packets 3916 RTS 0 total bytes 16000776 in_flight now 0 fair_inc 0 prop_inc 0 fast_inc 0 eta_inc 2871969 multi_dec -286874 quick_dec -850503 nack_dec -135567544
Flow Uec_430_0 flowId 343 uecSrc 342 finished at 745823 total messages 1 total packets 3916 RTS 0 total bytes 16000776 in_flight now 0 fair_inc 0 prop_inc 0 fast_inc 0 eta_inc 2935761 multi_dec -289766 quick_dec -893801 nack_dec -135505800
Flow Uec_705_0 flowId 17 uecSrc 16 finished at 745833 total messages 1 total packets 3916 RTS 0 total bytes 16000776 in_flight now 0 fair_inc 0 prop_inc 0 fast_inc 0 eta_inc 3022146 multi_dec -319655 quick_dec -845643 nack_dec -136368224
Flow Uec_368_0 flowId 530 uecSrc 529 finished at 745836 total messages 1 total packets 3916 RTS 0 total bytes 16000776 in_flight now 0 fair_inc 0 prop_inc 0 fast_inc 0 eta_inc 2919813 multi_dec -299077 quick_dec -826695 nack_dec -135778148
Flow Uec_129_0 flowId 733 uecSrc 732 finished at 745843 total messages 1 total packets 3916 RTS 0 total bytes 16000776 in_flight now 0 fair_inc 0 prop_inc 0 fast_inc 0 eta_inc 2961012 multi_dec -322212 quick_dec -879283 nack_dec -135666874
Flow Uec_133_0 flowId 851 uecSrc 850 finished at 745867 total messages 1 total packets 3916 RTS 0 total bytes 16000776 in_flight now 0 fair_inc 0 prop_inc 0 fast_inc 0 eta_inc 2881272 multi_dec -296379 quick_dec -835802 nack_dec -136155798
Flow Uec_556_0 flowId 596 uecSrc 595 finished at 745876 total messages 1 total packets 3916 RTS 0 total bytes 16000776 in_flight now 0 fair_inc 0 prop_inc 0 fast_inc 0 eta_inc 2984934 multi_dec -325823 quick_dec -808762 nack_dec -136517894
Flow Uec_392_0 flowId 391 uecSrc 390 finished at 745880 total messages 1 total packets 3916 RTS 0 total bytes 16000776 in_flight now 0 fair_inc 0 prop_inc 0 fast_inc 0 eta_inc 3034107 multi_dec -313757 quick_dec -901927 nack_dec -135364700
Flow Uec_147_0 flowId 90 uecSrc 89 finished at 745885 total messages 1 total packets 3916 RTS 0 total bytes 16000776 in_flight now 0 fair_inc 0 prop_inc 0 fast_inc 0 eta_inc 2893233 multi_dec -273032 quick_dec -798337 nack_dec -136891900
Flow Uec_779_0 flowId 487 uecSrc 486 finished at 745894 total messages 1 total packets 3916 RTS 0 total bytes 16000776 in_flight now 0 fair_inc 0 prop_inc 0 fast_inc 0 eta_inc 2885259 multi_dec -273059 quick_dec -918823 nack_dec -133806898
Flow Uec_431_0 flowId 497 uecSrc 496 finished at 745925 total messages 1 total packets 3916 RTS 0 total bytes 16000776 in_flight now 0 fair_inc 0 prop_inc 0 fast_inc 0 eta_inc 3050055 multi_dec -316008 quick_dec -897966 nack_dec -134913396
Flow Uec_853_0 flowId 144 uecSrc 143 finished at 745926 total messages 1 total packets 3916 RTS 0 total bytes 16000776 in_flight now 0 fair_inc 0 prop_inc 0 fast_inc 0 eta_inc 2889246 multi_dec -284627 quick_dec -856025 nack_dec -134894974
Flow Uec_524_0 flowId 128 uecSrc 127 finished at 745936 total messages 1 total packets 3916 RTS 0 total bytes 16000776 in_flight now 0 fair_inc 0 prop_inc 0 fast_inc 0 eta_inc 2954367 multi_dec -289398 quick_dec -884694 nack_dec -135192222
Flow Uec_742_0 flowId 945 uecSrc 944 finished at 745954 total messages 1 total packets 3916 RTS 0 total bytes 16000776 in_flight now 0 fair_inc 0 prop_inc 0 fast_inc 0 eta_inc 2966328 multi_dec -298925 quick_dec -837426 nack_dec -137659650
Flow Uec_545_0 flowId 324 uecSrc 323 finished at 745960 total messages 1 total packets 3916 RTS 0 total bytes 16000776 in_flight now 0 fair_inc 0 prop_inc 0 fast_inc 0 eta_inc 2905194 multi_dec -286247 quick_dec -867100 nack_dec -135212972
Flow Uec_723_0 flowId 56 uecSrc 55 finished at 745972 total messages 1 total packets 3916 RTS 0 total bytes 16000776 in_flight now 0 fair_inc 0 prop_inc 0 fast_inc 0 eta_inc 2972973 multi_dec -338775 quick_dec -894333 nack_dec -135717450
Flow Uec_306_0 flowId 734 uecSrc 733 finished at 745985 total messages 1 total packets 3916 RTS 0 total bytes 16000776 in_flight now 0 fair_inc 0 prop_inc 0 fast_inc 0 eta_inc 3050055 multi_dec -314032 quick_dec -870359 nack_dec -134029716
Flow Uec_452_0 flowId 323 uecSrc 322 finished at 745989 total messages 1 total packets 3916 RTS 0 total bytes 16000776 in_flight now 0 fair_inc 0 prop_inc 0 fast_inc 0 eta_inc 2986263 multi_dec -287426 quick_dec -867421 nack_dec -136112746
Flow Uec_208_0 flowId 73 uecSrc 72 finished at 745990 total messages 1 total packets 3916 RTS 0 total bytes 16000776 in_flight now 0 fair_inc 0 prop_inc 0 fast_inc 0 eta_inc 2918484 multi_dec -279526 quick_dec -887560 nack_dec -135626150
Flow Uec_948_0 flowId 590 uecSrc 589 finished at 745996 total messages 1 total packets 3916 RTS 0 total bytes 16000776 in_flight now 0 fair_inc 0 prop_inc 0 fast_inc 0 eta_inc 2906523 multi_dec -272738 quick_dec -818606 nack_dec -135949074
Flow Uec_931_0 flowId 51 uecSrc 50 finished at 745997 total messages 1 total packets 3916 RTS 0 total bytes 16000776 in_flight now 0 fair_inc 0 prop_inc 0 fast_inc 0 eta_inc 2991579 multi_dec -334056 quick_dec -865213 nack_dec -135426950
Flow Uec_879_0 flowId 126 uecSrc 125 finished at 746003 total messages 1 total packets 3916 RTS 0 total bytes 16000776 in_flight now 0 fair_inc 0 prop_inc 0 fast_inc 0 eta_inc 2950380 multi_dec -266219 quick_dec -876129 nack_dec -135442774
Flow Uec_726_0 flowId 247 uecSrc 246 finished at 746021 total messages 1 total packets 3916 RTS 0 total bytes 16000776 in_flight now 0 fair_inc 0 prop_inc 0 fast_inc 0 eta_inc 2945064 multi_dec -306284 quick_dec -861972 nack_dec -134762950
Flow Uec_411_0 flowId 405 uecSrc 404 finished at 746043 total messages 1 total packets 3916 RTS 0 total bytes 16000776 in_flight now 0 fair_inc 0 prop_inc 0 fast_inc 0 eta_inc 2917155 multi_dec -274447 quick_dec -867132 nack_dec -136310124
Flow Uec_902_0 flowId 281 uecSrc 280 finished at 746070 total messages 1 total packets 3916 RTS 0 total bytes 16000776 in_flight now 0 fair_inc 0 prop_inc 0 fast_inc 0 eta_inc 2918484 multi_dec -320331 quick_dec -849818 nack_dec -136858700
Flow Uec_102_0 flowId 706 uecSrc 705 finished at 746106 total messages 1 total packets 3916 RTS 0 total bytes 16000776 in_flight now 0 fair_inc 0 prop_inc 0 fast_inc 0 eta_inc 2996895 multi_dec -284052 quick_dec -892398 nack_dec -135551450
Flow Uec_875_0 flowId 615 uecSrc 614 finished at 746120 total messages 1 total packets 3916 RTS 0 total bytes 16000776 in_flight now 0 fair_inc 0 prop_inc 0 fast_inc 0 eta_inc 2942406 multi_dec -296204 quick_dec -846763 nack_dec -135729124
Flow Uec_428_0 flowId 205 uecSrc 204 finished at 746125 total messages 1 total packets 3916 RTS 0 total bytes 16000776 in_flight now 0 fair_inc 0 prop_inc 0 fast_inc 0 eta_inc 2988921 multi_dec -301557 quick_dec -888256 nack_dec -135173024
Flow Uec_663_0 flowId 880 uecSrc 879 finished at 746129 total messages 1 total packets 3916 RTS 0 total bytes 16000776 in_flight now 0 fair_inc 0 prop_inc 0 fast_inc 0 eta_inc 3004869 multi_dec -302660 quick_dec -882257 nack_dec -135380524
Flow Uec_201_0 flowId 223 uecSrc 222 finished at 746129 total messages 1 total packets 3916 RTS 0 total bytes 16000776 in_flight now 0 fair_inc 0 prop_inc 0 fast_inc 0 eta_inc 2942406 multi_dec -310679 quick_dec -877373 nack_dec -135695148
Flow Uec_374_0 flowId 843 uecSrc 842 finished at 746150 total messages 1 total packets 3916 RTS 0 total bytes 16000776 in_flight now 0 fair_inc 0 prop_inc 0 fast_inc 0 eta_inc 2975631 multi_dec -285308 quick_dec -873189 nack_dec -136497650
Flow Uec_797_0 flowId 849 uecSrc 848 finished at 746159 total messages 1 total packets 3916 RTS 0 total bytes 16000776 in_flight now 0 fair_inc 0 prop_inc 0 fast_inc 0 eta_inc 2976960 multi_dec -290057 quick_dec -863736 nack_dec -134864642
Flow Uec_675_0 flowId 508 uecSrc 507 finished at 746170 total messages 1 total packets 3916 RTS 0 total bytes 16000776 in_flight now 0 fair_inc 0 prop_inc 0 fast_inc 0 eta_inc 3011514 multi_dec -317010 quick_dec -870751 nack_dec -136116896
Flow Uec_993_0 flowId 938 uecSrc 937 finished at 746184 total messages 1 total packets 3916 RTS 0 total bytes 16000776 in_flight now 0 fair_inc 0 prop_inc 0 fast_inc 0 eta_inc 3004869 multi_dec -275557 quick_dec -893187 nack_dec -135055272
Flow Uec_798_0 flowId 898 uecSrc 897 finished at 746194 total messages 1 total packets 3916 RTS 0 total bytes 16000776 in_flight now 0 fair_inc 0 prop_inc 0 fast_inc 0 eta_inc 2950380 multi_dec -282261 quick_dec -893282 nack_dec -135555600
Flow Uec_933_0 flowId 322 uecSrc 321 finished at 746196 total messages 1 total packets 3916 RTS 0 total bytes 16000776 in_flight now 0 fair_inc 0 prop_inc 0 fast_inc 0 eta_inc 3023475 multi_dec -310562 quick_dec -912333 nack_dec -134850100
Flow Uec_634_0 flowId 53 uecSrc 52 finished at 746197 total messages 1 total packets 3916 RTS 0 total bytes 16000776 in_flight now 0 fair_inc 0 prop_inc 0 fast_inc 0 eta_inc 3004869 multi_dec -312630 quick_dec -827104 nack_dec -136020400
Flow Uec_656_0 flowId 23 uecSrc 22 finished at 746209 total messages 1 total packets 3916 RTS 0 total bytes 16000776 in_flight now 0 fair_inc 0 prop_inc 0 fast_inc 0 eta_inc 3015501 multi_dec -307003 quick_dec -892729 nack_dec -135924444
Flow Uec_641_0 flowId 537 uecSrc 536 finished at 746210 total messages 1 total packets 3916 RTS 0 total bytes 16000776 in_flight now 0 fair_inc 0 prop_inc 0 fast_inc 0 eta_inc 2860008 multi_dec -295971 quick_dec -832917 nack_dec -135430324
Flow Uec_809_0 flowId 692 uecSrc 691 finished at 746210 total messages 1 total packets 3916 RTS 0 total bytes 16000776 in_flight now 0 fair_inc 0 prop_inc 0 fast_inc 0 eta_inc 2919813 multi_dec -290477 quick_dec -845781 nack_dec -135824574
Flow Uec_704_0 flowId 27 uecSrc 26 finished at 746219 total messages 1 total packets 3916 RTS 0 total bytes 16000776 in_flight now 0 fair_inc 0 prop_inc 0 fast_inc 0 eta_inc 3002211 multi_dec -298364 quick_dec -857915 nack_dec -136842100
Flow Uec_579_0 flowId 723 uecSrc 722 finished at 746248 total messages 1 total packets 3916 RTS 0 total bytes 16000776 in_flight now 0 fair_inc 0 prop_inc 0 fast_inc 0 eta_inc 2934432 multi_dec -257649 quick_dec -883798 nack_dec -136007174
Flow Uec_864_0 flowId 41 uecSrc 40 finished at 746252 total messages 1 total packets 3916 RTS 0 total bytes 16000776 in_flight now 0 fair_inc 0 prop_inc 0 fast_inc 0 eta_inc 3020817 multi_dec -319120 quick_dec -859476 nack_dec -135617850
Flow Uec_285_0 flowId 240 uecSrc 239 finished at 746274 total messages 1 total packets 3916 RTS 0 total bytes 16000776 in_flight now 0 fair_inc 0 prop_inc 0 fast_inc 0 eta_inc 2964999 multi_dec -279537 quick_dec -889054 nack_dec -135313348
Flow Uec_751_0 flowId 891 uecSrc 890 finished at 746289 total messages 1 total packets 3916 RTS 0 total bytes 16000776 in_flight now 0 fair_inc 0 prop_inc 0 fast_inc 0 eta_inc 2962341 multi_dec -271657 quick_dec -868469 nack_dec -136601400
Flow Uec_256_0 flowId 803 uecSrc 802 finished at 746290 total messages 1 total packets 3916 RTS 0 total bytes 16000776 in_flight now 0 fair_inc 0 prop_inc 0 fast_inc 0 eta_inc 2991579 multi_dec -317107 quick_dec -866289 nack_dec -135105342
Flow Uec_877_0 flowId 249 uecSrc 248 finished at 746316 total messages 1 total packets 3916 RTS 0 total bytes 16000776 in_flight now 0 fair_inc 0 prop_inc 0 fast_inc 0 eta_inc 2988921 multi_dec -325708 quick_dec -869229 nack_dec -136432296
Flow Uec_221_0 flowId 572 uecSrc 571 finished at 746338 total messages 1 total packets 3916 RTS 0 total bytes 16000776 in_flight now 0 fair_inc 0 prop_inc 0 fast_inc 0 eta_inc 2951709 multi_dec -318554 quick_dec -859361 nack_dec -135383898
Flow Uec_536_0 flowId 257 uecSrc 256 finished at 746343 total messages 1 total packets 3916 RTS 0 total bytes 16000776 in_flight now 0 fair_inc 0 prop_inc 0 fast_inc 0 eta_inc 3019488 multi_dec -324268 quick_dec -848410 nack_dec -134592800
Flow Uec_974_0 flowId 935 uecSrc 934 finished at 746343 total messages 1 total packets 3916 RTS 0 total bytes 16000776 in_flight now 0 fair_inc 0 prop_inc 0 fast_inc 0 eta_inc 2909181 multi_dec -286525 quick_dec -821194 nack_dec -136545898
Flow Uec_819_0 flowId 630 uecSrc 629 finished at 746360 total messages 1 total packets 3916 RTS 0 total bytes 16000776 in_flight now 0 fair_inc 0 prop_inc 0 fast_inc 0 eta_inc 2968986 multi_dec -313556 quick_dec -842735 nack_dec -135518250
Flow Uec_525_0 flowId 853 uecSrc 852 finished at 746368 total messages 1 total packets 3916 RTS 0 total bytes 16000776 in_flight now 0 fair_inc 0 prop_inc 0 fast_inc 0 eta_inc 2953038 multi_dec -336943 quick_dec -860571 nack_dec -136040374
Flow Uec_845_0 flowId 269 uecSrc 268 finished at 746420 total messages 1 total packets 3916 RTS 0 total bytes 16000776 in_flight now 0 fair_inc 0 prop_inc 0 fast_inc 0 eta_inc 2995566 multi_dec -290918 quick_dec -862180 nack_dec -135425398
Flow Uec_909_0 flowId 366 uecSrc 365 finished at 746426 total messages 1 total packets 3916 RTS 0 total bytes 16000776 in_flight now 0 fair_inc 0 prop_inc 0 fast_inc 0 eta_inc 2947722 multi_dec -287820 quick_dec -802641 nack_dec -136076172
Flow Uec_918_0 flowId 939 uecSrc 938 finished at 746428 total messages 1 total packets 3916 RTS 0 total bytes 16000776 in_flight now 0 fair_inc 0 prop_inc 0 fast_inc 0 eta_inc 2962341 multi_dec -303153 quick_dec -846558 nack_dec -135074470
Flow Uec_173_0 flowId 878 uecSrc 877 finished at 746428 total messages 1 total packets 3916 RTS 0 total bytes 16000776 in_flight now 0 fair_inc 0 prop_inc 0 fast_inc 0 eta_inc 2947722 multi_dec -308168 quick_dec -872333 nack_dec -136219600
Flow Uec_323_0 flowId 591 uecSrc 590 finished at 746452 total messages 1 total packets 3916 RTS 0 total bytes 16000776 in_flight now 0 fair_inc 0 prop_inc 0 fast_inc 0 eta_inc 2968986 multi_dec -313463 quick_dec -869632 nack_dec -135912500
Flow Uec_595_0 flowId 196 uecSrc 195 finished at 746466 total messages 1 total packets 3916 RTS 0 total bytes 16000776 in_flight now 0 fair_inc 0 prop_inc 0 fast_inc 0 eta_inc 2972973 multi_dec -298720 quick_dec -879044 nack_dec -136273550
Flow Uec_290_0 flowId 252 uecSrc 251 finished at 746480 total messages 1 total packets 3916 RTS 0 total bytes 16000776 in_flight now 0 fair_inc 0 prop_inc 0 fast_inc 0 eta_inc 2984934 multi_dec -329188 quick_dec -887774 nack_dec -135385450
Flow Uec_759_0 flowId 854 uecSrc 853 finished at 746482 total messages 1 total packets 3916 RTS 0 total bytes 16000776 in_flight now 0 fair_inc 0 prop_inc 0 fast_inc 0 eta_inc 3004869 multi_dec -308940 quick_dec -857505 nack_dec -136207150
Flow Uec_589_0 flowId 565 uecSrc 564 finished at 746482 total messages 1 total packets 3916 RTS 0 total bytes 16000776 in_flight now 0 fair_inc 0 prop_inc 0 fast_inc 0 eta_inc 2921142 multi_dec -286237 quick_dec -875327 nack_dec -134920650
Flow Uec_386_0 flowId 277 uecSrc 276 finished at 746487 total messages 1 total packets 3916 RTS 0 total bytes 16000776 in_flight now 0 fair_inc 0 prop_inc 0 fast_inc 0 eta_inc 3040752 multi_dec -324905 quick_dec -907558 nack_dec -134958000
Flow Uec_571_0 flowId 255 uecSrc 254 finished at 746489 total messages 1 total packets 3916 RTS 0 total bytes 16000776 in_flight now 0 fair_inc 0 prop_inc 0 fast_inc 0 eta_inc 2964999 multi_dec -292877 quick_dec -894100 nack_dec -135525774
Flow Uec_1020_0 flowId 992 uecSrc 991 finished at 746514 total messages 1 total packets 3916 RTS 0 total bytes 16000776 in_flight now 0 fair_inc 0 prop_inc 0 fast_inc 0 eta_inc 2964999 multi_dec -322645 quick_dec -836883 nack_dec -136156574
Flow Uec_921_0 flowId 622 uecSrc 621 finished at 746538 total messages 1 total packets 3916 RTS 0 total bytes 16000776 in_flight now 0 fair_inc 0 prop_inc 0 fast_inc 0 eta_inc 2934432 multi_dec -276382 quick_dec -864813 nack_dec -134993798
Flow Uec_1014_0 flowId 959 uecSrc 958 finished at 746554 total messages 1 total packets 3916 RTS 0 total bytes 16000776 in_flight now 0 fair_inc 0 prop_inc 0 fast_inc 0 eta_inc 2937090 multi_dec -312813 quick_dec -909436 nack_dec -135372224
Flow Uec_194_0 flowId 382 uecSrc 381 finished at 746558 total messages 1 total packets 3916 RTS 0 total bytes 16000776 in_flight now 0 fair_inc 0 prop_inc 0 fast_inc 0 eta_inc 2865324 multi_dec -276328 quick_dec -883411 nack_dec -135384674
Flow Uec_820_0 flowId 453 uecSrc 452 finished at 746573 total messages 1 total packets 3916 RTS 0 total bytes 16000776 in_flight now 0 fair_inc 0 prop_inc 0 fast_inc 0 eta_inc 3008856 multi_dec -311332 quick_dec -900089 nack_dec -134904050
Flow Uec_745_0 flowId 233 uecSrc 232 finished at 746599 total messages 1 total packets 3916 RTS 0 total bytes 16000776 in_flight now 0 fair_inc 0 prop_inc 0 fast_inc 0 eta_inc 2980947 multi_dec -289381 quick_dec -910167 nack_dec -135808750
Flow Uec_813_0 flowId 69 uecSrc 68 finished at 746600 total messages 1 total packets 3916 RTS 0 total bytes 16000776 in_flight now 0 fair_inc 0 prop_inc 0 fast_inc 0 eta_inc 2943735 multi_dec -298011 quick_dec -859668 nack_dec -135794748
Flow Uec_183_0 flowId 304 uecSrc 303 finished at 746603 total messages 1 total packets 3916 RTS 0 total bytes 16000776 in_flight now 0 fair_inc 0 prop_inc 0 fast_inc 0 eta_inc 3027462 multi_dec -305460 quick_dec -917770 nack_dec -135501650
Flow Uec_929_0 flowId 21 uecSrc 20 finished at 746604 total messages 1 total packets 3916 RTS 0 total bytes 16000776 in_flight now 0 fair_inc 0 prop_inc 0 fast_inc 0 eta_inc 2974302 multi_dec -304813 quick_dec -868359 nack_dec -136163322
Flow Uec_404_0 flowId 881 uecSrc 880 finished at 746605 total messages 1 total packets 3916 RTS 0 total bytes 16000776 in_flight now 0 fair_inc 0 prop_inc 0 fast_inc 0 eta_inc 3004869 multi_dec -305943 quick_dec -896225 nack_dec -135417874
Flow Uec_267_0 flowId 162 uecSrc 161 finished at 746609 total messages 1 total packets 3916 RTS 0 total bytes 16000776 in_flight now 0 fair_inc 0 prop_inc 0 fast_inc 0 eta_inc 2946393 multi_dec -276161 quick_dec -907400 nack_dec -136633824
Flow Uec_399_0 flowId 481 uecSrc 480 finished at 746610 total messages 1 total packets 3916 RTS 0 total bytes 16000776 in_flight now 0 fair_inc 0 prop_inc 0 fast_inc 0 eta_inc 2917155 multi_dec -306347 quick_dec -861008 nack_dec -135742350
Flow Uec_901_0 flowId 58 uecSrc 57 finished at 746614 total messages 1 total packets 3916 RTS 0 total bytes 16000776 in_flight now 0 fair_inc 0 prop_inc 0 fast_inc 0 eta_inc 2966328 multi_dec -298316 quick_dec -897273 nack_dec -134874224
Flow Uec_93_0 flowId 556 uecSrc 555 finished at 746620 total messages 1 total packets 3916 RTS 0 total bytes 16000776 in_flight now 0 fair_inc 0 prop_inc 0 fast_inc 0 eta_inc 2971644 multi_dec -298602 quick_dec -877867 nack_dec -136247098
Flow Uec_139_0 flowId 682 uecSrc 681 finished at 746625 total messages 1 total packets 3916 RTS 0 total bytes 16000776 in_flight now 0 fair_inc 0 prop_inc 0 fast_inc 0 eta_inc 2918484 multi_dec -269579 quick_dec -873641 nack_dec -135752472
Flow Uec_938_0 flowId 644 uecSrc 643 finished at 746632 total messages 1 total packets 3916 RTS 0 total bytes 16000776 in_flight now 0 fair_inc 0 prop_inc 0 fast_inc 0 eta_inc 2951709 multi_dec -304829 quick_dec -848638 nack_dec -136322574
Flow Uec_561_0 flowId 675 uecSrc 674 finished at 746634 total messages 1 total packets 3916 RTS 0 total bytes 16000776 in_flight now 0 fair_inc 0 prop_inc 0 fast_inc 0 eta_inc 2954367 multi_dec -284232 quick_dec -861775 nack_dec -136037000
Flow Uec_647_0 flowId 737 uecSrc 736 finished at 746662 total messages 1 total packets 3916 RTS 0 total bytes 16000776 in_flight now 0 fair_inc 0 prop_inc 0 fast_inc 0 eta_inc 2963670 multi_dec -294253 quick_dec -919033 nack_dec -135189624
Flow Uec_700_0 flowId 216 uecSrc 215 finished at 746666 total messages 1 total packets 3916 RTS 0 total bytes 16000776 in_flight now 0 fair_inc 0 prop_inc 0 fast_inc 0 eta_inc 2968986 multi_dec -288085 quick_dec -864779 nack_dec -136114298
Flow Uec_627_0 flowId 690 uecSrc 689 finished at 746683 total messages 1 total packets 3916 RTS 0 total bytes 16000776 in_flight now 0 fair_inc 0 prop_inc 0 fast_inc 0 eta_inc 2937090 multi_dec -271715 quick_dec -825756 nack_dec -137545272
Flow Uec_212_0 flowId 512 uecSrc 511 finished at 746683 total messages 1 total packets 3916 RTS 0 total bytes 16000776 in_flight now 0 fair_inc 0 prop_inc 0 fast_inc 0 eta_inc 2976960 multi_dec -327009 quick_dec -872745 nack_dec -136252800
Flow Uec_794_0 flowId 235 uecSrc 234 finished at 746685 total messages 1 total packets 3916 RTS 0 total bytes 16000776 in_flight now 0 fair_inc 0 prop_inc 0 fast_inc 0 eta_inc 2930445 multi_dec -310613 quick_dec -850643 nack_dec -136140750
Flow Uec_378_0 flowId 390 uecSrc 389 finished at 746707 total messages 1 total packets 3916 RTS 0 total bytes 16000776 in_flight now 0 fair_inc 0 prop_inc 0 fast_inc 0 eta_inc 2990250 multi_dec -300892 quick_dec -842227 nack_dec -136870374
Flow Uec_235_0 flowId 991 uecSrc 990 finished at 746713 total messages 1 total packets 3916 RTS 0 total bytes 16000776 in_flight now 0 fair_inc 0 prop_inc 0 fast_inc 0 eta_inc 3000882 multi_dec -325400 quick_dec -874244 nack_dec -136082650
Flow Uec_295_0 flowId 44 uecSrc 43 finished at 746714 total messages 1 total packets 3916 RTS 0 total bytes 16000776 in_flight now 0 fair_inc 0 prop_inc 0 fast_inc 0 eta_inc 2933103 multi_dec -282703 quick_dec -876654 nack_dec -135853624
Flow Uec_464_0 flowId 808 uecSrc 807 finished at 746716 total messages 1 total packets 3916 RTS 0 total bytes 16000776 in_flight now 0 fair_inc 0 prop_inc 0 fast_inc 0 eta_inc 2931774 multi_dec -319174 quick_dec -838322 nack_dec -134742470
Flow Uec_119_0 flowId 604 uecSrc 603 finished at 746739 total messages 1 total packets 3916 RTS 0 total bytes 16000776 in_flight now 0 fair_inc 0 prop_inc 0 fast_inc 0 eta_inc 2990250 multi_dec -316004 quick_dec -868196 nack_dec -135568050
Flow Uec_211_0 flowId 847 uecSrc 846 finished at 746750 total messages 1 total packets 3916 RTS 0 total bytes 16000776 in_flight now 0 fair_inc 0 prop_inc 0 fast_inc 0 eta_inc 2968986 multi_dec -298858 quick_dec -847060 nack_dec -136510100
Flow Uec_747_0 flowId 859 uecSrc 858 finished at 746775 total messages 1 total packets 3916 RTS 0 total bytes 16000776 in_flight now 0 fair_inc 0 prop_inc 0 fast_inc 0 eta_inc 2930445 multi_dec -291721 quick_dec -878135 nack_dec -137169174
Flow Uec_914_0 flowId 834 uecSrc 833 finished at 746776 total messages 1 total packets 3916 RTS 0 total bytes 16000776 in_flight now 0 fair_inc 0 prop_inc 0 fast_inc 0 eta_inc 2961012 multi_dec -305851 quick_dec -915220 nack_dec -135314900
Flow Uec_198_0 flowId 1 uecSrc 0 finished at 746777 total messages 1 total packets 3916 RTS 0 total bytes 16000776 in_flight now 0 fair_inc 0 prop_inc 0 fast_inc 0 eta_inc 2992908 multi_dec -282770 quick_dec -867678 nack_dec -135741574
Flow Uec_997_0 flowId 327 uecSrc 326 finished at 746793 total messages 1 total packets 3916 RTS 0 total bytes 16000776 in_flight now 0 fair_inc 0 prop_inc 0 fast_inc 0 eta_inc 2942406 multi_dec -282163 quick_dec -807445 nack_dec -136243724
Flow Uec_592_0 flowId 866 uecSrc 865 finished at 746820 total messages 1 total packets 3916 RTS 0 total bytes 16000776 in_flight now 0 fair_inc 0 prop_inc 0 fast_inc 0 eta_inc 2996895 multi_dec -295619 quick_dec -892713 nack_dec -134924800
Flow Uec_258_0 flowId 282 uecSrc 281 finished at 746825 total messages 1 total packets 3916 RTS 0 total bytes 16000776 in_flight now 0 fair_inc 0 prop_inc 0 fast_inc 0 eta_inc 2964999 multi_dec -314016 quick_dec -876773 nack_dec -136053600
Flow Uec_448_0 flowId 176 uecSrc 175 finished at 746828 total messages 1 total packets 3916 RTS 0 total bytes 16000776 in_flight now 0 fair_inc 0 prop_inc 0 fast_inc 0 eta_inc 3006198 multi_dec -309328 quick_dec -875650 nack_dec -135547300
Flow Uec_533_0 flowId 86 uecSrc 85 finished at 746830 total messages 1 total packets 3916 RTS 0 total bytes 16000776 in_flight now 0 fair_inc 0 prop_inc 0 fast_inc 0 eta_inc 3026133 multi_dec -318156 quick_dec -889712 nack_dec -136078500
Flow Uec_140_0 flowId 311 uecSrc 310 finished at 746832 total messages 1 total packets 3916 RTS 0 total bytes 16000776 in_flight now 0 fair_inc 0 prop_inc 0 fast_inc 0 eta_inc 2955696 multi_dec -323162 quick_dec -856714 nack_dec -136157350
Flow Uec_565_0 flowId 815 uecSrc 814 finished at 746842 total messages 1 total packets 3916 RTS 0 total bytes 16000776 in_flight now 0 fair_inc 0 prop_inc 0 fast_inc 0 eta_inc 2935761 multi_dec -300315 quick_dec -827893 nack_dec -136601400
Flow Uec_223_0 flowId 716 uecSrc 715 finished at 746858 total messages 1 total packets 3916 RTS 0 total bytes 16000776 in_flight now 0 fair_inc 0 prop_inc 0 fast_inc 0 eta_inc 2939748 multi_dec -312086 quick_dec -806867 nack_dec -135605400
Flow Uec_900_0 flowId 76 uecSrc 75 finished at 746859 total messages 1 total packets 3916 RTS 0 total bytes 16000776 in_flight now 0 fair_inc 0 prop_inc 0 fast_inc 0 eta_inc 2962341 multi_dec -286862 quick_dec -860234 nack_dec -135325022
Flow Uec_894_0 flowId 141 uecSrc 140 finished at 746869 total messages 1 total packets 3916 RTS 0 total bytes 16000776 in_flight now 0 fair_inc 0 prop_inc 0 fast_inc 0 eta_inc 2898549 multi_dec -306241 quick_dec -864051 nack_dec -134690072
Flow Uec_144_0 flowId 152 uecSrc 151 finished at 746881 total messages 1 total packets 3916 RTS 0 total bytes 16000776 in_flight now 0 fair_inc 0 prop_inc 0 fast_inc 0 eta_inc 2898549 multi_dec -306592 quick_dec -856010 nack_dec -137074500
Flow Uec_994_0 flowId 678 uecSrc 677 finished at 746893 total messages 1 total packets 3916 RTS 0 total bytes 16000776 in_flight now 0 fair_inc 0 prop_inc 0 fast_inc 0 eta_inc 2947722 multi_dec -308745 quick_dec -895494 nack_dec -136754950
Flow Uec_552_0 flowId 831 uecSrc 830 finished at 746896 total messages 1 total packets 3916 RTS 0 total bytes 16000776 in_flight now 0 fair_inc 0 prop_inc 0 fast_inc 0 eta_inc 2990250 multi_dec -313227 quick_dec -886427 nack_dec -135500098
Flow Uec_127_0 flowId 483 uecSrc 482 finished at 746902 total messages 1 total packets 3916 RTS 0 total bytes 16000776 in_flight now 0 fair_inc 0 prop_inc 0 fast_inc 0 eta_inc 2959683 multi_dec -300964 quick_dec -872332 nack_dec -135961524
Flow Uec_825_0 flowId 123 uecSrc 122 finished at 746902 total messages 1 total packets 3916 RTS 0 total bytes 16000776 in_flight now 0 fair_inc 0 prop_inc 0 fast_inc 0 eta_inc 2991579 multi_dec -320377 quick_dec -897800 nack_dec -134985498
Flow Uec_927_0 flowId 909 uecSrc 908 finished at 746909 total messages 1 total packets 3916 RTS 0 total bytes 16000776 in_flight now 0 fair_inc 0 prop_inc 0 fast_inc 0 eta_inc 2996895 multi_dec -319673 quick_dec -866825 nack_dec -134758800
Flow Uec_882_0 flowId 183 uecSrc 182 finished at 746930 total messages 1 total packets 3916 RTS 0 total bytes 16000776 in_flight now 0 fair_inc 0 prop_inc 0 fast_inc 0 eta_inc 2976960 multi_dec -313041 quick_dec -881437 nack_dec -136280298
Flow Uec_652_0 flowId 170 uecSrc 169 finished at 746939 total messages 1 total packets 3916 RTS 0 total bytes 16000776 in_flight now 0 fair_inc 0 prop_inc 0 fast_inc 0 eta_inc 3004869 multi_dec -320613 quick_dec -855876 nack_dec -136426324
Flow Uec_719_0 flowId 509 uecSrc 508 finished at 746951 total messages 1 total packets 3916 RTS 0 total bytes 16000776 in_flight now 0 fair_inc 0 prop_inc 0 fast_inc 0 eta_inc 2987592 multi_dec -319509 quick_dec -873817 nack_dec -136725900
Flow Uec_664_0 flowId 788 uecSrc 787 finished at 746953 total messages 1 total packets 3916 RTS 0 total bytes 16000776 in_flight now 0 fair_inc 0 prop_inc 0 fast_inc 0 eta_inc 2968986 multi_dec -309447 quick_dec -878500 nack_dec -135734050
Flow Uec_596_0 flowId 571 uecSrc 570 finished at 746965 total messages 1 total packets 3916 RTS 0 total bytes 16000776 in_flight now 0 fair_inc 0 prop_inc 0 fast_inc 0 eta_inc 2978289 multi_dec -295195 quick_dec -867922 nack_dec -137518550
Flow Uec_702_0 flowId 346 uecSrc 345 finished at 746969 total messages 1 total packets 3916 RTS 0 total bytes 16000776 in_flight now 0 fair_inc 0 prop_inc 0 fast_inc 0 eta_inc 2899878 multi_dec -275648 quick_dec -820523 nack_dec -136530850
Flow Uec_488_0 flowId 67 uecSrc 66 finished at 746972 total messages 1 total packets 3916 RTS 0 total bytes 16000776 in_flight now 0 fair_inc 0 prop_inc 0 fast_inc 0 eta_inc 2953038 multi_dec -290671 quick_dec -860992 nack_dec -135883450
Flow Uec_677_0 flowId 19 uecSrc 18 finished at 747002 total messages 1 total packets 3916 RTS 0 total bytes 16000776 in_flight now 0 fair_inc 0 prop_inc 0 fast_inc 0 eta_inc 3014172 multi_dec -292996 quick_dec -864027 nack_dec -136593100
Flow Uec_735_0 flowId 333 uecSrc 332 finished at 747041 total messages 1 total packets 3916 RTS 0 total bytes 16000776 in_flight now 0 fair_inc 0 prop_inc 0 fast_inc 0 eta_inc 3007527 multi_dec -292990 quick_dec -892830 nack_dec -136479498
Flow Uec_354_0 flowId 963 uecSrc 962 finished at 747049 total messages 1 total packets 3916 RTS 0 total bytes 16000776 in_flight now 0 fair_inc 0 prop_inc 0 fast_inc 0 eta_inc 2970315 multi_dec -295291 quick_dec -895099 nack_dec -136211300
Flow Uec_764_0 flowId 275 uecSrc 274 finished at 747060 total messages 1 total packets 3916 RTS 0 total bytes 16000776 in_flight now 0 fair_inc 0 prop_inc 0 fast_inc 0 eta_inc 3018159 multi_dec -285409 quick_dec -856102 nack_dec -135902648
Flow Uec_268_0 flowId 189 uecSrc 188 finished at 747063 total messages 1 total packets 3916 RTS 0 total bytes 16000776 in_flight now 0 fair_inc 0 prop_inc 0 fast_inc 0 eta_inc 2941077 multi_dec -335296 quick_dec -834038 nack_dec -135658574
Flow Uec_379_0 flowId 308 uecSrc 307 finished at 747096 total messages 1 total packets 3916 RTS 0 total bytes 16000776 in_flight now 0 fair_inc 0 prop_inc 0 fast_inc 0 eta_inc 2949051 multi_dec -291596 quick_dec -834891 nack_dec -135480900
Flow Uec_396_0 flowId 777 uecSrc 776 finished at 747097 total messages 1 total packets 3916 RTS 0 total bytes 16000776 in_flight now 0 fair_inc 0 prop_inc 0 fast_inc 0 eta_inc 2974302 multi_dec -329952 quick_dec -830826 nack_dec -137244650
Flow Uec_376_0 flowId 911 uecSrc 910 finished at 747098 total messages 1 total packets 3916 RTS 0 total bytes 16000776 in_flight now 0 fair_inc 0 prop_inc 0 fast_inc 0 eta_inc 2962341 multi_dec -333126 quick_dec -891921 nack_dec -136089398
Flow Uec_191_0 flowId 947 uecSrc 946 finished at 747099 total messages 1 total packets 3916 RTS 0 total bytes 16000776 in_flight now 0 fair_inc 0 prop_inc 0 fast_inc 0 eta_inc 2988921 multi_dec -355224 quick_dec -844405 nack_dec -134875540
Flow Uec_403_0 flowId 923 uecSrc 922 finished at 747105 total messages 1 total packets 3916 RTS 0 total bytes 16000776 in_flight now 0 fair_inc 0 prop_inc 0 fast_inc 0 eta_inc 2998224 multi_dec -332657 quick_dec -885246 nack_dec -135534074
Flow Uec_686_0 flowId 424 uecSrc 423 finished at 747107 total messages 1 total packets 3916 RTS 0 total bytes 16000776 in_flight now 0 fair_inc 0 prop_inc 0 fast_inc 0 eta_inc 2968986 multi_dec -283862 quick_dec -850962 nack_dec -135601250
Flow Uec_165_0 flowId 758 uecSrc 757 finished at 747109 total messages 1 total packets 3916 RTS 0 total bytes 16000776 in_flight now 0 fair_inc 0 prop_inc 0 fast_inc 0 eta_inc 2962341 multi_dec -312857 quick_dec -830121 nack_dec -136277700
Flow Uec_559_0 flowId 222 uecSrc 221 finished at 747130 total messages 1 total packets 3916 RTS 0 total bytes 16000776 in_flight now 0 fair_inc 0 prop_inc 0 fast_inc 0 eta_inc 3010185 multi_dec -323345 quick_dec -865774 nack_dec -136873748
Flow Uec_364_0 flowId 34 uecSrc 33 finished at 747135 total messages 1 total packets 3916 RTS 0 total bytes 16000776 in_flight now 0 fair_inc 0 prop_inc 0 fast_inc 0 eta_inc 2938419 multi_dec -333761 quick_dec -912874 nack_dec -135584650
Flow Uec_506_0 flowId 529 uecSrc 528 finished at 747146 total messages 1 total packets 3916 RTS 0 total bytes 16000776 in_flight now 0 fair_inc 0 prop_inc 0 fast_inc 0 eta_inc 2879943 multi_dec -305379 quick_dec -877346 nack_dec -135373000
Flow Uec_108_0 flowId 97 uecSrc 96 finished at 747157 total messages 1 total packets 3916 RTS 0 total bytes 16000776 in_flight now 0 fair_inc 0 prop_inc 0 fast_inc 0 eta_inc 3015501 multi_dec -322294 quick_dec -874342 nack_dec -136699448
Flow Uec_540_0 flowId 363 uecSrc 362 finished at 747184 total messages 1 total packets 3916 RTS 0 total bytes 16000776 in_flight now 0 fair_inc 0 prop_inc 0 fast_inc 0 eta_inc 2987592 multi_dec -304537 quick_dec -852856 nack_dec -136333472
Flow Uec_699_0 flowId 232 uecSrc 231 finished at 747184 total messages 1 total packets 3916 RTS 0 total bytes 16000776 in_flight now 0 fair_inc 0 prop_inc 0 fast_inc 0 eta_inc 2905194 multi_dec -284175 quick_dec -861086 nack_dec -136675324
Flow Uec_851_0 flowId 463 uecSrc 462 finished at 747199 total messages 1 total packets 3916 RTS 0 total bytes 16000776 in_flight now 0 fair_inc 0 prop_inc 0 fast_inc 0 eta_inc 2978289 multi_dec -301601 quick_dec -890818 nack_dec -135957374
Flow Uec_870_0 flowId 389 uecSrc 388 finished at 747229 total messages 1 total packets 3916 RTS 0 total bytes 16000776 in_flight now 0 fair_inc 0 prop_inc 0 fast_inc 0 eta_inc 2961012 multi_dec -322021 quick_dec -854211 nack_dec -135094950
Flow Uec_476_0 flowId 337 uecSrc 336 finished at 747234 total messages 1 total packets 3916 RTS 0 total bytes 16000776 in_flight now 0 fair_inc 0 prop_inc 0 fast_inc 0 eta_inc 2988921 multi_dec -323433 quick_dec -850914 nack_dec -135995500
Flow Uec_886_0 flowId 318 uecSrc 317 finished at 747241 total messages 1 total packets 3916 RTS 0 total bytes 16000776 in_flight now 0 fair_inc 0 prop_inc 0 fast_inc 0 eta_inc 2961012 multi_dec -300403 quick_dec -876248 nack_dec -136267072
Flow Uec_202_0 flowId 371 uecSrc 370 finished at 747242 total messages 1 total packets 3916 RTS 0 total bytes 16000776 in_flight now 0 fair_inc 0 prop_inc 0 fast_inc 0 eta_inc 2972973 multi_dec -309789 quick_dec -840182 nack_dec -133966150
Flow Uec_808_0 flowId 1009 uecSrc 1008 finished at 747250 total messages 1 total packets 3916 RTS 0 total bytes 16000776 in_flight now 0 fair_inc 0 prop_inc 0 fast_inc 0 eta_inc 2902536 multi_dec -284005 quick_dec -853808 nack_dec -135276774
Flow Uec_625_0 flowId 117 uecSrc 116 finished at 747254 total messages 1 total packets 3916 RTS 0 total bytes 16000776 in_flight now 0 fair_inc 0 prop_inc 0 fast_inc 0 eta_inc 2992908 multi_dec -308302 quick_dec -871921 nack_dec -134658424
Flow Uec_911_0 flowId 292 uecSrc 291 finished at 747261 total messages 1 total packets 3916 RTS 0 total bytes 16000776 in_flight now 0 fair_inc 0 prop_inc 0 fast_inc 0 eta_inc 2991579 multi_dec -313122 quick_dec -887916 nack_dec -136267848
Flow Uec_736_0 flowId 7 uecSrc 6 finished at 747263 total messages 1 total packets 3916 RTS 0 total bytes 16000776 in_flight now 0 fair_inc 0 prop_inc 0 fast_inc 0 eta_inc 2992908 multi_dec -318694 quick_dec -858640 nack_dec -135916650
Flow Uec_602_0 flowId 928 uecSrc 927 finished at 747269 total messages 1 total packets 3916 RTS 0 total bytes 16000776 in_flight now 0 fair_inc 0 prop_inc 0 fast_inc 0 eta_inc 3027462 multi_dec -321219 quick_dec -929475 nack_dec -134978750
Flow Uec_125_0 flowId 319 uecSrc 318 finished at 747271 total messages 1 total packets 3916 RTS 0 total bytes 16000776 in_flight now 0 fair_inc 0 prop_inc 0 fast_inc 0 eta_inc 3004869 multi_dec -340820 quick_dec -861702 nack_dec -135575574
Flow Uec_217_0 flowId 221 uecSrc 220 finished at 747274 total messages 1 total packets 3916 RTS 0 total bytes 16000776 in_flight now 0 fair_inc 0 prop_inc 0 fast_inc 0 eta_inc 2970315 multi_dec -286854 quick_dec -853989 nack_dec -136738350
Flow Uec_671_0 flowId 303 uecSrc 302 finished at 747300 total messages 1 total packets 3916 RTS 0 total bytes 16000776 in_flight now 0 fair_inc 0 prop_inc 0 fast_inc 0 eta_inc 3047397 multi_dec -313054 quick_dec -872158 nack_dec -136302600
Flow Uec_760_0 flowId 408 uecSrc 407 finished at 747302 total messages 1 total packets 3916 RTS 0 total bytes 16000776 in_flight now 0 fair_inc 0 prop_inc 0 fast_inc 0 eta_inc 2894562 multi_dec -299353 quick_dec -879035 nack_dec -137010698
Flow Uec_970_0 flowId 350 uecSrc 349 finished at 747349 total messages 1 total packets 3916 RTS 0 total bytes 16000776 in_flight now 0 fair_inc 0 prop_inc 0 fast_inc 0 eta_inc 3050055 multi_dec -286949 quick_dec -928013 nack_dec -134414350
Flow Uec_159_0 flowId 91 uecSrc 90 finished at 747350 total messages 1 total packets 3916 RTS 0 total bytes 16000776 in_flight now 0 fair_inc 0 prop_inc 0 fast_inc 0 eta_inc 2911839 multi_dec -292199 quick_dec -863400 nack_dec -135135674
Flow Uec_535_0 flowId 511 uecSrc 510 finished at 747353 total messages 1 total packets 3916 RTS 0 total bytes 16000776 in_flight now 0 fair_inc 0 prop_inc 0 fast_inc 0 eta_inc 2927787 multi_dec -307458 quick_dec -904969 nack_dec -135987200
Flow Uec_215_0 flowId 1008 uecSrc 1007 finished at 747354 total messages 1 total packets 3916 RTS 0 total bytes 16000776 in_flight now 0 fair_inc 0 prop_inc 0 fast_inc 0 eta_inc 2941077 multi_dec -297345 quick_dec -833083 nack_dec -136875300
Flow Uec_880_0 flowId 296 uecSrc 295 finished at 747370 total messages 1 total packets 3916 RTS 0 total bytes 16000776 in_flight now 0 fair_inc 0 prop_inc 0 fast_inc 0 eta_inc 3044739 multi_dec -344611 quick_dec -891272 nack_dec -136442924
Flow Uec_111_0 flowId 899 uecSrc 898 finished at 747372 total messages 1 total packets 3916 RTS 0 total bytes 16000776 in_flight now 0 fair_inc 0 prop_inc 0 fast_inc 0 eta_inc 2910510 multi_dec -277485 quick_dec -871322 nack_dec -136286000
Flow Uec_419_0 flowId 345 uecSrc 344 finished at 747374 total messages 1 total packets 3916 RTS 0 total bytes 16000776 in_flight now 0 fair_inc 0 prop_inc 0 fast_inc 0 eta_inc 2998224 multi_dec -331506 quick_dec -879962 nack_dec -136916800
Flow Uec_898_0 flowId 674 uecSrc 673 finished at 747375 total messages 1 total packets 3916 RTS 0 total bytes 16000776 in_flight now 0 fair_inc 0 prop_inc 0 fast_inc 0 eta_inc 2962341 multi_dec -275631 quick_dec -894381 nack_dec -136770774
Flow Uec_766_0 flowId 193 uecSrc 192 finished at 747390 total messages 1 total packets 3916 RTS 0 total bytes 16000776 in_flight now 0 fair_inc 0 prop_inc 0 fast_inc 0 eta_inc 2918484 multi_dec -269467 quick_dec -863317 nack_dec -135328396
Flow Uec_371_0 flowId 92 uecSrc 91 finished at 747396 total messages 1 total packets 3916 RTS 0 total bytes 16000776 in_flight now 0 fair_inc 0 prop_inc 0 fast_inc 0 eta_inc 2925129 multi_dec -301778 quick_dec -859526 nack_dec -134937250
Flow Uec_574_0 flowId 127 uecSrc 126 finished at 747406 total messages 1 total packets 3916 RTS 0 total bytes 16000776 in_flight now 0 fair_inc 0 prop_inc 0 fast_inc 0 eta_inc 2942406 multi_dec -315781 quick_dec -841899 nack_dec -136634600
Flow Uec_398_0 flowId 81 uecSrc 80 finished at 747408 total messages 1 total packets 3916 RTS 0 total bytes 16000776 in_flight now 0 fair_inc 0 prop_inc 0 fast_inc 0 eta_inc 2914497 multi_dec -290871 quick_dec -868311 nack_dec -136256174
Flow Uec_439_0 flowId 220 uecSrc 219 finished at 747422 total messages 1 total packets 3916 RTS 0 total bytes 16000776 in_flight now 0 fair_inc 0 prop_inc 0 fast_inc 0 eta_inc 2959683 multi_dec -296860 quick_dec -871445 nack_dec -136309348
Flow Uec_350_0 flowId 637 uecSrc 636 finished at 747424 total messages 1 total packets 3916 RTS 0 total bytes 16000776 in_flight now 0 fair_inc 0 prop_inc 0 fast_inc 0 eta_inc 2957025 multi_dec -344535 quick_dec -900823 nack_dec -136078500
Flow Uec_471_0 flowId 958 uecSrc 957 finished at 747438 total messages 1 total packets 3916 RTS 0 total bytes 16000776 in_flight now 0 fair_inc 0 prop_inc 0 fast_inc 0 eta_inc 2979618 multi_dec -319151 quick_dec -858140 nack_dec -135010398
Flow Uec_642_0 flowId 171 uecSrc 170 finished at 747449 total messages 1 total packets 3916 RTS 0 total bytes 16000776 in_flight now 0 fair_inc 0 prop_inc 0 fast_inc 0 eta_inc 2930445 multi_dec -297174 quick_dec -851124 nack_dec -136198074
Flow Uec_196_0 flowId 348 uecSrc 347 finished at 747454 total messages 1 total packets 3916 RTS 0 total bytes 16000776 in_flight now 0 fair_inc 0 prop_inc 0 fast_inc 0 eta_inc 2941077 multi_dec -294594 quick_dec -825345 nack_dec -136176548
Flow Uec_373_0 flowId 414 uecSrc 413 finished at 747462 total messages 1 total packets 3916 RTS 0 total bytes 16000776 in_flight now 0 fair_inc 0 prop_inc 0 fast_inc 0 eta_inc 3020817 multi_dec -317705 quick_dec -905145 nack_dec -135439400
Flow Uec_590_0 flowId 740 uecSrc 739 finished at 747482 total messages 1 total packets 3916 RTS 0 total bytes 16000776 in_flight now 0 fair_inc 0 prop_inc 0 fast_inc 0 eta_inc 2986263 multi_dec -291296 quick_dec -882645 nack_dec -136601400
Flow Uec_121_0 flowId 1016 uecSrc 1015 finished at 747485 total messages 1 total packets 3916 RTS 0 total bytes 16000776 in_flight now 0 fair_inc 0 prop_inc 0 fast_inc 0 eta_inc 3038094 multi_dec -321446 quick_dec -884819 nack_dec -135680100
Flow Uec_774_0 flowId 805 uecSrc 804 finished at 747491 total messages 1 total packets 3916 RTS 0 total bytes 16000776 in_flight now 0 fair_inc 0 prop_inc 0 fast_inc 0 eta_inc 2927787 multi_dec -309848 quick_dec -885101 nack_dec -135226974
Flow Uec_618_0 flowId 140 uecSrc 139 finished at 747497 total messages 1 total packets 3916 RTS 0 total bytes 16000776 in_flight now 0 fair_inc 0 prop_inc 0 fast_inc 0 eta_inc 2871969 multi_dec -312394 quick_dec -887489 nack_dec -135255518
Flow Uec_193_0 flowId 774 uecSrc 773 finished at 747512 total messages 1 total packets 3916 RTS 0 total bytes 16000776 in_flight now 0 fair_inc 0 prop_inc 0 fast_inc 0 eta_inc 2987592 multi_dec -302321 quick_dec -869127 nack_dec -134990424
Flow Uec_207_0 flowId 82 uecSrc 81 finished at 747516 total messages 1 total packets 3916 RTS 0 total bytes 16000776 in_flight now 0 fair_inc 0 prop_inc 0 fast_inc 0 eta_inc 2919813 multi_dec -299916 quick_dec -916687 nack_dec -135044374
Flow Uec_676_0 flowId 862 uecSrc 861 finished at 747519 total messages 1 total packets 3916 RTS 0 total bytes 16000776 in_flight now 0 fair_inc 0 prop_inc 0 fast_inc 0 eta_inc 2899878 multi_dec -310119 quick_dec -879501 nack_dec -135679324
Flow Uec_504_0 flowId 8 uecSrc 7 finished at 747524 total messages 1 total packets 3916 RTS 0 total bytes 16000776 in_flight now 0 fair_inc 0 prop_inc 0 fast_inc 0 eta_inc 2972973 multi_dec -291609 quick_dec -912456 nack_dec -135007800
Flow Uec_469_0 flowId 620 uecSrc 619 finished at 747544 total messages 1 total packets 3916 RTS 0 total bytes 16000776 in_flight now 0 fair_inc 0 prop_inc 0 fast_inc 0 eta_inc 2968986 multi_dec -298646 quick_dec -846052 nack_dec -136970750
Flow Uec_460_0 flowId 199 uecSrc 198 finished at 747561 total messages 1 total packets 3916 RTS 0 total bytes 16000776 in_flight now 0 fair_inc 0 prop_inc 0 fast_inc 0 eta_inc 2950380 multi_dec -311250 quick_dec -863536 nack_dec -137334398
Flow Uec_88_0 flowId 464 uecSrc 463 finished at 747574 total messages 1 total packets 3916 RTS 0 total bytes 16000776 in_flight now 0 fair_inc 0 prop_inc 0 fast_inc 0 eta_inc 2987592 multi_dec -310533 quick_dec -869819 nack_dec -135717450
Flow Uec_342_0 flowId 484 uecSrc 483 finished at 747575 total messages 1 total packets 3916 RTS 0 total bytes 16000776 in_flight now 0 fair_inc 0 prop_inc 0 fast_inc 0 eta_inc 3030120 multi_dec -323571 quick_dec -919561 nack_dec -134988872
Flow Uec_741_0 flowId 239 uecSrc 238 finished at 747595 total messages 1 total packets 3916 RTS 0 total bytes 16000776 in_flight now 0 fair_inc 0 prop_inc 0 fast_inc 0 eta_inc 3030120 multi_dec -328418 quick_dec -887654 nack_dec -136579874
Flow Uec_732_0 flowId 136 uecSrc 135 finished at 747602 total messages 1 total packets 3916 RTS 0 total bytes 16000776 in_flight now 0 fair_inc 0 prop_inc 0 fast_inc 0 eta_inc 2915826 multi_dec -278993 quick_dec -880597 nack_dec -137389900
Flow Uec_69_0 flowId 168 uecSrc 167 finished at 747617 total messages 1 total packets 3916 RTS 0 total bytes 16000776 in_flight now 0 fair_inc 0 prop_inc 0 fast_inc 0 eta_inc 2964999 multi_dec -317873 quick_dec -809095 nack_dec -136876346
Flow Uec_372_0 flowId 149 uecSrc 148 finished at 747634 total messages 1 total packets 3916 RTS 0 total bytes 16000776 in_flight now 0 fair_inc 0 prop_inc 0 fast_inc 0 eta_inc 2954367 multi_dec -282043 quick_dec -855184 nack_dec -136945074
Flow Uec_483_0 flowId 238 uecSrc 237 finished at 747645 total messages 1 total packets 3916 RTS 0 total bytes 16000776 in_flight now 0 fair_inc 0 prop_inc 0 fast_inc 0 eta_inc 2968986 multi_dec -318785 quick_dec -850740 nack_dec -135406200
Flow Uec_637_0 flowId 479 uecSrc 478 finished at 747686 total messages 1 total packets 3916 RTS 0 total bytes 16000776 in_flight now 0 fair_inc 0 prop_inc 0 fast_inc 0 eta_inc 2938419 multi_dec -289005 quick_dec -843446 nack_dec -136306750
Flow Uec_711_0 flowId 522 uecSrc 521 finished at 747693 total messages 1 total packets 3916 RTS 0 total bytes 16000776 in_flight now 0 fair_inc 0 prop_inc 0 fast_inc 0 eta_inc 2951709 multi_dec -319556 quick_dec -894867 nack_dec -136514250
Flow Uec_362_0 flowId 865 uecSrc 864 finished at 747698 total messages 1 total packets 3916 RTS 0 total bytes 16000776 in_flight now 0 fair_inc 0 prop_inc 0 fast_inc 0 eta_inc 2994237 multi_dec -303981 quick_dec -848591 nack_dec -136618000
Flow Uec_361_0 flowId 124 uecSrc 123 finished at 747698 total messages 1 total packets 3916 RTS 0 total bytes 16000776 in_flight now 0 fair_inc 0 prop_inc 0 fast_inc 0 eta_inc 3039423 multi_dec -327934 quick_dec -847561 nack_dec -136759100
Flow Uec_844_0 flowId 317 uecSrc 316 finished at 747701 total messages 1 total packets 3916 RTS 0 total bytes 16000776 in_flight now 0 fair_inc 0 prop_inc 0 fast_inc 0 eta_inc 2982276 multi_dec -333285 quick_dec -884856 nack_dec -136330874
Flow Uec_289_0 flowId 688 uecSrc 687 finished at 747722 total messages 1 total packets 3916 RTS 0 total bytes 16000776 in_flight now 0 fair_inc 0 prop_inc 0 fast_inc 0 eta_inc 2938419 multi_dec -319085 quick_dec -899463 nack_dec -135578948
Flow Uec_695_0 flowId 754 uecSrc 753 finished at 747740 total messages 1 total packets 3916 RTS 0 total bytes 16000776 in_flight now 0 fair_inc 0 prop_inc 0 fast_inc 0 eta_inc 3035436 multi_dec -299816 quick_dec -914378 nack_dec -135868672
Flow Uec_356_0 flowId 707 uecSrc 706 finished at 747743 total messages 1 total packets 3916 RTS 0 total bytes 16000776 in_flight now 0 fair_inc 0 prop_inc 0 fast_inc 0 eta_inc 2935761 multi_dec -323919 quick_dec -839969 nack_dec -135661948
Flow Uec_669_0 flowId 203 uecSrc 202 finished at 747743 total messages 1 total packets 3916 RTS 0 total bytes 16000776 in_flight now 0 fair_inc 0 prop_inc 0 fast_inc 0 eta_inc 2923800 multi_dec -291987 quick_dec -887776 nack_dec -136514250
Flow Uec_922_0 flowId 204 uecSrc 203 finished at 747753 total messages 1 total packets 3916 RTS 0 total bytes 16000776 in_flight now 0 fair_inc 0 prop_inc 0 fast_inc 0 eta_inc 2982276 multi_dec -309087 quick_dec -870408 nack_dec -136505950
Flow Uec_919_0 flowId 155 uecSrc 154 finished at 747758 total messages 1 total packets 3916 RTS 0 total bytes 16000776 in_flight now 0 fair_inc 0 prop_inc 0 fast_inc 0 eta_inc 2955696 multi_dec -292677 quick_dec -856501 nack_dec -135912500
Flow Uec_518_0 flowId 924 uecSrc 923 finished at 747760 total messages 1 total packets 3916 RTS 0 total bytes 16000776 in_flight now 0 fair_inc 0 prop_inc 0 fast_inc 0 eta_inc 3047397 multi_dec -285455 quick_dec -848535 nack_dec -137576650
Flow Uec_937_0 flowId 787 uecSrc 786 finished at 747765 total messages 1 total packets 3916 RTS 0 total bytes 16000776 in_flight now 0 fair_inc 0 prop_inc 0 fast_inc 0 eta_inc 2971644 multi_dec -275758 quick_dec -872608 nack_dec -135015324
Flow Uec_940_0 flowId 660 uecSrc 659 finished at 747766 total messages 1 total packets 3916 RTS 0 total bytes 16000776 in_flight now 0 fair_inc 0 prop_inc 0 fast_inc 0 eta_inc 2957025 multi_dec -301847 quick_dec -877479 nack_dec -135570648
Flow Uec_631_0 flowId 532 uecSrc 531 finished at 747771 total messages 1 total packets 3916 RTS 0 total bytes 16000776 in_flight now 0 fair_inc 0 prop_inc 0 fast_inc 0 eta_inc 3007527 multi_dec -323400 quick_dec -843986 nack_dec -136941194
Flow Uec_534_0 flowId 896 uecSrc 895 finished at 747773 total messages 1 total packets 3916 RTS 0 total bytes 16000776 in_flight now 0 fair_inc 0 prop_inc 0 fast_inc 0 eta_inc 2984934 multi_dec -311864 quick_dec -886495 nack_dec -136081874
Flow Uec_928_0 flowId 634 uecSrc 633 finished at 747790 total messages 1 total packets 3916 RTS 0 total bytes 16000776 in_flight now 0 fair_inc 0 prop_inc 0 fast_inc 0 eta_inc 2950380 multi_dec -315638 quick_dec -849508 nack_dec -136740172
Flow Uec_848_0 flowId 719 uecSrc 718 finished at 747802 total messages 1 total packets 3916 RTS 0 total bytes 16000776 in_flight now 0 fair_inc 0 prop_inc 0 fast_inc 0 eta_inc 2947722 multi_dec -287977 quick_dec -901291 nack_dec -135866850
Flow Uec_805_0 flowId 609 uecSrc 608 finished at 747803 total messages 1 total packets 3916 RTS 0 total bytes 16000776 in_flight now 0 fair_inc 0 prop_inc 0 fast_inc 0 eta_inc 3008856 multi_dec -313240 quick_dec -851856 nack_dec -136613850
Flow Uec_333_0 flowId 431 uecSrc 430 finished at 747811 total messages 1 total packets 3916 RTS 0 total bytes 16000776 in_flight now 0 fair_inc 0 prop_inc 0 fast_inc 0 eta_inc 2972973 multi_dec -334402 quick_dec -876902 nack_dec -134991200
Flow Uec_527_0 flowId 868 uecSrc 867 finished at 747813 total messages 1 total packets 3916 RTS 0 total bytes 16000776 in_flight now 0 fair_inc 0 prop_inc 0 fast_inc 0 eta_inc 3014172 multi_dec -328834 quick_dec -832109 nack_dec -134933100
Flow Uec_755_0 flowId 658 uecSrc 657 finished at 747819 total messages 1 total packets 3916 RTS 0 total bytes 16000776 in_flight now 0 fair_inc 0 prop_inc 0 fast_inc 0 eta_inc 3035436 multi_dec -297611 quick_dec -902843 nack_dec -135866074
Flow Uec_874_0 flowId 921 uecSrc 920 finished at 747823 total messages 1 total packets 3916 RTS 0 total bytes 16000776 in_flight now 0 fair_inc 0 prop_inc 0 fast_inc 0 eta_inc 2984934 multi_dec -324514 quick_dec -888365 nack_dec -136074350
Flow Uec_516_0 flowId 415 uecSrc 414 finished at 747824 total messages 1 total packets 3916 RTS 0 total bytes 16000776 in_flight now 0 fair_inc 0 prop_inc 0 fast_inc 0 eta_inc 2994237 multi_dec -314663 quick_dec -849454 nack_dec -135985648
Flow Uec_827_0 flowId 88 uecSrc 87 finished at 747834 total messages 1 total packets 3916 RTS 0 total bytes 16000776 in_flight now 0 fair_inc 0 prop_inc 0 fast_inc 0 eta_inc 3000882 multi_dec -317059 quick_dec -854565 nack_dec -136265250
Flow Uec_413_0 flowId 242 uecSrc 241 finished at 747842 total messages 1 total packets 3916 RTS 0 total bytes 16000776 in_flight now 0 fair_inc 0 prop_inc 0 fast_inc 0 eta_inc 3018159 multi_dec -343377 quick_dec -894718 nack_dec -134655050
Flow Uec_946_0 flowId 300 uecSrc 299 finished at 747847 total messages 1 total packets 3916 RTS 0 total bytes 16000776 in_flight now 0 fair_inc 0 prop_inc 0 fast_inc 0 eta_inc 3027462 multi_dec -301784 quick_dec -859836 nack_dec -136111700
Flow Uec_325_0 flowId 576 uecSrc 575 finished at 747858 total messages 1 total packets 3916 RTS 0 total bytes 16000776 in_flight now 0 fair_inc 0 prop_inc 0 fast_inc 0 eta_inc 2894562 multi_dec -282944 quick_dec -869346 nack_dec -136352400
Flow Uec_903_0 flowId 978 uecSrc 977 finished at 747883 total messages 1 total packets 3916 RTS 0 total bytes 16000776 in_flight now 0 fair_inc 0 prop_inc 0 fast_inc 0 eta_inc 2923800 multi_dec -316584 quick_dec -853433 nack_dec -137315200
Flow Uec_706_0 flowId 262 uecSrc 261 finished at 747884 total messages 1 total packets 3916 RTS 0 total bytes 16000776 in_flight now 0 fair_inc 0 prop_inc 0 fast_inc 0 eta_inc 2994237 multi_dec -325175 quick_dec -867893 nack_dec -135910172
Flow Uec_707_0 flowId 185 uecSrc 184 finished at 747891 total messages 1 total packets 3916 RTS 0 total bytes 16000776 in_flight now 0 fair_inc 0 prop_inc 0 fast_inc 0 eta_inc 2947722 multi_dec -306317 quick_dec -870587 nack_dec -135674398
Flow Uec_340_0 flowId 826 uecSrc 825 finished at 747900 total messages 1 total packets 3916 RTS 0 total bytes 16000776 in_flight now 0 fair_inc 0 prop_inc 0 fast_inc 0 eta_inc 3018159 multi_dec -318026 quick_dec -956034 nack_dec -134318124
Flow Uec_557_0 flowId 411 uecSrc 410 finished at 747911 total messages 1 total packets 3916 RTS 0 total bytes 16000776 in_flight now 0 fair_inc 0 prop_inc 0 fast_inc 0 eta_inc 2945064 multi_dec -293092 quick_dec -875616 nack_dec -136074350
Flow Uec_951_0 flowId 528 uecSrc 527 finished at 747912 total messages 1 total packets 3916 RTS 0 total bytes 16000776 in_flight now 0 fair_inc 0 prop_inc 0 fast_inc 0 eta_inc 2990250 multi_dec -317217 quick_dec -881217 nack_dec -136692700
Flow Uec_1022_0 flowId 517 uecSrc 516 finished at 747914 total messages 1 total packets 3916 RTS 0 total bytes 16000776 in_flight now 0 fair_inc 0 prop_inc 0 fast_inc 0 eta_inc 2942406 multi_dec -335163 quick_dec -843453 nack_dec -135991350
Flow Uec_259_0 flowId 722 uecSrc 721 finished at 747921 total messages 1 total packets 3916 RTS 0 total bytes 16000776 in_flight now 0 fair_inc 0 prop_inc 0 fast_inc 0 eta_inc 2970315 multi_dec -313869 quick_dec -837497 nack_dec -137713600
Flow Uec_332_0 flowId 289 uecSrc 288 finished at 747924 total messages 1 total packets 3916 RTS 0 total bytes 16000776 in_flight now 0 fair_inc 0 prop_inc 0 fast_inc 0 eta_inc 3026133 multi_dec -312065 quick_dec -925378 nack_dec -135995500
Flow Uec_667_0 flowId 306 uecSrc 305 finished at 747924 total messages 1 total packets 3916 RTS 0 total bytes 16000776 in_flight now 0 fair_inc 0 prop_inc 0 fast_inc 0 eta_inc 3007527 multi_dec -308221 quick_dec -881770 nack_dec -135829500
Flow Uec_869_0 flowId 885 uecSrc 884 finished at 747926 total messages 1 total packets 3916 RTS 0 total bytes 16000776 in_flight now 0 fair_inc 0 prop_inc 0 fast_inc 0 eta_inc 2886588 multi_dec -342565 quick_dec -819746 nack_dec -137261250
Flow Uec_716_0 flowId 159 uecSrc 158 finished at 747929 total messages 1 total packets 3916 RTS 0 total bytes 16000776 in_flight now 0 fair_inc 0 prop_inc 0 fast_inc 0 eta_inc 2866653 multi_dec -300371 quick_dec -882322 nack_dec -135725750
Flow Uec_367_0 flowId 298 uecSrc 297 finished at 747975 total messages 1 total packets 3916 RTS 0 total bytes 16000776 in_flight now 0 fair_inc 0 prop_inc 0 fast_inc 0 eta_inc 2986263 multi_dec -315543 quick_dec -832103 nack_dec -136291972
Flow Uec_381_0 flowId 190 uecSrc 189 finished at 747975 total messages 1 total packets 3916 RTS 0 total bytes 16000776 in_flight now 0 fair_inc 0 prop_inc 0 fast_inc 0 eta_inc 3047397 multi_dec -298604 quick_dec -842462 nack_dec -136456150
Flow Uec_383_0 flowId 495 uecSrc 494 finished at 747978 total messages 1 total packets 3916 RTS 0 total bytes 16000776 in_flight now 0 fair_inc 0 prop_inc 0 fast_inc 0 eta_inc 2986263 multi_dec -310689 quick_dec -857224 nack_dec -136028700
Flow Uec_611_0 flowId 131 uecSrc 130 finished at 747999 total messages 1 total packets 3916 RTS 0 total bytes 16000776 in_flight now 0 fair_inc 0 prop_inc 0 fast_inc 0 eta_inc 2992908 multi_dec -308494 quick_dec -856178 nack_dec -135356400
Flow Uec_1023_0 flowId 6 uecSrc 5 finished at 748001 total messages 1 total packets 3916 RTS 0 total bytes 16000776 in_flight now 0 fair_inc 0 prop_inc 0 fast_inc 0 eta_inc 2953038 multi_dec -276467 quick_dec -870793 nack_dec -136032074
Flow Uec_1018_0 flowId 578 uecSrc 577 finished at 748002 total messages 1 total packets 3916 RTS 0 total bytes 16000776 in_flight now 0 fair_inc 0 prop_inc 0 fast_inc 0 eta_inc 2919813 multi_dec -306963 quick_dec -870795 nack_dec -136596474
Flow Uec_177_0 flowId 181 uecSrc 180 finished at 748009 total messages 1 total packets 3916 RTS 0 total bytes 16000776 in_flight now 0 fair_inc 0 prop_inc 0 fast_inc 0 eta_inc 2902536 multi_dec -301139 quick_dec -894006 nack_dec -135990574
Flow Uec_70_0 flowId 288 uecSrc 287 finished at 748022 total messages 1 total packets 3916 RTS 0 total bytes 16000776 in_flight now 0 fair_inc 0 prop_inc 0 fast_inc 0 eta_inc 2967657 multi_dec -299722 quick_dec -896480 nack_dec -136128300
Flow Uec_989_0 flowId 342 uecSrc 341 finished at 748026 total messages 1 total packets 3916 RTS 0 total bytes 16000776 in_flight now 0 fair_inc 0 prop_inc 0 fast_inc 0 eta_inc 2970315 multi_dec -314427 quick_dec -829121 nack_dec -137072948
Flow Uec_187_0 flowId 134 uecSrc 133 finished at 748028 total messages 1 total packets 3916 RTS 0 total bytes 16000776 in_flight now 0 fair_inc 0 prop_inc 0 fast_inc 0 eta_inc 2930445 multi_dec -311459 quick_dec -884909 nack_dec -135779700
Flow Uec_567_0 flowId 965 uecSrc 964 finished at 748037 total messages 1 total packets 3916 RTS 0 total bytes 16000776 in_flight now 0 fair_inc 0 prop_inc 0 fast_inc 0 eta_inc 2983605 multi_dec -319511 quick_dec -911347 nack_dec -135783850
Flow Uec_770_0 flowId 297 uecSrc 296 finished at 748058 total messages 1 total packets 3916 RTS 0 total bytes 16000776 in_flight now 0 fair_inc 0 prop_inc 0 fast_inc 0 eta_inc 2953038 multi_dec -336979 quick_dec -879721 nack_dec -135464300
Flow Uec_784_0 flowId 113 uecSrc 112 finished at 748060 total messages 1 total packets 3916 RTS 0 total bytes 16000776 in_flight now 0 fair_inc 0 prop_inc 0 fast_inc 0 eta_inc 2934432 multi_dec -323887 quick_dec -862361 nack_dec -136879450
Flow Uec_351_0 flowId 182 uecSrc 181 finished at 748068 total messages 1 total packets 3916 RTS 0 total bytes 16000776 in_flight now 0 fair_inc 0 prop_inc 0 fast_inc 0 eta_inc 2964999 multi_dec -327064 quick_dec -873213 nack_dec -135534850
Flow Uec_916_0 flowId 105 uecSrc 104 finished at 748074 total messages 1 total packets 3916 RTS 0 total bytes 16000776 in_flight now 0 fair_inc 0 prop_inc 0 fast_inc 0 eta_inc 3020817 multi_dec -300955 quick_dec -888884 nack_dec -135059422
Flow Uec_600_0 flowId 433 uecSrc 432 finished at 748075 total messages 1 total packets 3916 RTS 0 total bytes 16000776 in_flight now 0 fair_inc 0 prop_inc 0 fast_inc 0 eta_inc 2939748 multi_dec -285677 quick_dec -887731 nack_dec -136036224
Flow Uec_412_0 flowId 689 uecSrc 688 finished at 748080 total messages 1 total packets 3916 RTS 0 total bytes 16000776 in_flight now 0 fair_inc 0 prop_inc 0 fast_inc 0 eta_inc 3060687 multi_dec -333453 quick_dec -884258 nack_dec -136647050
Flow Uec_468_0 flowId 231 uecSrc 230 finished at 748081 total messages 1 total packets 3916 RTS 0 total bytes 16000776 in_flight now 0 fair_inc 0 prop_inc 0 fast_inc 0 eta_inc 2966328 multi_dec -279512 quick_dec -863417 nack_dec -134526400
Flow Uec_562_0 flowId 910 uecSrc 909 finished at 748124 total messages 1 total packets 3916 RTS 0 total bytes 16000776 in_flight now 0 fair_inc 0 prop_inc 0 fast_inc 0 eta_inc 2987592 multi_dec -331396 quick_dec -849592 nack_dec -135886048
Flow Uec_597_0 flowId 290 uecSrc 289 finished at 748129 total messages 1 total packets 3916 RTS 0 total bytes 16000776 in_flight now 0 fair_inc 0 prop_inc 0 fast_inc 0 eta_inc 3062016 multi_dec -318745 quick_dec -846261 nack_dec -135049300
Flow Uec_82_0 flowId 403 uecSrc 402 finished at 748135 total messages 1 total packets 3916 RTS 0 total bytes 16000776 in_flight now 0 fair_inc 0 prop_inc 0 fast_inc 0 eta_inc 2941077 multi_dec -313642 quick_dec -876982 nack_dec -137322724
Flow Uec_284_0 flowId 619 uecSrc 618 finished at 748148 total messages 1 total packets 3916 RTS 0 total bytes 16000776 in_flight now 0 fair_inc 0 prop_inc 0 fast_inc 0 eta_inc 2970315 multi_dec -276214 quick_dec -907675 nack_dec -135745724
Flow Uec_985_0 flowId 743 uecSrc 742 finished at 748170 total messages 1 total packets 3916 RTS 0 total bytes 16000776 in_flight now 0 fair_inc 0 prop_inc 0 fast_inc 0 eta_inc 2958354 multi_dec -296538 quick_dec -833096 nack_dec -136491948
Flow Uec_615_0 flowId 824 uecSrc 823 finished at 748182 total messages 1 total packets 3916 RTS 0 total bytes 16000776 in_flight now 0 fair_inc 0 prop_inc 0 fast_inc 0 eta_inc 3007527 multi_dec -321746 quick_dec -913875 nack_dec -135804600
Flow Uec_138_0 flowId 1023 uecSrc 1022 finished at 748185 total messages 1 total packets 3916 RTS 0 total bytes 16000776 in_flight now 0 fair_inc 0 prop_inc 0 fast_inc 0 eta_inc 3039423 multi_dec -324420 quick_dec -858340 nack_dec -136439550
Flow Uec_318_0 flowId 727 uecSrc 726 finished at 748198 total messages 1 total packets 3916 RTS 0 total bytes 16000776 in_flight now 0 fair_inc 0 prop_inc 0 fast_inc 0 eta_inc 3000882 multi_dec -306808 quick_dec -875217 nack_dec -135732498
Flow Uec_731_0 flowId 137 uecSrc 136 finished at 748198 total messages 1 total packets 3916 RTS 0 total bytes 16000776 in_flight now 0 fair_inc 0 prop_inc 0 fast_inc 0 eta_inc 2986263 multi_dec -294593 quick_dec -896833 nack_dec -136718646
Flow Uec_157_0 flowId 273 uecSrc 272 finished at 748210 total messages 1 total packets 3916 RTS 0 total bytes 16000776 in_flight now 0 fair_inc 0 prop_inc 0 fast_inc 0 eta_inc 2937090 multi_dec -327370 quick_dec -841900 nack_dec -136727722
Flow Uec_89_0 flowId 903 uecSrc 902 finished at 748210 total messages 1 total packets 3916 RTS 0 total bytes 16000776 in_flight now 0 fair_inc 0 prop_inc 0 fast_inc 0 eta_inc 3019488 multi_dec -348216 quick_dec -917548 nack_dec -135572200
Flow Uec_649_0 flowId 77 uecSrc 76 finished at 748218 total messages 1 total packets 3916 RTS 0 total bytes 16000776 in_flight now 0 fair_inc 0 prop_inc 0 fast_inc 0 eta_inc 2983605 multi_dec -291821 quick_dec -911770 nack_dec -136070200
Flow Uec_737_0 flowId 759 uecSrc 758 finished at 748226 total messages 1 total packets 3916 RTS 0 total bytes 16000776 in_flight now 0 fair_inc 0 prop_inc 0 fast_inc 0 eta_inc 2858679 multi_dec -254911 quick_dec -844127 nack_dec -136811498
Flow Uec_800_0 flowId 156 uecSrc 155 finished at 748228 total messages 1 total packets 3916 RTS 0 total bytes 16000776 in_flight now 0 fair_inc 0 prop_inc 0 fast_inc 0 eta_inc 2998224 multi_dec -338348 quick_dec -850220 nack_dec -136293524
Flow Uec_1021_0 flowId 103 uecSrc 102 finished at 748255 total messages 1 total packets 3916 RTS 0 total bytes 16000776 in_flight now 0 fair_inc 0 prop_inc 0 fast_inc 0 eta_inc 3068661 multi_dec -315617 quick_dec -900459 nack_dec -136394946
Flow Uec_834_0 flowId 446 uecSrc 445 finished at 748268 total messages 1 total packets 3916 RTS 0 total bytes 16000776 in_flight now 0 fair_inc 0 prop_inc 0 fast_inc 0 eta_inc 3048726 multi_dec -337531 quick_dec -883445 nack_dec -136422950
Flow Uec_387_0 flowId 201 uecSrc 200 finished at 748268 total messages 1 total packets 3916 RTS 0 total bytes 16000776 in_flight now 0 fair_inc 0 prop_inc 0 fast_inc 0 eta_inc 3002211 multi_dec -344407 quick_dec -881107 nack_dec -136158396
Flow Uec_697_0 flowId 648 uecSrc 647 finished at 748270 total messages 1 total packets 3916 RTS 0 total bytes 16000776 in_flight now 0 fair_inc 0 prop_inc 0 fast_inc 0 eta_inc 2953038 multi_dec -346326 quick_dec -876079 nack_dec -136310124
Flow Uec_190_0 flowId 799 uecSrc 798 finished at 748272 total messages 1 total packets 3916 RTS 0 total bytes 16000776 in_flight now 0 fair_inc 0 prop_inc 0 fast_inc 0 eta_inc 2987592 multi_dec -338456 quick_dec -850008 nack_dec -135858550
Flow Uec_643_0 flowId 610 uecSrc 609 finished at 748277 total messages 1 total packets 3916 RTS 0 total bytes 16000776 in_flight now 0 fair_inc 0 prop_inc 0 fast_inc 0 eta_inc 2964999 multi_dec -333932 quick_dec -893210 nack_dec -136199896
Flow Uec_103_0 flowId 948 uecSrc 947 finished at 748280 total messages 1 total packets 3916 RTS 0 total bytes 16000776 in_flight now 0 fair_inc 0 prop_inc 0 fast_inc 0 eta_inc 2999553 multi_dec -297787 quick_dec -865653 nack_dec -135850250
Flow Uec_526_0 flowId 248 uecSrc 247 finished at 748281 total messages 1 total packets 3916 RTS 0 total bytes 16000776 in_flight now 0 fair_inc 0 prop_inc 0 fast_inc 0 eta_inc 3055371 multi_dec -367682 quick_dec -861486 nack_dec -136049450
Flow Uec_388_0 flowId 709 uecSrc 708 finished at 748283 total messages 1 total packets 3916 RTS 0 total bytes 16000776 in_flight now 0 fair_inc 0 prop_inc 0 fast_inc 0 eta_inc 3036765 multi_dec -307466 quick_dec -912088 nack_dec -136987350
Flow Uec_568_0 flowId 841 uecSrc 840 finished at 748298 total messages 1 total packets 3916 RTS 0 total bytes 16000776 in_flight now 0 fair_inc 0 prop_inc 0 fast_inc 0 eta_inc 2901207 multi_dec -292878 quick_dec -862242 nack_dec -136911874
Flow Uec_976_0 flowId 260 uecSrc 259 finished at 748299 total messages 1 total packets 3916 RTS 0 total bytes 16000776 in_flight now 0 fair_inc 0 prop_inc 0 fast_inc 0 eta_inc 2955696 multi_dec -335770 quick_dec -887441 nack_dec -136474572
Flow Uec_701_0 flowId 286 uecSrc 285 finished at 748299 total messages 1 total packets 3916 RTS 0 total bytes 16000776 in_flight now 0 fair_inc 0 prop_inc 0 fast_inc 0 eta_inc 3004869 multi_dec -314189 quick_dec -864136 nack_dec -136588950
Flow Uec_1003_0 flowId 224 uecSrc 223 finished at 748301 total messages 1 total packets 3916 RTS 0 total bytes 16000776 in_flight now 0 fair_inc 0 prop_inc 0 fast_inc 0 eta_inc 2935761 multi_dec -285862 quick_dec -862606 nack_dec -135705000
Flow Uec_262_0 flowId 1017 uecSrc 1016 finished at 748309 total messages 1 total packets 3916 RTS 0 total bytes 16000776 in_flight now 0 fair_inc 0 prop_inc 0 fast_inc 0 eta_inc 2995566 multi_dec -335411 quick_dec -867980 nack_dec -136090174
Flow Uec_936_0 flowId 482 uecSrc 481 finished at 748315 total messages 1 total packets 3916 RTS 0 total bytes 16000776 in_flight now 0 fair_inc 0 prop_inc 0 fast_inc 0 eta_inc 3016830 multi_dec -335837 quick_dec -814021 nack_dec -136065274
Flow Uec_105_0 flowId 988 uecSrc 987 finished at 748328 total messages 1 total packets 3916 RTS 0 total bytes 16000776 in_flight now 0 fair_inc 0 prop_inc 0 fast_inc 0 eta_inc 2999553 multi_dec -342910 quick_dec -870302 nack_dec -135580500
Flow Uec_393_0 flowId 857 uecSrc 856 finished at 748339 total messages 1 total packets 3916 RTS 0 total bytes 16000776 in_flight now 0 fair_inc 0 prop_inc 0 fast_inc 0 eta_inc 3022146 multi_dec -333493 quick_dec -876732 nack_dec -135758950
Flow Uec_897_0 flowId 138 uecSrc 137 finished at 748341 total messages 1 total packets 3916 RTS 0 total bytes 16000776 in_flight now 0 fair_inc 0 prop_inc 0 fast_inc 0 eta_inc 2934432 multi_dec -287360 quick_dec -869355 nack_dec -136243724
Flow Uec_988_0 flowId 400 uecSrc 399 finished at 748341 total messages 1 total packets 3916 RTS 0 total bytes 16000776 in_flight now 0 fair_inc 0 prop_inc 0 fast_inc 0 eta_inc 3039423 multi_dec -349217 quick_dec -860555 nack_dec -136788150
Flow Uec_444_0 flowId 1001 uecSrc 1000 finished at 748357 total messages 1 total packets 3916 RTS 0 total bytes 16000776 in_flight now 0 fair_inc 0 prop_inc 0 fast_inc 0 eta_inc 2982276 multi_dec -297736 quick_dec -908599 nack_dec -134742200
Flow Uec_475_0 flowId 115 uecSrc 114 finished at 748366 total messages 1 total packets 3916 RTS 0 total bytes 16000776 in_flight now 0 fair_inc 0 prop_inc 0 fast_inc 0 eta_inc 2927787 multi_dec -328320 quick_dec -852776 nack_dec -136422174
Flow Uec_296_0 flowId 125 uecSrc 124 finished at 748369 total messages 1 total packets 3916 RTS 0 total bytes 16000776 in_flight now 0 fair_inc 0 prop_inc 0 fast_inc 0 eta_inc 2966328 multi_dec -314079 quick_dec -886393 nack_dec -135879300
Flow Uec_236_0 flowId 822 uecSrc 821 finished at 748377 total messages 1 total packets 3916 RTS 0 total bytes 16000776 in_flight now 0 fair_inc 0 prop_inc 0 fast_inc 0 eta_inc 3030120 multi_dec -344111 quick_dec -868785 nack_dec -135854400
Flow Uec_148_0 flowId 145 uecSrc 144 finished at 748377 total messages 1 total packets 3916 RTS 0 total bytes 16000776 in_flight now 0 fair_inc 0 prop_inc 0 fast_inc 0 eta_inc 2934432 multi_dec -326319 quick_dec -865662 nack_dec -135098324
Flow Uec_249_0 flowId 918 uecSrc 917 finished at 748383 total messages 1 total packets 3916 RTS 0 total bytes 16000776 in_flight now 0 fair_inc 0 prop_inc 0 fast_inc 0 eta_inc 3004869 multi_dec -290962 quick_dec -855716 nack_dec -137920324
Flow Uec_895_0 flowId 270 uecSrc 269 finished at 748388 total messages 1 total packets 3916 RTS 0 total bytes 16000776 in_flight now 0 fair_inc 0 prop_inc 0 fast_inc 0 eta_inc 2980947 multi_dec -300885 quick_dec -825493 nack_dec -136185624
Flow Uec_816_0 flowId 613 uecSrc 612 finished at 748410 total messages 1 total packets 3916 RTS 0 total bytes 16000776 in_flight now 0 fair_inc 0 prop_inc 0 fast_inc 0 eta_inc 2934432 multi_dec -307447 quick_dec -890965 nack_dec -136435400
Flow Uec_426_0 flowId 420 uecSrc 419 finished at 748412 total messages 1 total packets 3916 RTS 0 total bytes 16000776 in_flight now 0 fair_inc 0 prop_inc 0 fast_inc 0 eta_inc 2959683 multi_dec -350689 quick_dec -857454 nack_dec -137418950
Flow Uec_335_0 flowId 413 uecSrc 412 finished at 748416 total messages 1 total packets 3916 RTS 0 total bytes 16000776 in_flight now 0 fair_inc 0 prop_inc 0 fast_inc 0 eta_inc 2954367 multi_dec -301589 quick_dec -872829 nack_dec -135417874
Flow Uec_162_0 flowId 505 uecSrc 504 finished at 748416 total messages 1 total packets 3916 RTS 0 total bytes 16000776 in_flight now 0 fair_inc 0 prop_inc 0 fast_inc 0 eta_inc 2987592 multi_dec -330984 quick_dec -840259 nack_dec -135995500
Flow Uec_678_0 flowId 259 uecSrc 258 finished at 748419 total messages 1 total packets 3916 RTS 0 total bytes 16000776 in_flight now 0 fair_inc 0 prop_inc 0 fast_inc 0 eta_inc 2870640 multi_dec -303008 quick_dec -832743 nack_dec -135945700
Flow Uec_728_0 flowId 632 uecSrc 631 finished at 748429 total messages 1 total packets 3916 RTS 0 total bytes 16000776 in_flight now 0 fair_inc 0 prop_inc 0 fast_inc 0 eta_inc 3031449 multi_dec -334680 quick_dec -860864 nack_dec -135431100
Flow Uec_721_0 flowId 886 uecSrc 885 finished at 748438 total messages 1 total packets 3916 RTS 0 total bytes 16000776 in_flight now 0 fair_inc 0 prop_inc 0 fast_inc 0 eta_inc 3043410 multi_dec -339439 quick_dec -904397 nack_dec -135273400
Flow Uec_68_0 flowId 212 uecSrc 211 finished at 748438 total messages 1 total packets 3916 RTS 0 total bytes 16000776 in_flight now 0 fair_inc 0 prop_inc 0 fast_inc 0 eta_inc 2929116 multi_dec -303377 quick_dec -841543 nack_dec -135708374
Flow Uec_978_0 flowId 441 uecSrc 440 finished at 748439 total messages 1 total packets 3916 RTS 0 total bytes 16000776 in_flight now 0 fair_inc 0 prop_inc 0 fast_inc 0 eta_inc 2921142 multi_dec -311035 quick_dec -825547 nack_dec -136297674
Flow Uec_522_0 flowId 711 uecSrc 710 finished at 748440 total messages 1 total packets 3916 RTS 0 total bytes 16000776 in_flight now 0 fair_inc 0 prop_inc 0 fast_inc 0 eta_inc 2947722 multi_dec -307311 quick_dec -899587 nack_dec -137214824
Flow Uec_708_0 flowId 685 uecSrc 684 finished at 748441 total messages 1 total packets 3916 RTS 0 total bytes 16000776 in_flight now 0 fair_inc 0 prop_inc 0 fast_inc 0 eta_inc 3026133 multi_dec -323376 quick_dec -880756 nack_dec -135642750
Flow Uec_329_0 flowId 739 uecSrc 738 finished at 748443 total messages 1 total packets 3916 RTS 0 total bytes 16000776 in_flight now 0 fair_inc 0 prop_inc 0 fast_inc 0 eta_inc 3000882 multi_dec -302576 quick_dec -877305 nack_dec -137074500
Flow Uec_384_0 flowId 904 uecSrc 903 finished at 748458 total messages 1 total packets 3916 RTS 0 total bytes 16000776 in_flight now 0 fair_inc 0 prop_inc 0 fast_inc 0 eta_inc 2967657 multi_dec -289325 quick_dec -877568 nack_dec -135895900
Flow Uec_1013_0 flowId 582 uecSrc 581 finished at 748465 total messages 1 total packets 3916 RTS 0 total bytes 16000776 in_flight now 0 fair_inc 0 prop_inc 0 fast_inc 0 eta_inc 2939748 multi_dec -304166 quick_dec -846955 nack_dec -138380974
Flow Uec_313_0 flowId 516 uecSrc 515 finished at 748468 total messages 1 total packets 3916 RTS 0 total bytes 16000776 in_flight now 0 fair_inc 0 prop_inc 0 fast_inc 0 eta_inc 2979618 multi_dec -339212 quick_dec -896757 nack_dec -135277550
Flow Uec_650_0 flowId 498 uecSrc 497 finished at 748468 total messages 1 total packets 3916 RTS 0 total bytes 16000776 in_flight now 0 fair_inc 0 prop_inc 0 fast_inc 0 eta_inc 2991579 multi_dec -312728 quick_dec -900862 nack_dec -135214524
Flow Uec_972_0 flowId 111 uecSrc 110 finished at 748473 total messages 1 total packets 3916 RTS 0 total bytes 16000776 in_flight now 0 fair_inc 0 prop_inc 0 fast_inc 0 eta_inc 3069990 multi_dec -317394 quick_dec -901156 nack_dec -135007800
Flow Uec_832_0 flowId 265 uecSrc 264 finished at 748478 total messages 1 total packets 3916 RTS 0 total bytes 16000776 in_flight now 0 fair_inc 0 prop_inc 0 fast_inc 0 eta_inc 2963670 multi_dec -302245 quick_dec -801632 nack_dec -137135974
Flow Uec_238_0 flowId 870 uecSrc 869 finished at 748481 total messages 1 total packets 3916 RTS 0 total bytes 16000776 in_flight now 0 fair_inc 0 prop_inc 0 fast_inc 0 eta_inc 3043410 multi_dec -330877 quick_dec -907024 nack_dec -136845474
Flow Uec_263_0 flowId 256 uecSrc 255 finished at 748483 total messages 1 total packets 3916 RTS 0 total bytes 16000776 in_flight now 0 fair_inc 0 prop_inc 0 fast_inc 0 eta_inc 3038094 multi_dec -317167 quick_dec -864525 nack_dec -136983200
Flow Uec_908_0 flowId 784 uecSrc 783 finished at 748486 total messages 1 total packets 3916 RTS 0 total bytes 16000776 in_flight now 0 fair_inc 0 prop_inc 0 fast_inc 0 eta_inc 2937090 multi_dec -321740 quick_dec -845553 nack_dec -136738350
Flow Uec_382_0 flowId 329 uecSrc 328 finished at 748487 total messages 1 total packets 3916 RTS 0 total bytes 16000776 in_flight now 0 fair_inc 0 prop_inc 0 fast_inc 0 eta_inc 2951709 multi_dec -313144 quick_dec -862414 nack_dec -135651050
Flow Uec_520_0 flowId 934 uecSrc 933 finished at 748494 total messages 1 total packets 3916 RTS 0 total bytes 16000776 in_flight now 0 fair_inc 0 prop_inc 0 fast_inc 0 eta_inc 3042081 multi_dec -352682 quick_dec -856554 nack_dec -135402050
Flow Uec_793_0 flowId 657 uecSrc 656 finished at 748497 total messages 1 total packets 3916 RTS 0 total bytes 16000776 in_flight now 0 fair_inc 0 prop_inc 0 fast_inc 0 eta_inc 2906523 multi_dec -285294 quick_dec -877626 nack_dec -136429698
Flow Uec_990_0 flowId 701 uecSrc 700 finished at 748498 total messages 1 total packets 3916 RTS 0 total bytes 16000776 in_flight now 0 fair_inc 0 prop_inc 0 fast_inc 0 eta_inc 2976960 multi_dec -328242 quick_dec -842556 nack_dec -135265100
Flow Uec_176_0 flowId 713 uecSrc 712 finished at 748501 total messages 1 total packets 3916 RTS 0 total bytes 16000776 in_flight now 0 fair_inc 0 prop_inc 0 fast_inc 0 eta_inc 3027462 multi_dec -309272 quick_dec -925921 nack_dec -135659350
Flow Uec_833_0 flowId 836 uecSrc 835 finished at 748507 total messages 1 total packets 3916 RTS 0 total bytes 16000776 in_flight now 0 fair_inc 0 prop_inc 0 fast_inc 0 eta_inc 3011514 multi_dec -320887 quick_dec -907845 nack_dec -135792150
Flow Uec_679_0 flowId 662 uecSrc 661 finished at 748512 total messages 1 total packets 3916 RTS 0 total bytes 16000776 in_flight now 0 fair_inc 0 prop_inc 0 fast_inc 0 eta_inc 3010185 multi_dec -358955 quick_dec -909595 nack_dec -136140750
Flow Uec_446_0 flowId 598 uecSrc 597 finished at 748512 total messages 1 total packets 3916 RTS 0 total bytes 16000776 in_flight now 0 fair_inc 0 prop_inc 0 fast_inc 0 eta_inc 2984934 multi_dec -311290 quick_dec -825391 nack_dec -136488574
Flow Uec_436_0 flowId 471 uecSrc 470 finished at 748514 total messages 1 total packets 3916 RTS 0 total bytes 16000776 in_flight now 0 fair_inc 0 prop_inc 0 fast_inc 0 eta_inc 3044739 multi_dec -324582 quick_dec -933962 nack_dec -135497500
Flow Uec_920_0 flowId 129 uecSrc 128 finished at 748543 total messages 1 total packets 3916 RTS 0 total bytes 16000776 in_flight now 0 fair_inc 0 prop_inc 0 fast_inc 0 eta_inc 3010185 multi_dec -296400 quick_dec -895106 nack_dec -135559750
Flow Uec_782_0 flowId 148 uecSrc 147 finished at 748557 total messages 1 total packets 3916 RTS 0 total bytes 16000776 in_flight now 0 fair_inc 0 prop_inc 0 fast_inc 0 eta_inc 3027462 multi_dec -338538 quick_dec -822340 nack_dec -135290000
Flow Uec_83_0 flowId 61 uecSrc 60 finished at 748558 total messages 1 total packets 3916 RTS 0 total bytes 16000776 in_flight now 0 fair_inc 0 prop_inc 0 fast_inc 0 eta_inc 2961012 multi_dec -350680 quick_dec -852097 nack_dec -137265400
Flow Uec_949_0 flowId 956 uecSrc 955 finished at 748567 total messages 1 total packets 3916 RTS 0 total bytes 16000776 in_flight now 0 fair_inc 0 prop_inc 0 fast_inc 0 eta_inc 2976960 multi_dec -297713 quick_dec -875459 nack_dec -136373150
Flow Uec_272_0 flowId 211 uecSrc 210 finished at 748575 total messages 1 total packets 3916 RTS 0 total bytes 16000776 in_flight now 0 fair_inc 0 prop_inc 0 fast_inc 0 eta_inc 2978289 multi_dec -286449 quick_dec -881959 nack_dec -136120000
Flow Uec_301_0 flowId 514 uecSrc 513 finished at 748578 total messages 1 total packets 3916 RTS 0 total bytes 16000776 in_flight now 0 fair_inc 0 prop_inc 0 fast_inc 0 eta_inc 3044739 multi_dec -322661 quick_dec -883292 nack_dec -137717750
Flow Uec_71_0 flowId 451 uecSrc 450 finished at 748581 total messages 1 total packets 3916 RTS 0 total bytes 16000776 in_flight now 0 fair_inc 0 prop_inc 0 fast_inc 0 eta_inc 2961012 multi_dec -314096 quick_dec -879795 nack_dec -135763100
Flow Uec_601_0 flowId 607 uecSrc 606 finished at 748582 total messages 1 total packets 3916 RTS 0 total bytes 16000776 in_flight now 0 fair_inc 0 prop_inc 0 fast_inc 0 eta_inc 3000882 multi_dec -313600 quick_dec -910353 nack_dec -135879300
Flow Uec_269_0 flowId 362 uecSrc 361 finished at 748585 total messages 1 total packets 3916 RTS 0 total bytes 16000776 in_flight now 0 fair_inc 0 prop_inc 0 fast_inc 0 eta_inc 2992908 multi_dec -349175 quick_dec -852002 nack_dec -135962300
Flow Uec_466_0 flowId 785 uecSrc 784 finished at 748600 total messages 1 total packets 3916 RTS 0 total bytes 16000776 in_flight now 0 fair_inc 0 prop_inc 0 fast_inc 0 eta_inc 3028791 multi_dec -335031 quick_dec -888182 nack_dec -135692550
Flow Uec_613_0 flowId 87 uecSrc 86 finished at 748612 total messages 1 total packets 3916 RTS 0 total bytes 16000776 in_flight now 0 fair_inc 0 prop_inc 0 fast_inc 0 eta_inc 2986263 multi_dec -317940 quick_dec -864490 nack_dec -135808750
Flow Uec_226_0 flowId 751 uecSrc 750 finished at 748621 total messages 1 total packets 3916 RTS 0 total bytes 16000776 in_flight now 0 fair_inc 0 prop_inc 0 fast_inc 0 eta_inc 2979618 multi_dec -299241 quick_dec -904258 nack_dec -138502100
Flow Uec_769_0 flowId 93 uecSrc 92 finished at 748628 total messages 1 total packets 3916 RTS 0 total bytes 16000776 in_flight now 0 fair_inc 0 prop_inc 0 fast_inc 0 eta_inc 2951709 multi_dec -331341 quick_dec -823618 nack_dec -137140900
Flow Uec_153_0 flowId 398 uecSrc 397 finished at 748628 total messages 1 total packets 3916 RTS 0 total bytes 16000776 in_flight now 0 fair_inc 0 prop_inc 0 fast_inc 0 eta_inc 3038094 multi_dec -358771 quick_dec -900791 nack_dec -135622000
Flow Uec_715_0 flowId 2 uecSrc 1 finished at 748630 total messages 1 total packets 3916 RTS 0 total bytes 16000776 in_flight now 0 fair_inc 0 prop_inc 0 fast_inc 0 eta_inc 2945064 multi_dec -299002 quick_dec -904845 nack_dec -136173950
Flow Uec_91_0 flowId 435 uecSrc 434 finished at 748634 total messages 1 total packets 3916 RTS 0 total bytes 16000776 in_flight now 0 fair_inc 0 prop_inc 0 fast_inc 0 eta_inc 3019488 multi_dec -364873 quick_dec -897168 nack_dec -137340100
Flow Uec_865_0 flowId 80 uecSrc 79 finished at 748649 total messages 1 total packets 3916 RTS 0 total bytes 16000776 in_flight now 0 fair_inc 0 prop_inc 0 fast_inc 0 eta_inc 2951709 multi_dec -305612 quick_dec -852062 nack_dec -136352400
Flow Uec_785_0 flowId 422 uecSrc 421 finished at 748658 total messages 1 total packets 3916 RTS 0 total bytes 16000776 in_flight now 0 fair_inc 4710 prop_inc 0 fast_inc 0 eta_inc 3030120 multi_dec -325647 quick_dec -905446 nack_dec -135941550
Flow Uec_528_0 flowId 310 uecSrc 309 finished at 748658 total messages 1 total packets 3916 RTS 0 total bytes 16000776 in_flight now 0 fair_inc 0 prop_inc 0 fast_inc 0 eta_inc 3000882 multi_dec -331473 quick_dec -849249 nack_dec -135684250
Flow Uec_818_0 flowId 493 uecSrc 492 finished at 748663 total messages 1 total packets 3916 RTS 0 total bytes 16000776 in_flight now 0 fair_inc 0 prop_inc 0 fast_inc 0 eta_inc 2949051 multi_dec -336031 quick_dec -900697 nack_dec -135518250
Flow Uec_161_0 flowId 686 uecSrc 685 finished at 748671 total messages 1 total packets 3916 RTS 0 total bytes 16000776 in_flight now 0 fair_inc 0 prop_inc 0 fast_inc 0 eta_inc 2942406 multi_dec -287248 quick_dec -899442 nack_dec -136302600
Flow Uec_151_0 flowId 639 uecSrc 638 finished at 748672 total messages 1 total packets 3916 RTS 0 total bytes 16000776 in_flight now 0 fair_inc 0 prop_inc 0 fast_inc 0 eta_inc 3043410 multi_dec -352109 quick_dec -923948 nack_dec -135991350
Flow Uec_856_0 flowId 1003 uecSrc 1002 finished at 748677 total messages 1 total packets 3916 RTS 0 total bytes 16000776 in_flight now 0 fair_inc 0 prop_inc 0 fast_inc 0 eta_inc 2968986 multi_dec -331525 quick_dec -904581 nack_dec -136239574
Flow Uec_913_0 flowId 555 uecSrc 554 finished at 748695 total messages 1 total packets 3916 RTS 0 total bytes 16000776 in_flight now 0 fair_inc 0 prop_inc 0 fast_inc 0 eta_inc 2980947 multi_dec -366601 quick_dec -835788 nack_dec -136954150
Flow Uec_316_0 flowId 887 uecSrc 886 finished at 748699 total messages 1 total packets 3916 RTS 0 total bytes 16000776 in_flight now 0 fair_inc 4710 prop_inc 0 fast_inc 0 eta_inc 2988921 multi_dec -312853 quick_dec -925667 nack_dec -134546374
Flow Uec_740_0 flowId 312 uecSrc 311 finished at 748704 total messages 1 total packets 3916 RTS 0 total bytes 16000776 in_flight now 0 fair_inc 0 prop_inc 0 fast_inc 0 eta_inc 2998224 multi_dec -344977 quick_dec -892339 nack_dec -135443550
Flow Uec_225_0 flowId 960 uecSrc 959 finished at 748705 total messages 1 total packets 3916 RTS 0 total bytes 16000776 in_flight now 0 fair_inc 0 prop_inc 0 fast_inc 0 eta_inc 2950380 multi_dec -342347 quick_dec -807010 nack_dec -135717450
Flow Uec_197_0 flowId 367 uecSrc 366 finished at 748717 total messages 1 total packets 3916 RTS 0 total bytes 16000776 in_flight now 0 fair_inc 0 prop_inc 0 fast_inc 0 eta_inc 2992908 multi_dec -336603 quick_dec -855560 nack_dec -135667650
Flow Uec_572_0 flowId 476 uecSrc 475 finished at 748720 total messages 1 total packets 3916 RTS 0 total bytes 16000776 in_flight now 0 fair_inc 0 prop_inc 0 fast_inc 0 eta_inc 2984934 multi_dec -357061 quick_dec -873353 nack_dec -135410350
Flow Uec_348_0 flowId 681 uecSrc 680 finished at 748726 total messages 1 total packets 3916 RTS 0 total bytes 16000776 in_flight now 0 fair_inc 0 prop_inc 0 fast_inc 0 eta_inc 2968986 multi_dec -308573 quick_dec -872894 nack_dec -134692400
Flow Uec_213_0 flowId 589 uecSrc 588 finished at 748730 total messages 1 total packets 3916 RTS 0 total bytes 16000776 in_flight now 0 fair_inc 4710 prop_inc 0 fast_inc 0 eta_inc 2957025 multi_dec -349887 quick_dec -853272 nack_dec -136464450
Flow Uec_962_0 flowId 979 uecSrc 978 finished at 748732 total messages 1 total packets 3916 RTS 0 total bytes 16000776 in_flight now 0 fair_inc 0 prop_inc 0 fast_inc 0 eta_inc 2978289 multi_dec -334506 quick_dec -901316 nack_dec -135750650
Flow Uec_672_0 flowId 293 uecSrc 292 finished at 748739 total messages 1 total packets 3916 RTS 0 total bytes 16000776 in_flight now 0 fair_inc 0 prop_inc 0 fast_inc 0 eta_inc 2974302 multi_dec -316388 quick_dec -878631 nack_dec -136389750
Flow Uec_75_0 flowId 641 uecSrc 640 finished at 748743 total messages 1 total packets 3916 RTS 0 total bytes 16000776 in_flight now 0 fair_inc 0 prop_inc 0 fast_inc 0 eta_inc 2984934 multi_dec -335396 quick_dec -845290 nack_dec -136319200
Flow Uec_995_0 flowId 757 uecSrc 756 finished at 748744 total messages 1 total packets 3916 RTS 0 total bytes 16000776 in_flight now 0 fair_inc 4562 prop_inc 0 fast_inc 0 eta_inc 2994237 multi_dec -354257 quick_dec -892356 nack_dec -136867000
Flow Uec_1016_0 flowId 83 uecSrc 82 finished at 748753 total messages 1 total packets 3916 RTS 0 total bytes 16000776 in_flight now 0 fair_inc 0 prop_inc 0 fast_inc 0 eta_inc 2938419 multi_dec -312065 quick_dec -878415 nack_dec -137406500
Flow Uec_892_0 flowId 207 uecSrc 206 finished at 748755 total messages 1 total packets 3916 RTS 0 total bytes 16000776 in_flight now 0 fair_inc 0 prop_inc 0 fast_inc 0 eta_inc 3000882 multi_dec -342502 quick_dec -889475 nack_dec -135999650
Flow Uec_752_0 flowId 492 uecSrc 491 finished at 748755 total messages 1 total packets 3916 RTS 0 total bytes 16000776 in_flight now 0 fair_inc 0 prop_inc 0 fast_inc 0 eta_inc 3034107 multi_dec -365092 quick_dec -899064 nack_dec -136588950
Flow Uec_992_0 flowId 139 uecSrc 138 finished at 748759 total messages 1 total packets 3916 RTS 0 total bytes 16000776 in_flight now 0 fair_inc 3794 prop_inc 0 fast_inc 0 eta_inc 2961012 multi_dec -348565 quick_dec -856981 nack_dec -136223750
Flow Uec_90_0 flowId 213 uecSrc 212 finished at 748765 total messages 1 total packets 3916 RTS 0 total bytes 16000776 in_flight now 0 fair_inc 0 prop_inc 0 fast_inc 0 eta_inc 2950380 multi_dec -316187 quick_dec -866865 nack_dec -136364850
Flow Uec_205_0 flowId 873 uecSrc 872 finished at 748775 total messages 1 total packets 3916 RTS 0 total bytes 16000776 in_flight now 0 fair_inc 0 prop_inc 0 fast_inc 0 eta_inc 3042081 multi_dec -307599 quick_dec -825931 nack_dec -135622000
Flow Uec_581_0 flowId 365 uecSrc 364 finished at 748785 total messages 1 total packets 3916 RTS 0 total bytes 16000776 in_flight now 0 fair_inc 4710 prop_inc 0 fast_inc 0 eta_inc 2923800 multi_dec -333865 quick_dec -867007 nack_dec -136754950
Flow Uec_653_0 flowId 28 uecSrc 27 finished at 748788 total messages 1 total packets 3916 RTS 0 total bytes 16000776 in_flight now 0 fair_inc 4710 prop_inc 0 fast_inc 0 eta_inc 2971644 multi_dec -292443 quick_dec -926997 nack_dec -136335024
Flow Uec_836_0 flowId 454 uecSrc 453 finished at 748789 total messages 1 total packets 3916 RTS 0 total bytes 16000776 in_flight now 0 fair_inc 4710 prop_inc 0 fast_inc 0 eta_inc 2974302 multi_dec -316118 quick_dec -896547 nack_dec -134696550
Flow Uec_281_0 flowId 130 uecSrc 129 finished at 748789 total messages 1 total packets 3916 RTS 0 total bytes 16000776 in_flight now 0 fair_inc 4710 prop_inc 0 fast_inc 0 eta_inc 2964999 multi_dec -341342 quick_dec -880907 nack_dec -136211300
Flow Uec_508_0 flowId 1015 uecSrc 1014 finished at 748797 total messages 1 total packets 3916 RTS 0 total bytes 16000776 in_flight now 0 fair_inc 10574 prop_inc 0 fast_inc 0 eta_inc 2949051 multi_dec -376636 quick_dec -846124 nack_dec -136298450
Flow Uec_160_0 flowId 399 uecSrc 398 finished at 748799 total messages 1 total packets 3916 RTS 0 total bytes 16000776 in_flight now 0 fair_inc 0 prop_inc 0 fast_inc 0 eta_inc 2980947 multi_dec -347845 quick_dec -884214 nack_dec -137294450
Flow Uec_576_0 flowId 548 uecSrc 547 finished at 748806 total messages 1 total packets 3916 RTS 0 total bytes 16000776 in_flight now 0 fair_inc 5020 prop_inc 0 fast_inc 0 eta_inc 2988921 multi_dec -327856 quick_dec -889706 nack_dec -135509950
Flow Uec_294_0 flowId 160 uecSrc 159 finished at 748807 total messages 1 total packets 3916 RTS 0 total bytes 16000776 in_flight now 0 fair_inc 0 prop_inc 0 fast_inc 0 eta_inc 2950380 multi_dec -312739 quick_dec -906219 nack_dec -136037000
Flow Uec_1015_0 flowId 966 uecSrc 965 finished at 748809 total messages 1 total packets 3916 RTS 0 total bytes 16000776 in_flight now 0 fair_inc 0 prop_inc 0 fast_inc 0 eta_inc 2961012 multi_dec -306128 quick_dec -867891 nack_dec -137182400
Flow Uec_868_0 flowId 1021 uecSrc 1020 finished at 748811 total messages 1 total packets 3916 RTS 0 total bytes 16000776 in_flight now 0 fair_inc 0 prop_inc 0 fast_inc 0 eta_inc 2971644 multi_dec -310065 quick_dec -884844 nack_dec -136356550
Flow Uec_315_0 flowId 564 uecSrc 563 finished at 748814 total messages 1 total packets 3916 RTS 0 total bytes 16000776 in_flight now 0 fair_inc 4710 prop_inc 0 fast_inc 0 eta_inc 3006198 multi_dec -353404 quick_dec -852121 nack_dec -135576350
Flow Uec_297_0 flowId 957 uecSrc 956 finished at 748822 total messages 1 total packets 3916 RTS 0 total bytes 16000776 in_flight now 0 fair_inc 4710 prop_inc 0 fast_inc 0 eta_inc 2961012 multi_dec -354099 quick_dec -873754 nack_dec -135887600
Flow Uec_591_0 flowId 266 uecSrc 265 finished at 748838 total messages 1 total packets 3916 RTS 0 total bytes 16000776 in_flight now 0 fair_inc 4710 prop_inc 0 fast_inc 0 eta_inc 2933103 multi_dec -363426 quick_dec -908742 nack_dec -136165650
Flow Uec_86_0 flowId 810 uecSrc 809 finished at 748843 total messages 1 total packets 3916 RTS 0 total bytes 16000776 in_flight now 0 fair_inc 4710 prop_inc 0 fast_inc 0 eta_inc 2914497 multi_dec -337372 quick_dec -862701 nack_dec -135924950
Flow Uec_353_0 flowId 867 uecSrc 866 finished at 748851 total messages 1 total packets 3916 RTS 0 total bytes 16000776 in_flight now 0 fair_inc 9630 prop_inc 0 fast_inc 0 eta_inc 3012843 multi_dec -344429 quick_dec -906880 nack_dec -135924950
Flow Uec_830_0 flowId 469 uecSrc 468 finished at 748856 total messages 1 total packets 3916 RTS 0 total bytes 16000776 in_flight now 0 fair_inc 4710 prop_inc 1161 fast_inc 0 eta_inc 2995566 multi_dec -353161 quick_dec -903858 nack_dec -134878374
Flow Uec_240_0 flowId 48 uecSrc 47 finished at 748857 total messages 1 total packets 3916 RTS 0 total bytes 16000776 in_flight now 0 fair_inc 0 prop_inc 2086 fast_inc 0 eta_inc 2898549 multi_dec -338347 quick_dec -796129 nack_dec -137186550
Flow Uec_67_0 flowId 669 uecSrc 668 finished at 748857 total messages 1 total packets 3916 RTS 0 total bytes 16000776 in_flight now 0 fair_inc 0 prop_inc 1989 fast_inc 0 eta_inc 2935761 multi_dec -302908 quick_dec -892916 nack_dec -135431100
Flow Uec_694_0 flowId 961 uecSrc 960 finished at 748862 total messages 1 total packets 3916 RTS 0 total bytes 16000776 in_flight now 0 fair_inc 8504 prop_inc 0 fast_inc 0 eta_inc 2909181 multi_dec -288890 quick_dec -859759 nack_dec -138617524
Flow Uec_959_0 flowId 653 uecSrc 652 finished at 748864 total messages 1 total packets 3916 RTS 0 total bytes 16000776 in_flight now 0 fair_inc 0 prop_inc 0 fast_inc 0 eta_inc 3012843 multi_dec -329805 quick_dec -850826 nack_dec -135646900
Flow Uec_658_0 flowId 949 uecSrc 948 finished at 748865 total messages 1 total packets 3916 RTS 0 total bytes 16000776 in_flight now 0 fair_inc 4710 prop_inc 0 fast_inc 0 eta_inc 2963670 multi_dec -310758 quick_dec -887309 nack_dec -137829800
Flow Uec_172_0 flowId 795 uecSrc 794 finished at 748866 total messages 1 total packets 3916 RTS 0 total bytes 16000776 in_flight now 0 fair_inc 0 prop_inc 0 fast_inc 0 eta_inc 2919813 multi_dec -325325 quick_dec -874916 nack_dec -136431250
Flow Uec_246_0 flowId 608 uecSrc 607 finished at 748882 total messages 1 total packets 3916 RTS 0 total bytes 16000776 in_flight now 0 fair_inc 0 prop_inc 2289 fast_inc 0 eta_inc 2984934 multi_dec -335321 quick_dec -834871 nack_dec -137941850
Flow Uec_174_0 flowId 665 uecSrc 664 finished at 748887 total messages 1 total packets 3916 RTS 0 total bytes 16000776 in_flight now 0 fair_inc 0 prop_inc 3017 fast_inc 0 eta_inc 2927787 multi_dec -331137 quick_dec -893405 nack_dec -137580800
Flow Uec_420_0 flowId 16 uecSrc 15 finished at 748907 total messages 1 total packets 3916 RTS 0 total bytes 16000776 in_flight now 0 fair_inc 0 prop_inc 2325 fast_inc 0 eta_inc 2975631 multi_dec -350082 quick_dec -834090 nack_dec -136954150
Flow Uec_231_0 flowId 764 uecSrc 763 finished at 748911 total messages 1 total packets 3916 RTS 0 total bytes 16000776 in_flight now 0 fair_inc 0 prop_inc 3042 fast_inc 0 eta_inc 2954367 multi_dec -325510 quick_dec -856656 nack_dec -136173950
Flow Uec_594_0 flowId 647 uecSrc 646 finished at 748916 total messages 1 total packets 3916 RTS 0 total bytes 16000776 in_flight now 0 fair_inc 0 prop_inc 0 fast_inc 0 eta_inc 3016830 multi_dec -329120 quick_dec -876600 nack_dec -136360700
Flow Uec_965_0 flowId 243 uecSrc 242 finished at 748917 total messages 1 total packets 3916 RTS 0 total bytes 16000776 in_flight now 0 fair_inc 4710 prop_inc 0 fast_inc 0 eta_inc 2967657 multi_dec -347835 quick_dec -901060 nack_dec -136290150
Flow Uec_416_0 flowId 328 uecSrc 327 finished at 748919 total messages 1 total packets 3916 RTS 0 total bytes 16000776 in_flight now 0 fair_inc 0 prop_inc 0 fast_inc 0 eta_inc 3007527 multi_dec -333189 quick_dec -901260 nack_dec -135588800
Flow Uec_999_0 flowId 161 uecSrc 160 finished at 748923 total messages 1 total packets 3916 RTS 0 total bytes 16000776 in_flight now 0 fair_inc 4710 prop_inc 0 fast_inc 0 eta_inc 3052713 multi_dec -348526 quick_dec -863961 nack_dec -137219750
Flow Uec_739_0 flowId 993 uecSrc 992 finished at 748933 total messages 1 total packets 3916 RTS 0 total bytes 16000776 in_flight now 0 fair_inc 5598 prop_inc 0 fast_inc 0 eta_inc 2874627 multi_dec -312932 quick_dec -857030 nack_dec -137352550
Flow Uec_541_0 flowId 971 uecSrc 970 finished at 748934 total messages 1 total packets 3916 RTS 0 total bytes 16000776 in_flight now 0 fair_inc 0 prop_inc 0 fast_inc 0 eta_inc 2972973 multi_dec -305792 quick_dec -841268 nack_dec -137153350
Flow Uec_648_0 flowId 108 uecSrc 107 finished at 748937 total messages 1 total packets 3916 RTS 0 total bytes 16000776 in_flight now 0 fair_inc 0 prop_inc 0 fast_inc 0 eta_inc 2967657 multi_dec -329083 quick_dec -854439 nack_dec -136385600
Flow Uec_286_0 flowId 186 uecSrc 185 finished at 748950 total messages 1 total packets 3916 RTS 0 total bytes 16000776 in_flight now 0 fair_inc 0 prop_inc 0 fast_inc 0 eta_inc 3038094 multi_dec -370896 quick_dec -859648 nack_dec -136501800
Flow Uec_244_0 flowId 33 uecSrc 32 finished at 748950 total messages 1 total packets 3916 RTS 0 total bytes 16000776 in_flight now 0 fair_inc 0 prop_inc 0 fast_inc 0 eta_inc 3020817 multi_dec -331175 quick_dec -864554 nack_dec -136505950
Flow Uec_317_0 flowId 209 uecSrc 208 finished at 748952 total messages 1 total packets 3916 RTS 0 total bytes 16000776 in_flight now 0 fair_inc 10656 prop_inc 1465 fast_inc 0 eta_inc 2978289 multi_dec -345318 quick_dec -879872 nack_dec -135800450
Flow Uec_878_0 flowId 791 uecSrc 790 finished at 748958 total messages 1 total packets 3916 RTS 0 total bytes 16000776 in_flight now 0 fair_inc 10154 prop_inc 0 fast_inc 0 eta_inc 2967657 multi_dec -340418 quick_dec -863375 nack_dec -136576500
Flow Uec_440_0 flowId 680 uecSrc 679 finished at 748959 total messages 1 total packets 3916 RTS 0 total bytes 16000776 in_flight now 0 fair_inc 0 prop_inc 3841 fast_inc 0 eta_inc 2909181 multi_dec -294362 quick_dec -853691 nack_dec -136294300
Flow Uec_347_0 flowId 655 uecSrc 654 finished at 748962 total messages 1 total packets 3916 RTS 0 total bytes 16000776 in_flight now 0 fair_inc 0 prop_inc 1205 fast_inc 0 eta_inc 2988921 multi_dec -341447 quick_dec -844244 nack_dec -135028550
Flow Uec_548_0 flowId 673 uecSrc 672 finished at 748972 total messages 1 total packets 3916 RTS 0 total bytes 16000776 in_flight now 0 fair_inc 8504 prop_inc 0 fast_inc 0 eta_inc 3026133 multi_dec -358072 quick_dec -883137 nack_dec -136418800
Flow Uec_344_0 flowId 234 uecSrc 233 finished at 748973 total messages 1 total packets 3916 RTS 0 total bytes 16000776 in_flight now 0 fair_inc 4710 prop_inc 2253 fast_inc 0 eta_inc 3034107 multi_dec -336336 quick_dec -897984 nack_dec -135949850
Flow Uec_807_0 flowId 614 uecSrc 613 finished at 748974 total messages 1 total packets 3916 RTS 0 total bytes 16000776 in_flight now 0 fair_inc 9421 prop_inc 0 fast_inc 0 eta_inc 2946393 multi_dec -356800 quick_dec -865478 nack_dec -137734350
Flow Uec_692_0 flowId 741 uecSrc 740 finished at 748976 total messages 1 total packets 3916 RTS 0 total bytes 16000776 in_flight now 0 fair_inc 8504 prop_inc 892 fast_inc 0 eta_inc 2978289 multi_dec -325909 quick_dec -914002 nack_dec -136232050
Flow Uec_867_0 flowId 925 uecSrc 924 finished at 748985 total messages 1 total packets 3916 RTS 0 total bytes 16000776 in_flight now 0 fair_inc 4985 prop_inc 0 fast_inc 0 eta_inc 2955696 multi_dec -350563 quick_dec -865418 nack_dec -136369000
Flow Uec_840_0 flowId 272 uecSrc 271 finished at 748986 total messages 1 total packets 3916 RTS 0 total bytes 16000776 in_flight now 0 fair_inc 5730 prop_inc 2985 fast_inc 0 eta_inc 2942406 multi_dec -337556 quick_dec -879970 nack_dec -136572350
Flow Uec_979_0 flowId 967 uecSrc 966 finished at 748993 total messages 1 total packets 3916 RTS 0 total bytes 16000776 in_flight now 0 fair_inc 0 prop_inc 2516 fast_inc 0 eta_inc 2983605 multi_dec -345503 quick_dec -866886 nack_dec -134140450
Flow Uec_186_0 flowId 817 uecSrc 816 finished at 749016 total messages 1 total packets 3916 RTS 0 total bytes 16000776 in_flight now 0 fair_inc 4710 prop_inc 2908 fast_inc 0 eta_inc 3040752 multi_dec -373013 quick_dec -919398 nack_dec -137297824
Flow Uec_106_0 flowId 599 uecSrc 598 finished at 749016 total messages 1 total packets 3916 RTS 0 total bytes 16000776 in_flight now 0 fair_inc 4710 prop_inc 0 fast_inc 0 eta_inc 2970315 multi_dec -311598 quick_dec -916895 nack_dec -136998248
Flow Uec_790_0 flowId 874 uecSrc 873 finished at 749018 total messages 1 total packets 3916 RTS 0 total bytes 16000776 in_flight now 0 fair_inc 17631 prop_inc 2233 fast_inc 0 eta_inc 2898549 multi_dec -357908 quick_dec -877214 nack_dec -137020550
Flow Uec_599_0 flowId 818 uecSrc 817 finished at 749019 total messages 1 total packets 3916 RTS 0 total bytes 16000776 in_flight now 0 fair_inc 13964 prop_inc 3906 fast_inc 0 eta_inc 3002211 multi_dec -342841 quick_dec -882070 nack_dec -137373300
Flow Uec_828_0 flowId 46 uecSrc 45 finished at 749030 total messages 1 total packets 3916 RTS 0 total bytes 16000776 in_flight now 0 fair_inc 11946 prop_inc 0 fast_inc 0 eta_inc 2933103 multi_dec -305354 quick_dec -899964 nack_dec -135414500
Flow Uec_64_0 flowId 386 uecSrc 385 finished at 749034 total messages 1 total packets 3916 RTS 0 total bytes 16000776 in_flight now 0 fair_inc 18493 prop_inc 1241 fast_inc 0 eta_inc 2883930 multi_dec -327620 quick_dec -834266 nack_dec -136053600
Flow Uec_598_0 flowId 114 uecSrc 113 finished at 749044 total messages 1 total packets 3916 RTS 0 total bytes 16000776 in_flight now 0 fair_inc 6086 prop_inc 2868 fast_inc 0 eta_inc 3014172 multi_dec -382843 quick_dec -855052 nack_dec -137045450
Flow Uec_553_0 flowId 872 uecSrc 871 finished at 749045 total messages 1 total packets 3916 RTS 0 total bytes 16000776 in_flight now 0 fair_inc 5366 prop_inc 0 fast_inc 0 eta_inc 2992908 multi_dec -358261 quick_dec -893495 nack_dec -135767250
Flow Uec_824_0 flowId 659 uecSrc 658 finished at 749047 total messages 1 total packets 3916 RTS 0 total bytes 16000776 in_flight now 0 fair_inc 0 prop_inc 2321 fast_inc 0 eta_inc 2959683 multi_dec -326954 quick_dec -844561 nack_dec -135385450
Flow Uec_74_0 flowId 45 uecSrc 44 finished at 749055 total messages 1 total packets 3916 RTS 0 total bytes 16000776 in_flight now 0 fair_inc 4710 prop_inc 5949 fast_inc 0 eta_inc 2990250 multi_dec -370659 quick_dec -874145 nack_dec -136144900
Flow Uec_517_0 flowId 839 uecSrc 838 finished at 749056 total messages 1 total packets 3916 RTS 0 total bytes 16000776 in_flight now 0 fair_inc 3794 prop_inc 7066 fast_inc 0 eta_inc 2992908 multi_dec -383259 quick_dec -851835 nack_dec -135667650
Flow Uec_696_0 flowId 553 uecSrc 552 finished at 749061 total messages 1 total packets 3916 RTS 0 total bytes 16000776 in_flight now 0 fair_inc 0 prop_inc 7504 fast_inc 0 eta_inc 2982276 multi_dec -329127 quick_dec -892516 nack_dec -136858700
Flow Uec_189_0 flowId 404 uecSrc 403 finished at 749062 total messages 1 total packets 3916 RTS 0 total bytes 16000776 in_flight now 0 fair_inc 8504 prop_inc 20392 fast_inc 0 eta_inc 2967657 multi_dec -359478 quick_dec -831030 nack_dec -137340100
Flow Uec_254_0 flowId 423 uecSrc 422 finished at 749063 total messages 1 total packets 3916 RTS 0 total bytes 16000776 in_flight now 0 fair_inc 0 prop_inc 0 fast_inc 0 eta_inc 2979618 multi_dec -343076 quick_dec -843025 nack_dec -135356400
Flow Uec_680_0 flowId 901 uecSrc 900 finished at 749066 total messages 1 total packets 3916 RTS 0 total bytes 16000776 in_flight now 0 fair_inc 4710 prop_inc 2013 fast_inc 0 eta_inc 2942406 multi_dec -304300 quick_dec -856687 nack_dec -137517774
Flow Uec_222_0 flowId 975 uecSrc 974 finished at 749088 total messages 1 total packets 3916 RTS 0 total bytes 16000776 in_flight now 0 fair_inc 27033 prop_inc 3404 fast_inc 0 eta_inc 2886588 multi_dec -388540 quick_dec -786897 nack_dec -136792300
Flow Uec_511_0 flowId 65 uecSrc 64 finished at 749106 total messages 1 total packets 3916 RTS 0 total bytes 16000776 in_flight now 0 fair_inc 6246 prop_inc 2311 fast_inc 0 eta_inc 2914497 multi_dec -342237 quick_dec -818859 nack_dec -136207150
Flow Uec_408_0 flowId 75 uecSrc 74 finished at 749106 total messages 1 total packets 3916 RTS 0 total bytes 16000776 in_flight now 0 fair_inc 0 prop_inc 5652 fast_inc 0 eta_inc 3032778 multi_dec -347595 quick_dec -888647 nack_dec -135456000
Flow Uec_146_0 flowId 315 uecSrc 314 finished at 749107 total messages 1 total packets 3916 RTS 0 total bytes 16000776 in_flight now 0 fair_inc 5764 prop_inc 0 fast_inc 0 eta_inc 3015501 multi_dec -362864 quick_dec -905378 nack_dec -136979050
Flow Uec_1001_0 flowId 702 uecSrc 701 finished at 749110 total messages 1 total packets 3916 RTS 0 total bytes 16000776 in_flight now 0 fair_inc 5633 prop_inc 2481 fast_inc 0 eta_inc 2946393 multi_dec -343749 quick_dec -877008 nack_dec -136468600
Flow Uec_118_0 flowId 636 uecSrc 635 finished at 749111 total messages 1 total packets 3916 RTS 0 total bytes 16000776 in_flight now 0 fair_inc 0 prop_inc 7318 fast_inc 0 eta_inc 2929116 multi_dec -340803 quick_dec -889823 nack_dec -136140750
Flow Uec_712_0 flowId 749 uecSrc 748 finished at 749117 total messages 1 total packets 3916 RTS 0 total bytes 16000776 in_flight now 0 fair_inc 0 prop_inc 2367 fast_inc 0 eta_inc 2996895 multi_dec -316924 quick_dec -916338 nack_dec -136381450
Flow Uec_730_0 flowId 440 uecSrc 439 finished at 749125 total messages 1 total packets 3916 RTS 0 total bytes 16000776 in_flight now 0 fair_inc 11483 prop_inc 2603 fast_inc 0 eta_inc 3002211 multi_dec -376563 quick_dec -902244 nack_dec -135526550
Flow Uec_529_0 flowId 748 uecSrc 747 finished at 749127 total messages 1 total packets 3916 RTS 0 total bytes 16000776 in_flight now 0 fair_inc 0 prop_inc 0 fast_inc 0 eta_inc 2994237 multi_dec -367586 quick_dec -894035 nack_dec -137522700
Flow Uec_130_0 flowId 513 uecSrc 512 finished at 749129 total messages 1 total packets 3916 RTS 0 total bytes 16000776 in_flight now 0 fair_inc 25385 prop_inc 5699 fast_inc 0 eta_inc 2976960 multi_dec -378807 quick_dec -922074 nack_dec -135414500
Flow Uec_437_0 flowId 846 uecSrc 845 finished at 749132 total messages 1 total packets 3916 RTS 0 total bytes 16000776 in_flight now 0 fair_inc 6233 prop_inc 5060 fast_inc 0 eta_inc 2907852 multi_dec -396792 quick_dec -894748 nack_dec -136294300
Flow Uec_622_0 flowId 280 uecSrc 279 finished at 749136 total messages 1 total packets 3916 RTS 0 total bytes 16000776 in_flight now 0 fair_inc 16121 prop_inc 5612 fast_inc 0 eta_inc 2959683 multi_dec -336983 quick_dec -840842 nack_dec -136377300
Flow Uec_472_0 flowId 714 uecSrc 713 finished at 749137 total messages 1 total packets 3916 RTS 0 total bytes 16000776 in_flight now 0 fair_inc 0 prop_inc 2975 fast_inc 0 eta_inc 2966328 multi_dec -322780 quick_dec -924475 nack_dec -135788000
Flow Uec_252_0 flowId 546 uecSrc 545 finished at 749140 total messages 1 total packets 3916 RTS 0 total bytes 16000776 in_flight now 0 fair_inc 31371 prop_inc 4464 fast_inc 0 eta_inc 2919813 multi_dec -354921 quick_dec -841245 nack_dec -137626450
Flow Uec_954_0 flowId 724 uecSrc 723 finished at 749142 total messages 1 total packets 3916 RTS 0 total bytes 16000776 in_flight now 0 fair_inc 17193 prop_inc 1583 fast_inc 0 eta_inc 2893233 multi_dec -348862 quick_dec -876002 nack_dec -136850400
Flow Uec_377_0 flowId 656 uecSrc 655 finished at 749143 total messages 1 total packets 3916 RTS 0 total bytes 16000776 in_flight now 0 fair_inc 0 prop_inc 4636 fast_inc 0 eta_inc 2953038 multi_dec -350594 quick_dec -882598 nack_dec -138182550
Flow Uec_1005_0 flowId 972 uecSrc 971 finished at 749144 total messages 1 total packets 3916 RTS 0 total bytes 16000776 in_flight now 0 fair_inc 0 prop_inc 2743 fast_inc 0 eta_inc 2902536 multi_dec -329702 quick_dec -880521 nack_dec -137124300
Flow Uec_441_0 flowId 316 uecSrc 315 finished at 749145 total messages 1 total packets 3916 RTS 0 total bytes 16000776 in_flight now 0 fair_inc 4755 prop_inc 1336 fast_inc 0 eta_inc 2946393 multi_dec -348620 quick_dec -832918 nack_dec -137365000
Flow Uec_459_0 flowId 557 uecSrc 556 finished at 749145 total messages 1 total packets 3916 RTS 0 total bytes 16000776 in_flight now 0 fair_inc 5258 prop_inc 3401 fast_inc 0 eta_inc 2978289 multi_dec -311149 quick_dec -916518 nack_dec -136626300
Flow Uec_463_0 flowId 503 uecSrc 502 finished at 749146 total messages 1 total packets 3916 RTS 0 total bytes 16000776 in_flight now 0 fair_inc 10488 prop_inc 2047 fast_inc 0 eta_inc 2972973 multi_dec -381014 quick_dec -876738 nack_dec -136742500
Flow Uec_128_0 flowId 330 uecSrc 329 finished at 749154 total messages 1 total packets 3916 RTS 0 total bytes 16000776 in_flight now 0 fair_inc 3794 prop_inc 9390 fast_inc 0 eta_inc 2995566 multi_dec -289755 quick_dec -895763 nack_dec -135908350
Flow Uec_614_0 flowId 119 uecSrc 118 finished at 749157 total messages 1 total packets 3916 RTS 0 total bytes 16000776 in_flight now 0 fair_inc 5391 prop_inc 0 fast_inc 0 eta_inc 3015501 multi_dec -350725 quick_dec -883384 nack_dec -136269400
Flow Uec_896_0 flowId 158 uecSrc 157 finished at 749162 total messages 1 total packets 3916 RTS 0 total bytes 16000776 in_flight now 0 fair_inc 11173 prop_inc 8616 fast_inc 0 eta_inc 2927787 multi_dec -359637 quick_dec -865541 nack_dec -136912650
Flow Uec_447_0 flowId 54 uecSrc 53 finished at 749166 total messages 1 total packets 3916 RTS 0 total bytes 16000776 in_flight now 0 fair_inc 0 prop_inc 17698 fast_inc 0 eta_inc 2941077 multi_dec -299833 quick_dec -877707 nack_dec -137477050
Flow Uec_703_0 flowId 976 uecSrc 975 finished at 749166 total messages 1 total packets 3916 RTS 0 total bytes 16000776 in_flight now 0 fair_inc 0 prop_inc 14877 fast_inc 0 eta_inc 2971644 multi_dec -316196 quick_dec -884610 nack_dec -136095100
Flow Uec_791_0 flowId 417 uecSrc 416 finished at 749167 total messages 1 total packets 3916 RTS 0 total bytes 16000776 in_flight now 0 fair_inc 17589 prop_inc 14382 fast_inc 0 eta_inc 2953038 multi_dec -361791 quick_dec -859255 nack_dec -137306900
Flow Uec_219_0 flowId 679 uecSrc 678 finished at 749170 total messages 1 total packets 3916 RTS 0 total bytes 16000776 in_flight now 0 fair_inc 10906 prop_inc 14185 fast_inc 0 eta_inc 2911839 multi_dec -315386 quick_dec -851177 nack_dec -135601250
Flow Uec_887_0 flowId 354 uecSrc 353 finished at 749171 total messages 1 total packets 3916 RTS 0 total bytes 16000776 in_flight now 0 fair_inc 28409 prop_inc 14947 fast_inc 0 eta_inc 3032778 multi_dec -329317 quick_dec -966686 nack_dec -135713300
Flow Uec_66_0 flowId 577 uecSrc 576 finished at 749174 total messages 1 total packets 3916 RTS 0 total bytes 16000776 in_flight now 0 fair_inc 5472 prop_inc 12791 fast_inc 0 eta_inc 3002211 multi_dec -386434 quick_dec -836197 nack_dec -136319200
Flow Uec_519_0 flowId 755 uecSrc 754 finished at 749174 total messages 1 total packets 3916 RTS 0 total bytes 16000776 in_flight now 0 fair_inc 0 prop_inc 11424 fast_inc 0 eta_inc 2978289 multi_dec -340356 quick_dec -868641 nack_dec -136862850
Flow Uec_85_0 flowId 393 uecSrc 392 finished at 749188 total messages 1 total packets 3916 RTS 0 total bytes 16000776 in_flight now 0 fair_inc 0 prop_inc 13111 fast_inc 0 eta_inc 3109860 multi_dec -354574 quick_dec -917629 nack_dec -136327500
Flow Uec_899_0 flowId 618 uecSrc 617 finished at 749190 total messages 1 total packets 3916 RTS 0 total bytes 16000776 in_flight now 0 fair_inc 0 prop_inc 15161 fast_inc 0 eta_inc 2922471 multi_dec -336688 quick_dec -880911 nack_dec -137203150
Flow Uec_319_0 flowId 341 uecSrc 340 finished at 749191 total messages 1 total packets 3916 RTS 0 total bytes 16000776 in_flight now 0 fair_inc 18718 prop_inc 18280 fast_inc 0 eta_inc 2918484 multi_dec -349732 quick_dec -921920 nack_dec -135227750
Flow Uec_654_0 flowId 372 uecSrc 371 finished at 749193 total messages 1 total packets 3916 RTS 0 total bytes 16000776 in_flight now 0 fair_inc 8933 prop_inc 5782 fast_inc 0 eta_inc 2978289 multi_dec -340872 quick_dec -906186 nack_dec -137394050
Flow Uec_891_0 flowId 541 uecSrc 540 finished at 749196 total messages 1 total packets 3916 RTS 0 total bytes 16000776 in_flight now 0 fair_inc 4710 prop_inc 8376 fast_inc 0 eta_inc 2986263 multi_dec -317458 quick_dec -939914 nack_dec -136684400
Flow Uec_543_0 flowId 164 uecSrc 163 finished at 749203 total messages 1 total packets 3916 RTS 0 total bytes 16000776 in_flight now 0 fair_inc 0 prop_inc 7369 fast_inc 0 eta_inc 2962341 multi_dec -357408 quick_dec -840345 nack_dec -135908350
Flow Uec_727_0 flowId 165 uecSrc 164 finished at 749207 total messages 1 total packets 3916 RTS 0 total bytes 16000776 in_flight now 0 fair_inc 0 prop_inc 18248 fast_inc 0 eta_inc 2947722 multi_dec -396477 quick_dec -861344 nack_dec -135402050
Flow Uec_888_0 flowId 150 uecSrc 149 finished at 749210 total messages 1 total packets 3916 RTS 0 total bytes 16000776 in_flight now 0 fair_inc 8859 prop_inc 18886 fast_inc 0 eta_inc 3016830 multi_dec -345950 quick_dec -905323 nack_dec -135493350
Flow Uec_302_0 flowId 786 uecSrc 785 finished at 749217 total messages 1 total packets 3916 RTS 0 total bytes 16000776 in_flight now 0 fair_inc 36926 prop_inc 24384 fast_inc 0 eta_inc 2887917 multi_dec -314057 quick_dec -835188 nack_dec -137547600
Flow Uec_606_0 flowId 990 uecSrc 989 finished at 749221 total messages 1 total packets 3916 RTS 0 total bytes 16000776 in_flight now 0 fair_inc 5507 prop_inc 16745 fast_inc 0 eta_inc 3010185 multi_dec -341149 quick_dec -894809 nack_dec -137228050
Flow Uec_532_0 flowId 850 uecSrc 849 finished at 749227 total messages 1 total packets 3916 RTS 0 total bytes 16000776 in_flight now 0 fair_inc 5515 prop_inc 26093 fast_inc 0 eta_inc 2958354 multi_dec -345340 quick_dec -839382 nack_dec -138095400
Flow Uec_969_0 flowId 89 uecSrc 88 finished at 749231 total messages 1 total packets 3916 RTS 0 total bytes 16000776 in_flight now 0 fair_inc 4710 prop_inc 29394 fast_inc 0 eta_inc 2964999 multi_dec -334083 quick_dec -884869 nack_dec -136331650
Flow Uec_945_0 flowId 950 uecSrc 949 finished at 749243 total messages 1 total packets 3916 RTS 0 total bytes 16000776 in_flight now 0 fair_inc 0 prop_inc 27570 fast_inc 0 eta_inc 2982276 multi_dec -312045 quick_dec -875444 nack_dec -136618000
Flow Uec_866_0 flowId 470 uecSrc 469 finished at 749247 total messages 1 total packets 3916 RTS 0 total bytes 16000776 in_flight now 0 fair_inc 9473 prop_inc 54911 fast_inc 0 eta_inc 3058029 multi_dec -378106 quick_dec -915387 nack_dec -136003800
Flow Uec_415_0 flowId 869 uecSrc 868 finished at 749249 total messages 1 total packets 3916 RTS 0 total bytes 16000776 in_flight now 0 fair_inc 0 prop_inc 49029 fast_inc 0 eta_inc 2955696 multi_dec -358854 quick_dec -850885 nack_dec -136850400
Flow Uec_1010_0 flowId 676 uecSrc 675 finished at 749254 total messages 1 total packets 3916 RTS 0 total bytes 16000776 in_flight now 0 fair_inc 0 prop_inc 48530 fast_inc 0 eta_inc 3000882 multi_dec -316927 quick_dec -878522 nack_dec -137008100
Flow Uec_569_0 flowId 419 uecSrc 418 finished at 749258 total messages 1 total packets 3916 RTS 0 total bytes 16000776 in_flight now 0 fair_inc 3794 prop_inc 42364 fast_inc 22076 eta_inc 2914497 multi_dec -335921 quick_dec -880469 nack_dec -137116000
Flow Uec_260_0 flowId 771 uecSrc 770 finished at 749266 total messages 1 total packets 3916 RTS 0 total bytes 16000776 in_flight now 0 fair_inc 0 prop_inc 74294 fast_inc 0 eta_inc 2947722 multi_dec -366008 quick_dec -837183 nack_dec -137684550
Flow Uec_87_0 flowId 667 uecSrc 666 finished at 749270 total messages 1 total packets 3916 RTS 0 total bytes 16000776 in_flight now 0 fair_inc 4710 prop_inc 73714 fast_inc 15327 eta_inc 2926458 multi_dec -330818 quick_dec -867481 nack_dec -136265250
Flow Uec_803_0 flowId 856 uecSrc 855 finished at 749288 total messages 1 total packets 3916 RTS 0 total bytes 16000776 in_flight now 0 fair_inc 0 prop_inc 52039 fast_inc 82819 eta_inc 2890575 multi_dec -329739 quick_dec -825944 nack_dec -138004100
New: 3994566 Rtx: 33758354 RTS: 0 Bounced: 0 ACKs: 3994128 NACKs: 33679147 Pulls: 0 sleek_pkts: 0
SPURIOUS_COUNT 58
