..........|....Flow Uec_3_0 flowId 997 uecSrc 996 finished at 757194 total messages 1 total packets 24474 RTS 0 total bytes 100000764 in_flight now 0 fair_inc 0 prop_inc 0 fast_inc 0 eta_inc 11800191 multi_dec -2805615 quick_dec --4444 nack_dec -271701490
Flow Uec_7_0 flowId 291 uecSrc 290 finished at 759303 total messages 1 total packets 24474 RTS 0 total bytes 100000764 in_flight now 0 fair_inc 0 prop_inc 7205 fast_inc 0 eta_inc 11692542 multi_dec -2707722 quick_dec --8463 nack_dec -273665638
Flow Uec_2_0 flowId 832 uecSrc 831 finished at 760602 total messages 1 total packets 24474 RTS 0 total bytes 100000764 in_flight now 0 fair_inc 0 prop_inc 0 fast_inc 0 eta_inc 11980935 multi_dec -2843340 quick_dec --1719 nack_dec -274925710
Flow Uec_5_0 flowId 98 uecSrc 97 finished at 761280 total messages 1 total packets 24474 RTS 0 total bytes 100000764 in_flight now 0 fair_inc 0 prop_inc 7205 fast_inc 0 eta_inc 11707161 multi_dec -2667194 quick_dec --15973 nack_dec -275662222
Flow Uec_4_0 flowId 436 uecSrc 435 finished at 762031 total messages 1 total packets 24474 RTS 0 total bytes 100000764 in_flight now 0 fair_inc 0 prop_inc 7205 fast_inc 0 eta_inc 11822784 multi_dec -2650821 quick_dec --18092 nack_dec -276294116
Flow Uec_1_0 flowId 278 uecSrc 277 finished at 763402 total messages 1 total packets 24474 RTS 0 total bytes 100000764 in_flight now 0 fair_inc 0 prop_inc 7205 fast_inc 0 eta_inc 11499837 multi_dec -2602686 quick_dec --13942 nack_dec -277630850
Flow Uec_6_0 flowId 858 uecSrc 857 finished at 763688 total messages 1 total packets 24474 RTS 0 total bytes 100000764 in_flight now 0 fair_inc 0 prop_inc 7205 fast_inc 0 eta_inc 11826771 multi_dec -2758709 quick_dec --12613 nack_dec -277960558
......|..........|..........|..........|..........|..........|..........Flow Uec_19_0 flowId 763 uecSrc 762 finished at 4.37395e+06 total messages 1 total packets 24474 RTS 0 total bytes 100000764 in_flight now 0 fair_inc 0 prop_inc 0 fast_inc 0 eta_inc 12382293 multi_dec -657387 quick_dec -1205316 nack_dec -1488035686
Flow Uec_30_0 flowId 1005 uecSrc 1004 finished at 4.37414e+06 total messages 1 total packets 24474 RTS 0 total bytes 100000764 in_flight now 0 fair_inc 0 prop_inc 0 fast_inc 0 eta_inc 12551076 multi_dec -665824 quick_dec -1255695 nack_dec -1487712212
Flow Uec_58_0 flowId 845 uecSrc 844 finished at 4.37811e+06 total messages 1 total packets 24474 RTS 0 total bytes 100000764 in_flight now 0 fair_inc 0 prop_inc 0 fast_inc 0 eta_inc 12648093 multi_dec -761360 quick_dec -1338865 nack_dec -1489006786
Flow Uec_47_0 flowId 617 uecSrc 616 finished at 4.37901e+06 total messages 1 total packets 24474 RTS 0 total bytes 100000764 in_flight now 0 fair_inc 0 prop_inc 0 fast_inc 0 eta_inc 12378306 multi_dec -718395 quick_dec -1289606 nack_dec -1488798522
Flow Uec_44_0 flowId 387 uecSrc 386 finished at 4.38089e+06 total messages 1 total packets 24474 RTS 0 total bytes 100000764 in_flight now 0 fair_inc 0 prop_inc 0 fast_inc 0 eta_inc 12419505 multi_dec -716140 quick_dec -1230112 nack_dec -1490533222
Flow Uec_62_0 flowId 338 uecSrc 337 finished at 4.38225e+06 total messages 1 total packets 24474 RTS 0 total bytes 100000764 in_flight now 0 fair_inc 0 prop_inc 0 fast_inc 0 eta_inc 12563037 multi_dec -748933 quick_dec -1244293 nack_dec -1490725876
Flow Uec_26_0 flowId 195 uecSrc 194 finished at 4.38704e+06 total messages 1 total packets 24474 RTS 0 total bytes 100000764 in_flight now 0 fair_inc 0 prop_inc 0 fast_inc 0 eta_inc 12319830 multi_dec -753514 quick_dec -1229118 nack_dec -1493736258
Flow Uec_54_0 flowId 173 uecSrc 172 finished at 4.39066e+06 total messages 1 total packets 24474 RTS 0 total bytes 100000764 in_flight now 0 fair_inc 0 prop_inc 0 fast_inc 0 eta_inc 12430137 multi_dec -727143 quick_dec -1225336 nack_dec -1494896730
Flow Uec_63_0 flowId 301 uecSrc 300 finished at 4.3909e+06 total messages 1 total packets 24474 RTS 0 total bytes 100000764 in_flight now 0 fair_inc 0 prop_inc 0 fast_inc 0 eta_inc 12677331 multi_dec -772379 quick_dec -1289079 nack_dec -1495045366
Flow Uec_12_0 flowId 198 uecSrc 197 finished at 4.39404e+06 total messages 1 total packets 24474 RTS 0 total bytes 100000764 in_flight now 0 fair_inc 0 prop_inc 0 fast_inc 0 eta_inc 12442098 multi_dec -704526 quick_dec -1249495 nack_dec -1496753308
Flow Uec_32_0 flowId 985 uecSrc 984 finished at 4.39671e+06 total messages 1 total packets 24474 RTS 0 total bytes 100000764 in_flight now 0 fair_inc 0 prop_inc 0 fast_inc 0 eta_inc 12293250 multi_dec -681197 quick_dec -1245672 nack_dec -1496485086
|Flow Uec_50_0 flowId 72 uecSrc 71 finished at 4.4003e+06 total messages 1 total packets 24474 RTS 0 total bytes 100000764 in_flight now 0 fair_inc 0 prop_inc 0 fast_inc 0 eta_inc 12431466 multi_dec -751857 quick_dec -1248931 nack_dec -1500165372
Flow Uec_55_0 flowId 59 uecSrc 58 finished at 4.4003e+06 total messages 1 total packets 24474 RTS 0 total bytes 100000764 in_flight now 0 fair_inc 0 prop_inc 0 fast_inc 0 eta_inc 12567024 multi_dec -666394 quick_dec -1286289 nack_dec -1498312840
Flow Uec_16_0 flowId 321 uecSrc 320 finished at 4.40301e+06 total messages 1 total packets 24474 RTS 0 total bytes 100000764 in_flight now 0 fair_inc 0 prop_inc 0 fast_inc 0 eta_inc 12317172 multi_dec -740598 quick_dec -1143833 nack_dec -1500285288
Flow Uec_11_0 flowId 585 uecSrc 584 finished at 4.40341e+06 total messages 1 total packets 24474 RTS 0 total bytes 100000764 in_flight now 0 fair_inc 0 prop_inc 0 fast_inc 0 eta_inc 12495258 multi_dec -745126 quick_dec -1265378 nack_dec -1501837058
Flow Uec_10_0 flowId 980 uecSrc 979 finished at 4.40363e+06 total messages 1 total packets 24474 RTS 0 total bytes 100000764 in_flight now 0 fair_inc 0 prop_inc 0 fast_inc 0 eta_inc 12416847 multi_dec -712468 quick_dec -1319474 nack_dec -1499605122
Flow Uec_53_0 flowId 13 uecSrc 12 finished at 4.40465e+06 total messages 1 total packets 24474 RTS 0 total bytes 100000764 in_flight now 0 fair_inc 0 prop_inc 0 fast_inc 0 eta_inc 12487284 multi_dec -698214 quick_dec -1153712 nack_dec -1499815574
Flow Uec_36_0 flowId 920 uecSrc 919 finished at 4.4052e+06 total messages 1 total packets 24474 RTS 0 total bytes 100000764 in_flight now 0 fair_inc 0 prop_inc 0 fast_inc 0 eta_inc 12427479 multi_dec -672446 quick_dec -1263540 nack_dec -1500857554
Flow Uec_48_0 flowId 26 uecSrc 25 finished at 4.40789e+06 total messages 1 total packets 24474 RTS 0 total bytes 100000764 in_flight now 0 fair_inc 0 prop_inc 0 fast_inc 0 eta_inc 12582972 multi_dec -682519 quick_dec -1196513 nack_dec -1503343508
Flow Uec_24_0 flowId 180 uecSrc 179 finished at 4.40832e+06 total messages 1 total packets 24474 RTS 0 total bytes 100000764 in_flight now 0 fair_inc 0 prop_inc 0 fast_inc 0 eta_inc 12448743 multi_dec -678102 quick_dec -1287850 nack_dec -1501118674
Flow Uec_49_0 flowId 731 uecSrc 730 finished at 4.40986e+06 total messages 1 total packets 24474 RTS 0 total bytes 100000764 in_flight now 0 fair_inc 0 prop_inc 0 fast_inc 0 eta_inc 12467349 multi_dec -746665 quick_dec -1220658 nack_dec -1504345846
Flow Uec_17_0 flowId 507 uecSrc 506 finished at 4.41e+06 total messages 1 total packets 24474 RTS 0 total bytes 100000764 in_flight now 0 fair_inc 0 prop_inc 0 fast_inc 0 eta_inc 12501903 multi_dec -753802 quick_dec -1301139 nack_dec -1502548566
Flow Uec_37_0 flowId 760 uecSrc 759 finished at 4.41001e+06 total messages 1 total packets 24474 RTS 0 total bytes 100000764 in_flight now 0 fair_inc 0 prop_inc 0 fast_inc 0 eta_inc 12341094 multi_dec -688515 quick_dec -1191476 nack_dec -1502774524
Flow Uec_40_0 flowId 227 uecSrc 226 finished at 4.41106e+06 total messages 1 total packets 24474 RTS 0 total bytes 100000764 in_flight now 0 fair_inc 0 prop_inc 0 fast_inc 0 eta_inc 12329133 multi_dec -709521 quick_dec -1204132 nack_dec -1505076906
Flow Uec_39_0 flowId 718 uecSrc 717 finished at 4.412e+06 total messages 1 total packets 24474 RTS 0 total bytes 100000764 in_flight now 0 fair_inc 0 prop_inc 0 fast_inc 0 eta_inc 12475323 multi_dec -718487 quick_dec -1206362 nack_dec -1503813448
Flow Uec_61_0 flowId 735 uecSrc 734 finished at 4.412e+06 total messages 1 total packets 24474 RTS 0 total bytes 100000764 in_flight now 0 fair_inc 0 prop_inc 0 fast_inc 0 eta_inc 12525825 multi_dec -691942 quick_dec -1269261 nack_dec -1502034296
Flow Uec_31_0 flowId 890 uecSrc 889 finished at 4.41219e+06 total messages 1 total packets 24474 RTS 0 total bytes 100000764 in_flight now 0 fair_inc 0 prop_inc 0 fast_inc 0 eta_inc 12440769 multi_dec -706956 quick_dec -1264474 nack_dec -1502705172
Flow Uec_34_0 flowId 813 uecSrc 812 finished at 4.41299e+06 total messages 1 total packets 24474 RTS 0 total bytes 100000764 in_flight now 0 fair_inc 0 prop_inc 0 fast_inc 0 eta_inc 12232116 multi_dec -677119 quick_dec -1200307 nack_dec -1505655822
Flow Uec_23_0 flowId 984 uecSrc 983 finished at 4.41318e+06 total messages 1 total packets 24474 RTS 0 total bytes 100000764 in_flight now 0 fair_inc 0 prop_inc 0 fast_inc 0 eta_inc 12560379 multi_dec -751329 quick_dec -1317338 nack_dec -1503736560
Flow Uec_20_0 flowId 166 uecSrc 165 finished at 4.41332e+06 total messages 1 total packets 24474 RTS 0 total bytes 100000764 in_flight now 0 fair_inc 0 prop_inc 0 fast_inc 0 eta_inc 12438111 multi_dec -703333 quick_dec -1152582 nack_dec -1504072276
Flow Uec_15_0 flowId 807 uecSrc 806 finished at 4.41422e+06 total messages 1 total packets 24474 RTS 0 total bytes 100000764 in_flight now 0 fair_inc 0 prop_inc 0 fast_inc 0 eta_inc 12298566 multi_dec -725350 quick_dec -1195189 nack_dec -1505116982
Flow Uec_18_0 flowId 809 uecSrc 808 finished at 4.41445e+06 total messages 1 total packets 24474 RTS 0 total bytes 100000764 in_flight now 0 fair_inc 0 prop_inc 0 fast_inc 0 eta_inc 12430137 multi_dec -716934 quick_dec -1277789 nack_dec -1506128922
Flow Uec_25_0 flowId 779 uecSrc 778 finished at 4.41501e+06 total messages 1 total packets 24474 RTS 0 total bytes 100000764 in_flight now 0 fair_inc 0 prop_inc 0 fast_inc 0 eta_inc 12322488 multi_dec -687762 quick_dec -1166998 nack_dec -1502927102
Flow Uec_38_0 flowId 133 uecSrc 132 finished at 4.41707e+06 total messages 1 total packets 24474 RTS 0 total bytes 100000764 in_flight now 0 fair_inc 0 prop_inc 0 fast_inc 0 eta_inc 12286605 multi_dec -771129 quick_dec -1167124 nack_dec -1504465432
Flow Uec_46_0 flowId 439 uecSrc 438 finished at 4.41711e+06 total messages 1 total packets 24474 RTS 0 total bytes 100000764 in_flight now 0 fair_inc 0 prop_inc 0 fast_inc 0 eta_inc 12517851 multi_dec -727587 quick_dec -1222967 nack_dec -1504177988
Flow Uec_35_0 flowId 42 uecSrc 41 finished at 4.41868e+06 total messages 1 total packets 24474 RTS 0 total bytes 100000764 in_flight now 0 fair_inc 0 prop_inc 0 fast_inc 0 eta_inc 12527154 multi_dec -744147 quick_dec -1118281 nack_dec -1506507336
Flow Uec_9_0 flowId 720 uecSrc 719 finished at 4.41896e+06 total messages 1 total packets 24474 RTS 0 total bytes 100000764 in_flight now 0 fair_inc 0 prop_inc 0 fast_inc 0 eta_inc 12652080 multi_dec -712061 quick_dec -1275425 nack_dec -1506590336
Flow Uec_13_0 flowId 875 uecSrc 874 finished at 4.41956e+06 total messages 1 total packets 24474 RTS 0 total bytes 100000764 in_flight now 0 fair_inc 0 prop_inc 0 fast_inc 0 eta_inc 12523167 multi_dec -752831 quick_dec -1283075 nack_dec -1507993800
Flow Uec_33_0 flowId 480 uecSrc 479 finished at 4.41993e+06 total messages 1 total packets 24474 RTS 0 total bytes 100000764 in_flight now 0 fair_inc 0 prop_inc 0 fast_inc 0 eta_inc 12467349 multi_dec -717236 quick_dec -1219299 nack_dec -1505664886
Flow Uec_43_0 flowId 551 uecSrc 550 finished at 4.42153e+06 total messages 1 total packets 24474 RTS 0 total bytes 100000764 in_flight now 0 fair_inc 0 prop_inc 0 fast_inc 0 eta_inc 12420834 multi_dec -720108 quick_dec -1209003 nack_dec -1506754044
Flow Uec_8_0 flowId 143 uecSrc 142 finished at 4.42161e+06 total messages 1 total packets 24474 RTS 0 total bytes 100000764 in_flight now 0 fair_inc 0 prop_inc 0 fast_inc 0 eta_inc 12431466 multi_dec -730535 quick_dec -1191322 nack_dec -1507776368
Flow Uec_57_0 flowId 146 uecSrc 145 finished at 4.42189e+06 total messages 1 total packets 24474 RTS 0 total bytes 100000764 in_flight now 0 fair_inc 0 prop_inc 0 fast_inc 0 eta_inc 12431466 multi_dec -690499 quick_dec -1154075 nack_dec -1509380994
Flow Uec_51_0 flowId 110 uecSrc 109 finished at 4.42298e+06 total messages 1 total packets 24474 RTS 0 total bytes 100000764 in_flight now 0 fair_inc 0 prop_inc 0 fast_inc 0 eta_inc 12341094 multi_dec -705585 quick_dec -1265834 nack_dec -1507178334
Flow Uec_21_0 flowId 540 uecSrc 539 finished at 4.4237e+06 total messages 1 total packets 24474 RTS 0 total bytes 100000764 in_flight now 0 fair_inc 0 prop_inc 0 fast_inc 0 eta_inc 12411531 multi_dec -728385 quick_dec -1227239 nack_dec -1506597334
Flow Uec_41_0 flowId 643 uecSrc 642 finished at 4.42427e+06 total messages 1 total packets 24474 RTS 0 total bytes 100000764 in_flight now 0 fair_inc 0 prop_inc 0 fast_inc 0 eta_inc 12423492 multi_dec -644738 quick_dec -1276398 nack_dec -1511183518
Flow Uec_45_0 flowId 888 uecSrc 887 finished at 4.42717e+06 total messages 1 total packets 24474 RTS 0 total bytes 100000764 in_flight now 0 fair_inc 0 prop_inc 0 fast_inc 0 eta_inc 12436782 multi_dec -714301 quick_dec -1234678 nack_dec -1509261408
Flow Uec_60_0 flowId 154 uecSrc 153 finished at 4.42807e+06 total messages 1 total packets 24474 RTS 0 total bytes 100000764 in_flight now 0 fair_inc 0 prop_inc 0 fast_inc 0 eta_inc 12350397 multi_dec -704277 quick_dec -1211615 nack_dec -1512292002
Flow Uec_56_0 flowId 295 uecSrc 294 finished at 4.42998e+06 total messages 1 total packets 24474 RTS 0 total bytes 100000764 in_flight now 0 fair_inc 0 prop_inc 0 fast_inc 0 eta_inc 12477981 multi_dec -762294 quick_dec -1187525 nack_dec -1511307254
Flow Uec_59_0 flowId 55 uecSrc 54 finished at 4.43108e+06 total messages 1 total packets 24474 RTS 0 total bytes 100000764 in_flight now 0 fair_inc 0 prop_inc 0 fast_inc 0 eta_inc 12483297 multi_dec -714638 quick_dec -1223929 nack_dec -1511224810
Flow Uec_14_0 flowId 112 uecSrc 111 finished at 4.43361e+06 total messages 1 total packets 24474 RTS 0 total bytes 100000764 in_flight now 0 fair_inc 0 prop_inc 0 fast_inc 0 eta_inc 12367674 multi_dec -685199 quick_dec -1187802 nack_dec -1512533136
Flow Uec_27_0 flowId 983 uecSrc 982 finished at 4.43376e+06 total messages 1 total packets 24474 RTS 0 total bytes 100000764 in_flight now 0 fair_inc 0 prop_inc 0 fast_inc 0 eta_inc 12468678 multi_dec -687055 quick_dec -1286053 nack_dec -1511981308
Flow Uec_28_0 flowId 586 uecSrc 585 finished at 4.4476e+06 total messages 1 total packets 24474 RTS 0 total bytes 100000764 in_flight now 0 fair_inc 0 prop_inc 0 fast_inc 0 eta_inc 12422163 multi_dec -718857 quick_dec -1178765 nack_dec -1518488716
Flow Uec_29_0 flowId 823 uecSrc 822 finished at 4.44858e+06 total messages 1 total packets 24474 RTS 0 total bytes 100000764 in_flight now 0 fair_inc 0 prop_inc 0 fast_inc 0 eta_inc 12353055 multi_dec -727626 quick_dec -1261529 nack_dec -1518237094
Flow Uec_42_0 flowId 668 uecSrc 667 finished at 4.44942e+06 total messages 1 total packets 24474 RTS 0 total bytes 100000764 in_flight now 0 fair_inc 0 prop_inc 0 fast_inc 0 eta_inc 12505890 multi_dec -714188 quick_dec -1307917 nack_dec -1518884060
.Flow Uec_52_0 flowId 358 uecSrc 357 finished at 4.45446e+06 total messages 1 total packets 24474 RTS 0 total bytes 100000764 in_flight now 0 fair_inc 0 prop_inc 0 fast_inc 0 eta_inc 12383622 multi_dec -718612 quick_dec -1206556 nack_dec -1520727858
Flow Uec_22_0 flowId 765 uecSrc 764 finished at 4.46131e+06 total messages 1 total packets 24474 RTS 0 total bytes 100000764 in_flight now 0 fair_inc 0 prop_inc 0 fast_inc 0 eta_inc 12456717 multi_dec -724929 quick_dec -1225015 nack_dec -1522700202
......Flow Uec_458_0 flowId 102 uecSrc 101 finished at 4.77735e+06 total messages 1 total packets 24474 RTS 0 total bytes 100000764 in_flight now 0 fair_inc 0 prop_inc 0 fast_inc 0 eta_inc 17423190 multi_dec -1066752 quick_dec -1861874 nack_dec -1070878780
Flow Uec_110_0 flowId 515 uecSrc 514 finished at 4.78011e+06 total messages 1 total packets 24474 RTS 0 total bytes 100000764 in_flight now 0 fair_inc 0 prop_inc 0 fast_inc 0 eta_inc 17589315 multi_dec -1259460 quick_dec -1854408 nack_dec -1072836382
Flow Uec_795_0 flowId 907 uecSrc 906 finished at 4.7895e+06 total messages 1 total packets 24474 RTS 0 total bytes 100000764 in_flight now 0 fair_inc 0 prop_inc 0 fast_inc 0 eta_inc 17626527 multi_dec -1098145 quick_dec -1925144 nack_dec -1073985602
Flow Uec_810_0 flowId 169 uecSrc 168 finished at 4.79276e+06 total messages 1 total packets 24474 RTS 0 total bytes 100000764 in_flight now 0 fair_inc 0 prop_inc 0 fast_inc 0 eta_inc 17609250 multi_dec -1160631 quick_dec -1831581 nack_dec -1075875050
Flow Uec_963_0 flowId 494 uecSrc 493 finished at 4.79347e+06 total messages 1 total packets 24474 RTS 0 total bytes 100000764 in_flight now 0 fair_inc 0 prop_inc 0 fast_inc 0 eta_inc 17635830 multi_dec -1139699 quick_dec -1865200 nack_dec -1076030684
Flow Uec_481_0 flowId 889 uecSrc 888 finished at 4.79652e+06 total messages 1 total packets 24474 RTS 0 total bytes 100000764 in_flight now 0 fair_inc 0 prop_inc 0 fast_inc 0 eta_inc 17561406 multi_dec -1111994 quick_dec -1903237 nack_dec -1076889508
Flow Uec_456_0 flowId 47 uecSrc 46 finished at 4.79672e+06 total messages 1 total packets 24474 RTS 0 total bytes 100000764 in_flight now 0 fair_inc 0 prop_inc 0 fast_inc 0 eta_inc 17666397 multi_dec -1194291 quick_dec -1869040 nack_dec -1078235966
Flow Uec_412_0 flowId 689 uecSrc 688 finished at 4.79953e+06 total messages 1 total packets 24474 RTS 0 total bytes 100000764 in_flight now 0 fair_inc 0 prop_inc 0 fast_inc 0 eta_inc 17700951 multi_dec -1149632 quick_dec -1942001 nack_dec -1077814958
.Flow Uec_826_0 flowId 43 uecSrc 42 finished at 4.8006e+06 total messages 1 total packets 24474 RTS 0 total bytes 100000764 in_flight now 0 fair_inc 0 prop_inc 0 fast_inc 0 eta_inc 17651778 multi_dec -1128439 quick_dec -1916782 nack_dec -1077766912
Flow Uec_557_0 flowId 411 uecSrc 410 finished at 4.80079e+06 total messages 1 total packets 24474 RTS 0 total bytes 100000764 in_flight now 0 fair_inc 0 prop_inc 0 fast_inc 0 eta_inc 17714241 multi_dec -1062920 quick_dec -1903705 nack_dec -1079233824
Flow Uec_234_0 flowId 31 uecSrc 30 finished at 4.80096e+06 total messages 1 total packets 24474 RTS 0 total bytes 100000764 in_flight now 0 fair_inc 0 prop_inc 0 fast_inc 0 eta_inc 17825877 multi_dec -1210998 quick_dec -1970074 nack_dec -1079024136
Flow Uec_626_0 flowId 335 uecSrc 334 finished at 4.80131e+06 total messages 1 total packets 24474 RTS 0 total bytes 100000764 in_flight now 0 fair_inc 0 prop_inc 0 fast_inc 0 eta_inc 17686332 multi_dec -1121123 quick_dec -1871900 nack_dec -1078140950
Flow Uec_215_0 flowId 1008 uecSrc 1007 finished at 4.8014e+06 total messages 1 total packets 24474 RTS 0 total bytes 100000764 in_flight now 0 fair_inc 0 prop_inc 0 fast_inc 0 eta_inc 17670384 multi_dec -1102083 quick_dec -1885228 nack_dec -1079517552
Flow Uec_161_0 flowId 686 uecSrc 685 finished at 4.80196e+06 total messages 1 total packets 24474 RTS 0 total bytes 100000764 in_flight now 0 fair_inc 0 prop_inc 0 fast_inc 0 eta_inc 17582670 multi_dec -1156700 quick_dec -1861574 nack_dec -1077908116
Flow Uec_872_0 flowId 506 uecSrc 505 finished at 4.80214e+06 total messages 1 total packets 24474 RTS 0 total bytes 100000764 in_flight now 0 fair_inc 0 prop_inc 0 fast_inc 0 eta_inc 17564064 multi_dec -1109221 quick_dec -1891237 nack_dec -1080185928
Flow Uec_201_0 flowId 223 uecSrc 222 finished at 4.80286e+06 total messages 1 total packets 24474 RTS 0 total bytes 100000764 in_flight now 0 fair_inc 0 prop_inc 0 fast_inc 0 eta_inc 17629185 multi_dec -1103565 quick_dec -1954716 nack_dec -1078466074
Flow Uec_891_0 flowId 541 uecSrc 540 finished at 4.8034e+06 total messages 1 total packets 24474 RTS 0 total bytes 100000764 in_flight now 0 fair_inc 0 prop_inc 0 fast_inc 0 eta_inc 17768730 multi_dec -1134846 quick_dec -1997571 nack_dec -1079250424
Flow Uec_455_0 flowId 22 uecSrc 21 finished at 4.80451e+06 total messages 1 total packets 24474 RTS 0 total bytes 100000764 in_flight now 0 fair_inc 0 prop_inc 0 fast_inc 0 eta_inc 17639817 multi_dec -1097634 quick_dec -1857767 nack_dec -1080574708
Flow Uec_959_0 flowId 653 uecSrc 652 finished at 4.80552e+06 total messages 1 total packets 24474 RTS 0 total bytes 100000764 in_flight now 0 fair_inc 0 prop_inc 0 fast_inc 0 eta_inc 17715570 multi_dec -1196402 quick_dec -1905807 nack_dec -1078528324
Flow Uec_418_0 flowId 132 uecSrc 131 finished at 4.8057e+06 total messages 1 total packets 24474 RTS 0 total bytes 100000764 in_flight now 0 fair_inc 0 prop_inc 0 fast_inc 0 eta_inc 17685003 multi_dec -1134860 quick_dec -1910757 nack_dec -1078899636
Flow Uec_173_0 flowId 878 uecSrc 877 finished at 4.8062e+06 total messages 1 total packets 24474 RTS 0 total bytes 100000764 in_flight now 0 fair_inc 0 prop_inc 0 fast_inc 0 eta_inc 17574696 multi_dec -1164288 quick_dec -1810975 nack_dec -1079788066
Flow Uec_154_0 flowId 519 uecSrc 518 finished at 4.80626e+06 total messages 1 total packets 24474 RTS 0 total bytes 100000764 in_flight now 0 fair_inc 0 prop_inc 0 fast_inc 0 eta_inc 17583999 multi_dec -1145423 quick_dec -1829012 nack_dec -1080340242
Flow Uec_747_0 flowId 859 uecSrc 858 finished at 4.80634e+06 total messages 1 total packets 24474 RTS 0 total bytes 100000764 in_flight now 0 fair_inc 0 prop_inc 0 fast_inc 0 eta_inc 17677029 multi_dec -1144060 quick_dec -1924897 nack_dec -1079290396
Flow Uec_417_0 flowId 642 uecSrc 641 finished at 4.80694e+06 total messages 1 total packets 24474 RTS 0 total bytes 100000764 in_flight now 0 fair_inc 0 prop_inc 0 fast_inc 0 eta_inc 17452428 multi_dec -1122180 quick_dec -1927702 nack_dec -1080954650
Flow Uec_310_0 flowId 284 uecSrc 283 finished at 4.8071e+06 total messages 1 total packets 24474 RTS 0 total bytes 100000764 in_flight now 0 fair_inc 0 prop_inc 0 fast_inc 0 eta_inc 17595960 multi_dec -1077067 quick_dec -1925648 nack_dec -1081024002
Flow Uec_727_0 flowId 165 uecSrc 164 finished at 4.80728e+06 total messages 1 total packets 24474 RTS 0 total bytes 100000764 in_flight now 0 fair_inc 0 prop_inc 0 fast_inc 0 eta_inc 17917578 multi_dec -1111774 quick_dec -1952904 nack_dec -1079636808
Flow Uec_614_0 flowId 119 uecSrc 118 finished at 4.80783e+06 total messages 1 total packets 24474 RTS 0 total bytes 100000764 in_flight now 0 fair_inc 0 prop_inc 0 fast_inc 0 eta_inc 17659752 multi_dec -1117069 quick_dec -1915258 nack_dec -1080622216
Flow Uec_1014_0 flowId 959 uecSrc 958 finished at 4.80799e+06 total messages 1 total packets 24474 RTS 0 total bytes 100000764 in_flight now 0 fair_inc 0 prop_inc 0 fast_inc 0 eta_inc 17488311 multi_dec -1073642 quick_dec -1900694 nack_dec -1080061202
Flow Uec_206_0 flowId 708 uecSrc 707 finished at 4.80908e+06 total messages 1 total packets 24474 RTS 0 total bytes 100000764 in_flight now 0 fair_inc 0 prop_inc 0 fast_inc 0 eta_inc 17675700 multi_dec -1172661 quick_dec -1842668 nack_dec -1080641108
Flow Uec_236_0 flowId 822 uecSrc 821 finished at 4.80993e+06 total messages 1 total packets 24474 RTS 0 total bytes 100000764 in_flight now 0 fair_inc 0 prop_inc 0 fast_inc 0 eta_inc 17695635 multi_dec -1108685 quick_dec -1891825 nack_dec -1080957272
Flow Uec_555_0 flowId 981 uecSrc 980 finished at 4.80997e+06 total messages 1 total packets 24474 RTS 0 total bytes 100000764 in_flight now 0 fair_inc 0 prop_inc 0 fast_inc 0 eta_inc 17502930 multi_dec -1175610 quick_dec -1938696 nack_dec -1081753638
Flow Uec_263_0 flowId 256 uecSrc 255 finished at 4.80998e+06 total messages 1 total packets 24474 RTS 0 total bytes 100000764 in_flight now 0 fair_inc 0 prop_inc 0 fast_inc 0 eta_inc 17548116 multi_dec -1135835 quick_dec -1843232 nack_dec -1080983926
Flow Uec_493_0 flowId 844 uecSrc 843 finished at 4.81008e+06 total messages 1 total packets 24474 RTS 0 total bytes 100000764 in_flight now 0 fair_inc 0 prop_inc 0 fast_inc 0 eta_inc 17528181 multi_dec -1123650 quick_dec -1902176 nack_dec -1079620972
Flow Uec_958_0 flowId 864 uecSrc 863 finished at 4.81029e+06 total messages 1 total packets 24474 RTS 0 total bytes 100000764 in_flight now 0 fair_inc 0 prop_inc 0 fast_inc 0 eta_inc 17549445 multi_dec -1142123 quick_dec -1873551 nack_dec -1081242424
Flow Uec_751_0 flowId 891 uecSrc 890 finished at 4.81084e+06 total messages 1 total packets 24474 RTS 0 total bytes 100000764 in_flight now 0 fair_inc 0 prop_inc 0 fast_inc 0 eta_inc 17556090 multi_dec -1110971 quick_dec -1816133 nack_dec -1082128232
Flow Uec_488_0 flowId 67 uecSrc 66 finished at 4.8109e+06 total messages 1 total packets 24474 RTS 0 total bytes 100000764 in_flight now 0 fair_inc 0 prop_inc 0 fast_inc 0 eta_inc 17520207 multi_dec -1178475 quick_dec -1838731 nack_dec -1081474824
Flow Uec_289_0 flowId 688 uecSrc 687 finished at 4.81192e+06 total messages 1 total packets 24474 RTS 0 total bytes 100000764 in_flight now 0 fair_inc 0 prop_inc 0 fast_inc 0 eta_inc 17643804 multi_dec -1192806 quick_dec -1865512 nack_dec -1081616688
Flow Uec_259_0 flowId 722 uecSrc 721 finished at 4.81213e+06 total messages 1 total packets 24474 RTS 0 total bytes 100000764 in_flight now 0 fair_inc 0 prop_inc 0 fast_inc 0 eta_inc 17845812 multi_dec -1197132 quick_dec -1934822 nack_dec -1081083630
Flow Uec_100_0 flowId 251 uecSrc 250 finished at 4.81252e+06 total messages 1 total packets 24474 RTS 0 total bytes 100000764 in_flight now 0 fair_inc 0 prop_inc 0 fast_inc 0 eta_inc 17530839 multi_dec -1044324 quick_dec -1910940 nack_dec -1081970636
Flow Uec_366_0 flowId 835 uecSrc 834 finished at 4.81267e+06 total messages 1 total packets 24474 RTS 0 total bytes 100000764 in_flight now 0 fair_inc 0 prop_inc 0 fast_inc 0 eta_inc 17861760 multi_dec -1220778 quick_dec -1960312 nack_dec -1081475710
Flow Uec_793_0 flowId 657 uecSrc 656 finished at 4.81316e+06 total messages 1 total packets 24474 RTS 0 total bytes 100000764 in_flight now 0 fair_inc 0 prop_inc 0 fast_inc 0 eta_inc 17718228 multi_dec -1130943 quick_dec -1821699 nack_dec -1082687822
Flow Uec_578_0 flowId 623 uecSrc 622 finished at 4.81329e+06 total messages 1 total packets 24474 RTS 0 total bytes 100000764 in_flight now 0 fair_inc 0 prop_inc 0 fast_inc 0 eta_inc 17526852 multi_dec -1103401 quick_dec -1892781 nack_dec -1081516758
Flow Uec_132_0 flowId 95 uecSrc 94 finished at 4.81349e+06 total messages 1 total packets 24474 RTS 0 total bytes 100000764 in_flight now 0 fair_inc 0 prop_inc 0 fast_inc 0 eta_inc 17687661 multi_dec -1109371 quick_dec -1943254 nack_dec -1081464996
Flow Uec_692_0 flowId 741 uecSrc 740 finished at 4.81383e+06 total messages 1 total packets 24474 RTS 0 total bytes 100000764 in_flight now 0 fair_inc 0 prop_inc 0 fast_inc 0 eta_inc 17702280 multi_dec -1139243 quick_dec -1938610 nack_dec -1082454988
Flow Uec_411_0 flowId 405 uecSrc 404 finished at 4.81385e+06 total messages 1 total packets 24474 RTS 0 total bytes 100000764 in_flight now 0 fair_inc 0 prop_inc 0 fast_inc 0 eta_inc 17568051 multi_dec -1076444 quick_dec -1910741 nack_dec -1080560400
Flow Uec_690_0 flowId 812 uecSrc 811 finished at 4.81443e+06 total messages 1 total packets 24474 RTS 0 total bytes 100000764 in_flight now 0 fair_inc 0 prop_inc 0 fast_inc 0 eta_inc 17409900 multi_dec -1101670 quick_dec -1822309 nack_dec -1081327386
Flow Uec_139_0 flowId 682 uecSrc 681 finished at 4.81497e+06 total messages 1 total packets 24474 RTS 0 total bytes 100000764 in_flight now 0 fair_inc 0 prop_inc 0 fast_inc 0 eta_inc 17625198 multi_dec -1123606 quick_dec -1960479 nack_dec -1081391824
Flow Uec_174_0 flowId 665 uecSrc 664 finished at 4.81497e+06 total messages 1 total packets 24474 RTS 0 total bytes 100000764 in_flight now 0 fair_inc 0 prop_inc 0 fast_inc 0 eta_inc 17780691 multi_dec -1183294 quick_dec -1901486 nack_dec -1082992300
Flow Uec_722_0 flowId 756 uecSrc 755 finished at 4.81502e+06 total messages 1 total packets 24474 RTS 0 total bytes 100000764 in_flight now 0 fair_inc 0 prop_inc 0 fast_inc 0 eta_inc 17619882 multi_dec -1118367 quick_dec -1896324 nack_dec -1082260702
Flow Uec_804_0 flowId 559 uecSrc 558 finished at 4.81504e+06 total messages 1 total packets 24474 RTS 0 total bytes 100000764 in_flight now 0 fair_inc 0 prop_inc 0 fast_inc 0 eta_inc 17560077 multi_dec -1064391 quick_dec -1888962 nack_dec -1082445594
Flow Uec_253_0 flowId 562 uecSrc 561 finished at 4.81506e+06 total messages 1 total packets 24474 RTS 0 total bytes 100000764 in_flight now 0 fair_inc 0 prop_inc 0 fast_inc 0 eta_inc 17502930 multi_dec -1181290 quick_dec -1866364 nack_dec -1082670024
Flow Uec_522_0 flowId 711 uecSrc 710 finished at 4.81577e+06 total messages 1 total packets 24474 RTS 0 total bytes 100000764 in_flight now 0 fair_inc 0 prop_inc 0 fast_inc 0 eta_inc 17538813 multi_dec -1119774 quick_dec -1867766 nack_dec -1082726266
Flow Uec_471_0 flowId 958 uecSrc 957 finished at 4.81581e+06 total messages 1 total packets 24474 RTS 0 total bytes 100000764 in_flight now 0 fair_inc 0 prop_inc 0 fast_inc 0 eta_inc 17637159 multi_dec -1110351 quick_dec -1918286 nack_dec -1081851936
Flow Uec_984_0 flowId 955 uecSrc 954 finished at 4.81594e+06 total messages 1 total packets 24474 RTS 0 total bytes 100000764 in_flight now 0 fair_inc 0 prop_inc 0 fast_inc 0 eta_inc 17595960 multi_dec -1175087 quick_dec -1897913 nack_dec -1081856746
Flow Uec_740_0 flowId 312 uecSrc 311 finished at 4.81595e+06 total messages 1 total packets 24474 RTS 0 total bytes 100000764 in_flight now 0 fair_inc 0 prop_inc 0 fast_inc 0 eta_inc 17799297 multi_dec -1156725 quick_dec -1894793 nack_dec -1082658668
Flow Uec_275_0 flowId 661 uecSrc 660 finished at 4.81604e+06 total messages 1 total packets 24474 RTS 0 total bytes 100000764 in_flight now 0 fair_inc 0 prop_inc 0 fast_inc 0 eta_inc 17574696 multi_dec -1093683 quick_dec -1905106 nack_dec -1082741338
Flow Uec_957_0 flowId 452 uecSrc 451 finished at 4.81625e+06 total messages 1 total packets 24474 RTS 0 total bytes 100000764 in_flight now 0 fair_inc 0 prop_inc 0 fast_inc 0 eta_inc 17619882 multi_dec -1059620 quick_dec -1991262 nack_dec -1081920072
Flow Uec_1007_0 flowId 122 uecSrc 121 finished at 4.81632e+06 total messages 1 total packets 24474 RTS 0 total bytes 100000764 in_flight now 0 fair_inc 0 prop_inc 0 fast_inc 0 eta_inc 17714241 multi_dec -1152466 quick_dec -1885943 nack_dec -1082800202
Flow Uec_658_0 flowId 949 uecSrc 948 finished at 4.81709e+06 total messages 1 total packets 24474 RTS 0 total bytes 100000764 in_flight now 0 fair_inc 0 prop_inc 0 fast_inc 0 eta_inc 17610579 multi_dec -1114634 quick_dec -1889348 nack_dec -1083212146
Flow Uec_357_0 flowId 79 uecSrc 78 finished at 4.81733e+06 total messages 1 total packets 24474 RTS 0 total bytes 100000764 in_flight now 0 fair_inc 0 prop_inc 0 fast_inc 0 eta_inc 17685003 multi_dec -1142496 quick_dec -1896440 nack_dec -1082079300
Flow Uec_343_0 flowId 545 uecSrc 544 finished at 4.81756e+06 total messages 1 total packets 24474 RTS 0 total bytes 100000764 in_flight now 0 fair_inc 0 prop_inc 0 fast_inc 0 eta_inc 17568051 multi_dec -1147181 quick_dec -1893701 nack_dec -1083111122
Flow Uec_848_0 flowId 719 uecSrc 718 finished at 4.81757e+06 total messages 1 total packets 24474 RTS 0 total bytes 100000764 in_flight now 0 fair_inc 0 prop_inc 0 fast_inc 0 eta_inc 17792652 multi_dec -1175291 quick_dec -1949329 nack_dec -1083531800
Flow Uec_74_0 flowId 45 uecSrc 44 finished at 4.81757e+06 total messages 1 total packets 24474 RTS 0 total bytes 100000764 in_flight now 0 fair_inc 0 prop_inc 0 fast_inc 0 eta_inc 17581341 multi_dec -1133987 quick_dec -1978127 nack_dec -1081918544
Flow Uec_183_0 flowId 304 uecSrc 303 finished at 4.81783e+06 total messages 1 total packets 24474 RTS 0 total bytes 100000764 in_flight now 0 fair_inc 0 prop_inc 0 fast_inc 0 eta_inc 17601276 multi_dec -1098635 quick_dec -1918643 nack_dec -1083028122
Flow Uec_323_0 flowId 591 uecSrc 590 finished at 4.81786e+06 total messages 1 total packets 24474 RTS 0 total bytes 100000764 in_flight now 0 fair_inc 0 prop_inc 0 fast_inc 0 eta_inc 17603934 multi_dec -1151292 quick_dec -1972032 nack_dec -1081991386
Flow Uec_1021_0 flowId 103 uecSrc 102 finished at 4.81821e+06 total messages 1 total packets 24474 RTS 0 total bytes 100000764 in_flight now 0 fair_inc 0 prop_inc 0 fast_inc 0 eta_inc 17613237 multi_dec -1186117 quick_dec -1889278 nack_dec -1082922844
Flow Uec_384_0 flowId 904 uecSrc 903 finished at 4.81884e+06 total messages 1 total packets 24474 RTS 0 total bytes 100000764 in_flight now 0 fair_inc 0 prop_inc 0 fast_inc 0 eta_inc 17679687 multi_dec -1151324 quick_dec -1923988 nack_dec -1083979566
Flow Uec_975_0 flowId 490 uecSrc 489 finished at 4.81893e+06 total messages 1 total packets 24474 RTS 0 total bytes 100000764 in_flight now 0 fair_inc 0 prop_inc 0 fast_inc 0 eta_inc 17654436 multi_dec -1191875 quick_dec -1836042 nack_dec -1083984810
Flow Uec_533_0 flowId 86 uecSrc 85 finished at 4.81913e+06 total messages 1 total packets 24474 RTS 0 total bytes 100000764 in_flight now 0 fair_inc 0 prop_inc 0 fast_inc 0 eta_inc 17529510 multi_dec -1095819 quick_dec -1983189 nack_dec -1083042326
Flow Uec_921_0 flowId 622 uecSrc 621 finished at 4.81941e+06 total messages 1 total packets 24474 RTS 0 total bytes 100000764 in_flight now 0 fair_inc 0 prop_inc 0 fast_inc 0 eta_inc 17557419 multi_dec -1093415 quick_dec -1873166 nack_dec -1083354340
Flow Uec_382_0 flowId 329 uecSrc 328 finished at 4.81971e+06 total messages 1 total packets 24474 RTS 0 total bytes 100000764 in_flight now 0 fair_inc 0 prop_inc 0 fast_inc 0 eta_inc 17827206 multi_dec -1169604 quick_dec -1888751 nack_dec -1083138644
Flow Uec_565_0 flowId 815 uecSrc 814 finished at 4.82019e+06 total messages 1 total packets 24474 RTS 0 total bytes 100000764 in_flight now 0 fair_inc 0 prop_inc 0 fast_inc 0 eta_inc 17633172 multi_dec -1154954 quick_dec -1901610 nack_dec -1084126570
Flow Uec_1006_0 flowId 147 uecSrc 146 finished at 4.82029e+06 total messages 1 total packets 24474 RTS 0 total bytes 100000764 in_flight now 0 fair_inc 0 prop_inc 0 fast_inc 0 eta_inc 17601276 multi_dec -1101924 quick_dec -1807835 nack_dec -1084734536
Flow Uec_153_0 flowId 398 uecSrc 397 finished at 4.82075e+06 total messages 1 total packets 24474 RTS 0 total bytes 100000764 in_flight now 0 fair_inc 0 prop_inc 0 fast_inc 0 eta_inc 17712912 multi_dec -1200531 quick_dec -1896749 nack_dec -1083892416
Flow Uec_260_0 flowId 771 uecSrc 770 finished at 4.82085e+06 total messages 1 total packets 24474 RTS 0 total bytes 100000764 in_flight now 0 fair_inc 0 prop_inc 0 fast_inc 0 eta_inc 17662410 multi_dec -1121112 quick_dec -1922348 nack_dec -1083820008
Flow Uec_385_0 flowId 320 uecSrc 319 finished at 4.82089e+06 total messages 1 total packets 24474 RTS 0 total bytes 100000764 in_flight now 0 fair_inc 0 prop_inc 0 fast_inc 0 eta_inc 17586657 multi_dec -1147622 quick_dec -1926059 nack_dec -1083970172
Flow Uec_136_0 flowId 172 uecSrc 171 finished at 4.82172e+06 total messages 1 total packets 24474 RTS 0 total bytes 100000764 in_flight now 0 fair_inc 0 prop_inc 0 fast_inc 0 eta_inc 17639817 multi_dec -1220776 quick_dec -1923936 nack_dec -1084405818
Flow Uec_682_0 flowId 697 uecSrc 696 finished at 4.82259e+06 total messages 1 total packets 24474 RTS 0 total bytes 100000764 in_flight now 0 fair_inc 0 prop_inc 0 fast_inc 0 eta_inc 17560077 multi_dec -1084976 quick_dec -1817496 nack_dec -1086174048
Flow Uec_723_0 flowId 56 uecSrc 55 finished at 4.82299e+06 total messages 1 total packets 24474 RTS 0 total bytes 100000764 in_flight now 0 fair_inc 0 prop_inc 0 fast_inc 0 eta_inc 17619882 multi_dec -1184071 quick_dec -1959409 nack_dec -1083753938
Flow Uec_964_0 flowId 191 uecSrc 190 finished at 4.82319e+06 total messages 1 total packets 24474 RTS 0 total bytes 100000764 in_flight now 0 fair_inc 0 prop_inc 0 fast_inc 0 eta_inc 17803284 multi_dec -1109190 quick_dec -1925655 nack_dec -1085082372
Flow Uec_144_0 flowId 152 uecSrc 151 finished at 4.82427e+06 total messages 1 total packets 24474 RTS 0 total bytes 100000764 in_flight now 0 fair_inc 0 prop_inc 0 fast_inc 0 eta_inc 17583999 multi_dec -1106345 quick_dec -1790814 nack_dec -1085386850
Flow Uec_340_0 flowId 826 uecSrc 825 finished at 4.82451e+06 total messages 1 total packets 24474 RTS 0 total bytes 100000764 in_flight now 0 fair_inc 0 prop_inc 0 fast_inc 0 eta_inc 17653107 multi_dec -1122103 quick_dec -1972622 nack_dec -1084230858
Flow Uec_301_0 flowId 514 uecSrc 513 finished at 4.82453e+06 total messages 1 total packets 24474 RTS 0 total bytes 100000764 in_flight now 0 fair_inc 0 prop_inc 0 fast_inc 0 eta_inc 17431164 multi_dec -1061302 quick_dec -1968087 nack_dec -1085563008
Flow Uec_978_0 flowId 441 uecSrc 440 finished at 4.82462e+06 total messages 1 total packets 24474 RTS 0 total bytes 100000764 in_flight now 0 fair_inc 0 prop_inc 0 fast_inc 0 eta_inc 17413887 multi_dec -1099811 quick_dec -1885243 nack_dec -1084506286
Flow Uec_888_0 flowId 150 uecSrc 149 finished at 4.82464e+06 total messages 1 total packets 24474 RTS 0 total bytes 100000764 in_flight now 0 fair_inc 0 prop_inc 0 fast_inc 0 eta_inc 17550774 multi_dec -1106522 quick_dec -1937270 nack_dec -1084615280
Flow Uec_823_0 flowId 84 uecSrc 83 finished at 4.82468e+06 total messages 1 total packets 24474 RTS 0 total bytes 100000764 in_flight now 0 fair_inc 0 prop_inc 0 fast_inc 0 eta_inc 18009279 multi_dec -1187065 quick_dec -1977518 nack_dec -1085918050
Flow Uec_122_0 flowId 101 uecSrc 100 finished at 4.82491e+06 total messages 1 total packets 24474 RTS 0 total bytes 100000764 in_flight now 0 fair_inc 0 prop_inc 0 fast_inc 0 eta_inc 17607921 multi_dec -1119481 quick_dec -1904257 nack_dec -1083983386
Flow Uec_938_0 flowId 644 uecSrc 643 finished at 4.82511e+06 total messages 1 total packets 24474 RTS 0 total bytes 100000764 in_flight now 0 fair_inc 0 prop_inc 0 fast_inc 0 eta_inc 17685003 multi_dec -1119526 quick_dec -1837791 nack_dec -1084638322
Flow Uec_681_0 flowId 913 uecSrc 912 finished at 4.82514e+06 total messages 1 total packets 24474 RTS 0 total bytes 100000764 in_flight now 0 fair_inc 0 prop_inc 0 fast_inc 0 eta_inc 17683674 multi_dec -1214869 quick_dec -1858757 nack_dec -1086079466
Flow Uec_585_0 flowId 631 uecSrc 630 finished at 4.82515e+06 total messages 1 total packets 24474 RTS 0 total bytes 100000764 in_flight now 0 fair_inc 0 prop_inc 0 fast_inc 0 eta_inc 17771388 multi_dec -1161835 quick_dec -1963714 nack_dec -1083993440
Flow Uec_138_0 flowId 1023 uecSrc 1022 finished at 4.82518e+06 total messages 1 total packets 24474 RTS 0 total bytes 100000764 in_flight now 0 fair_inc 0 prop_inc 0 fast_inc 0 eta_inc 17589315 multi_dec -1145555 quick_dec -1917479 nack_dec -1085385322
Flow Uec_563_0 flowId 444 uecSrc 443 finished at 4.82526e+06 total messages 1 total packets 24474 RTS 0 total bytes 100000764 in_flight now 0 fair_inc 0 prop_inc 0 fast_inc 0 eta_inc 17611908 multi_dec -1198496 quick_dec -1937266 nack_dec -1084625334
Flow Uec_407_0 flowId 762 uecSrc 761 finished at 4.82544e+06 total messages 1 total packets 24474 RTS 0 total bytes 100000764 in_flight now 0 fair_inc 0 prop_inc 0 fast_inc 0 eta_inc 17602605 multi_dec -1133823 quick_dec -1810927 nack_dec -1085605272
Flow Uec_993_0 flowId 938 uecSrc 937 finished at 4.82546e+06 total messages 1 total packets 24474 RTS 0 total bytes 100000764 in_flight now 0 fair_inc 0 prop_inc 0 fast_inc 0 eta_inc 17593302 multi_dec -1111372 quick_dec -1878313 nack_dec -1084412694
Flow Uec_200_0 flowId 225 uecSrc 224 finished at 4.82556e+06 total messages 1 total packets 24474 RTS 0 total bytes 100000764 in_flight now 0 fair_inc 0 prop_inc 0 fast_inc 0 eta_inc 17490969 multi_dec -1094355 quick_dec -1851209 nack_dec -1084746222
Flow Uec_952_0 flowId 462 uecSrc 461 finished at 4.82558e+06 total messages 1 total packets 24474 RTS 0 total bytes 100000764 in_flight now 0 fair_inc 0 prop_inc 0 fast_inc 0 eta_inc 17506917 multi_dec -1127724 quick_dec -1903260 nack_dec -1083892850
Flow Uec_545_0 flowId 324 uecSrc 323 finished at 4.82559e+06 total messages 1 total packets 24474 RTS 0 total bytes 100000764 in_flight now 0 fair_inc 0 prop_inc 0 fast_inc 0 eta_inc 17807271 multi_dec -1144529 quick_dec -1918477 nack_dec -1085632152
Flow Uec_794_0 flowId 235 uecSrc 234 finished at 4.82564e+06 total messages 1 total packets 24474 RTS 0 total bytes 100000764 in_flight now 0 fair_inc 0 prop_inc 0 fast_inc 0 eta_inc 17538813 multi_dec -1083937 quick_dec -1934772 nack_dec -1085291730
Flow Uec_312_0 flowId 179 uecSrc 178 finished at 4.82571e+06 total messages 1 total packets 24474 RTS 0 total bytes 100000764 in_flight now 0 fair_inc 0 prop_inc 0 fast_inc 0 eta_inc 17576025 multi_dec -1061590 quick_dec -1950757 nack_dec -1084879786
Flow Uec_327_0 flowId 369 uecSrc 368 finished at 4.82574e+06 total messages 1 total packets 24474 RTS 0 total bytes 100000764 in_flight now 0 fair_inc 0 prop_inc 0 fast_inc 0 eta_inc 17856444 multi_dec -1193810 quick_dec -1856978 nack_dec -1084291250
Flow Uec_866_0 flowId 470 uecSrc 469 finished at 4.82625e+06 total messages 1 total packets 24474 RTS 0 total bytes 100000764 in_flight now 0 fair_inc 0 prop_inc 0 fast_inc 0 eta_inc 17626527 multi_dec -1108223 quick_dec -1990718 nack_dec -1084739016
Flow Uec_677_0 flowId 19 uecSrc 18 finished at 4.82634e+06 total messages 1 total packets 24474 RTS 0 total bytes 100000764 in_flight now 0 fair_inc 0 prop_inc 0 fast_inc 0 eta_inc 17674371 multi_dec -1114763 quick_dec -1954406 nack_dec -1085108592
Flow Uec_461_0 flowId 1013 uecSrc 1012 finished at 4.82675e+06 total messages 1 total packets 24474 RTS 0 total bytes 100000764 in_flight now 0 fair_inc 0 prop_inc 0 fast_inc 0 eta_inc 17611908 multi_dec -1094326 quick_dec -1851432 nack_dec -1084365186
Flow Uec_704_0 flowId 27 uecSrc 26 finished at 4.82681e+06 total messages 1 total packets 24474 RTS 0 total bytes 100000764 in_flight now 0 fair_inc 0 prop_inc 0 fast_inc 0 eta_inc 17557419 multi_dec -1113162 quick_dec -1857928 nack_dec -1085889000
Flow Uec_1009_0 flowId 258 uecSrc 257 finished at 4.82684e+06 total messages 1 total packets 24474 RTS 0 total bytes 100000764 in_flight now 0 fair_inc 0 prop_inc 0 fast_inc 0 eta_inc 17673042 multi_dec -1065761 quick_dec -1911433 nack_dec -1085678444
Flow Uec_655_0 flowId 197 uecSrc 196 finished at 4.82691e+06 total messages 1 total packets 24474 RTS 0 total bytes 100000764 in_flight now 0 fair_inc 0 prop_inc 0 fast_inc 0 eta_inc 17716899 multi_dec -1242305 quick_dec -1894984 nack_dec -1087018460
Flow Uec_269_0 flowId 362 uecSrc 361 finished at 4.82697e+06 total messages 1 total packets 24474 RTS 0 total bytes 100000764 in_flight now 0 fair_inc 0 prop_inc 0 fast_inc 0 eta_inc 17611908 multi_dec -1154891 quick_dec -1847030 nack_dec -1085605602
Flow Uec_787_0 flowId 535 uecSrc 534 finished at 4.82706e+06 total messages 1 total packets 24474 RTS 0 total bytes 100000764 in_flight now 0 fair_inc 0 prop_inc 0 fast_inc 0 eta_inc 17867076 multi_dec -1160629 quick_dec -1831272 nack_dec -1086266980
Flow Uec_341_0 flowId 940 uecSrc 939 finished at 4.82712e+06 total messages 1 total packets 24474 RTS 0 total bytes 100000764 in_flight now 0 fair_inc 0 prop_inc 0 fast_inc 0 eta_inc 17688990 multi_dec -1088165 quick_dec -1961394 nack_dec -1085964794
Flow Uec_475_0 flowId 115 uecSrc 114 finished at 4.82726e+06 total messages 1 total packets 24474 RTS 0 total bytes 100000764 in_flight now 0 fair_inc 0 prop_inc 0 fast_inc 0 eta_inc 17820561 multi_dec -1144754 quick_dec -1891758 nack_dec -1086057952
Flow Uec_373_0 flowId 414 uecSrc 413 finished at 4.82738e+06 total messages 1 total packets 24474 RTS 0 total bytes 100000764 in_flight now 0 fair_inc 0 prop_inc 0 fast_inc 0 eta_inc 17856444 multi_dec -1166951 quick_dec -1916833 nack_dec -1084922050
Flow Uec_416_0 flowId 328 uecSrc 327 finished at 4.82756e+06 total messages 1 total packets 24474 RTS 0 total bytes 100000764 in_flight now 0 fair_inc 0 prop_inc 0 fast_inc 0 eta_inc 17471034 multi_dec -1112977 quick_dec -1892918 nack_dec -1086867636
Flow Uec_757_0 flowId 383 uecSrc 382 finished at 4.82765e+06 total messages 1 total packets 24474 RTS 0 total bytes 100000764 in_flight now 0 fair_inc 0 prop_inc 0 fast_inc 0 eta_inc 17639817 multi_dec -1144784 quick_dec -1838845 nack_dec -1086507350
Flow Uec_775_0 flowId 606 uecSrc 605 finished at 4.82771e+06 total messages 1 total packets 24474 RTS 0 total bytes 100000764 in_flight now 0 fair_inc 0 prop_inc 0 fast_inc 0 eta_inc 17649120 multi_dec -1136550 quick_dec -1889619 nack_dec -1086451108
Flow Uec_870_0 flowId 389 uecSrc 388 finished at 4.82795e+06 total messages 1 total packets 24474 RTS 0 total bytes 100000764 in_flight now 0 fair_inc 0 prop_inc 0 fast_inc 0 eta_inc 17812587 multi_dec -1174906 quick_dec -1859690 nack_dec -1085398536
Flow Uec_789_0 flowId 510 uecSrc 509 finished at 4.82816e+06 total messages 1 total packets 24474 RTS 0 total bytes 100000764 in_flight now 0 fair_inc 0 prop_inc 0 fast_inc 0 eta_inc 17703609 multi_dec -1132276 quick_dec -1923330 nack_dec -1086522422
Flow Uec_476_0 flowId 337 uecSrc 336 finished at 4.82836e+06 total messages 1 total packets 24474 RTS 0 total bytes 100000764 in_flight now 0 fair_inc 0 prop_inc 0 fast_inc 0 eta_inc 17576025 multi_dec -1168747 quick_dec -1891090 nack_dec -1085961408
Flow Uec_575_0 flowId 848 uecSrc 847 finished at 4.82845e+06 total messages 1 total packets 24474 RTS 0 total bytes 100000764 in_flight now 0 fair_inc 0 prop_inc 0 fast_inc 0 eta_inc 17682345 multi_dec -1136575 quick_dec -1910042 nack_dec -1085983686
Flow Uec_871_0 flowId 861 uecSrc 860 finished at 4.82852e+06 total messages 1 total packets 24474 RTS 0 total bytes 100000764 in_flight now 0 fair_inc 0 prop_inc 0 fast_inc 0 eta_inc 17732847 multi_dec -1190373 quick_dec -1910022 nack_dec -1085709682
Flow Uec_977_0 flowId 407 uecSrc 406 finished at 4.82875e+06 total messages 1 total packets 24474 RTS 0 total bytes 100000764 in_flight now 0 fair_inc 0 prop_inc 0 fast_inc 0 eta_inc 17712912 multi_dec -1153686 quick_dec -1894072 nack_dec -1086479394
Flow Uec_96_0 flowId 39 uecSrc 38 finished at 4.82875e+06 total messages 1 total packets 24474 RTS 0 total bytes 100000764 in_flight now 0 fair_inc 0 prop_inc 0 fast_inc 0 eta_inc 17657094 multi_dec -1125495 quick_dec -1943369 nack_dec -1086823080
Flow Uec_95_0 flowId 543 uecSrc 542 finished at 4.82878e+06 total messages 1 total packets 24474 RTS 0 total bytes 100000764 in_flight now 0 fair_inc 0 prop_inc 0 fast_inc 0 eta_inc 17634501 multi_dec -1124076 quick_dec -1875965 nack_dec -1087342924
Flow Uec_393_0 flowId 857 uecSrc 856 finished at 4.82881e+06 total messages 1 total packets 24474 RTS 0 total bytes 100000764 in_flight now 0 fair_inc 0 prop_inc 0 fast_inc 0 eta_inc 17577354 multi_dec -1140628 quick_dec -1824814 nack_dec -1086458644
Flow Uec_814_0 flowId 793 uecSrc 792 finished at 4.82888e+06 total messages 1 total packets 24474 RTS 0 total bytes 100000764 in_flight now 0 fair_inc 0 prop_inc 0 fast_inc 0 eta_inc 17541471 multi_dec -1067396 quick_dec -1878389 nack_dec -1086547444
Flow Uec_119_0 flowId 604 uecSrc 603 finished at 4.82901e+06 total messages 1 total packets 24474 RTS 0 total bytes 100000764 in_flight now 0 fair_inc 0 prop_inc 0 fast_inc 0 eta_inc 17696964 multi_dec -1164316 quick_dec -1855416 nack_dec -1088022100
Flow Uec_92_0 flowId 558 uecSrc 557 finished at 4.82904e+06 total messages 1 total packets 24474 RTS 0 total bytes 100000764 in_flight now 0 fair_inc 0 prop_inc 0 fast_inc 0 eta_inc 17673042 multi_dec -1107627 quick_dec -1837273 nack_dec -1086150346
Flow Uec_648_0 flowId 108 uecSrc 107 finished at 4.82917e+06 total messages 1 total packets 24474 RTS 0 total bytes 100000764 in_flight now 0 fair_inc 0 prop_inc 0 fast_inc 0 eta_inc 17730189 multi_dec -1137271 quick_dec -1890478 nack_dec -1086239458
Flow Uec_999_0 flowId 161 uecSrc 160 finished at 4.82924e+06 total messages 1 total packets 24474 RTS 0 total bytes 100000764 in_flight now 0 fair_inc 0 prop_inc 0 fast_inc 0 eta_inc 17719557 multi_dec -1157377 quick_dec -1839039 nack_dec -1086317544
Flow Uec_941_0 flowId 244 uecSrc 243 finished at 4.82924e+06 total messages 1 total packets 24474 RTS 0 total bytes 100000764 in_flight now 0 fair_inc 0 prop_inc 0 fast_inc 0 eta_inc 17704938 multi_dec -1104623 quick_dec -1901742 nack_dec -1085850886
Flow Uec_515_0 flowId 877 uecSrc 876 finished at 4.82944e+06 total messages 1 total packets 24474 RTS 0 total bytes 100000764 in_flight now 0 fair_inc 0 prop_inc 0 fast_inc 0 eta_inc 17728860 multi_dec -1103289 quick_dec -1950192 nack_dec -1086761594
Flow Uec_577_0 flowId 683 uecSrc 682 finished at 4.82955e+06 total messages 1 total packets 24474 RTS 0 total bytes 100000764 in_flight now 0 fair_inc 0 prop_inc 0 fast_inc 0 eta_inc 17595960 multi_dec -1111317 quick_dec -1900311 nack_dec -1086395300
Flow Uec_834_0 flowId 446 uecSrc 445 finished at 4.8296e+06 total messages 1 total packets 24474 RTS 0 total bytes 100000764 in_flight now 0 fair_inc 0 prop_inc 0 fast_inc 0 eta_inc 17505588 multi_dec -1113014 quick_dec -1938072 nack_dec -1085637274
Flow Uec_936_0 flowId 482 uecSrc 481 finished at 4.82968e+06 total messages 1 total packets 24474 RTS 0 total bytes 100000764 in_flight now 0 fair_inc 0 prop_inc 0 fast_inc 0 eta_inc 17530839 multi_dec -1075230 quick_dec -1811427 nack_dec -1085915654
Flow Uec_77_0 flowId 534 uecSrc 533 finished at 4.82978e+06 total messages 1 total packets 24474 RTS 0 total bytes 100000764 in_flight now 0 fair_inc 0 prop_inc 0 fast_inc 0 eta_inc 17655765 multi_dec -1138431 quick_dec -1984614 nack_dec -1086422058
Flow Uec_792_0 flowId 178 uecSrc 177 finished at 4.82981e+06 total messages 1 total packets 24474 RTS 0 total bytes 100000764 in_flight now 0 fair_inc 0 prop_inc 0 fast_inc 0 eta_inc 17439138 multi_dec -1067026 quick_dec -1865654 nack_dec -1087627850
Flow Uec_247_0 flowId 49 uecSrc 48 finished at 4.82985e+06 total messages 1 total packets 24474 RTS 0 total bytes 100000764 in_flight now 0 fair_inc 0 prop_inc 0 fast_inc 0 eta_inc 17637159 multi_dec -1152930 quick_dec -1842527 nack_dec -1086696184
Flow Uec_715_0 flowId 2 uecSrc 1 finished at 4.82991e+06 total messages 1 total packets 24474 RTS 0 total bytes 100000764 in_flight now 0 fair_inc 0 prop_inc 0 fast_inc 0 eta_inc 17687661 multi_dec -1122510 quick_dec -1883350 nack_dec -1087292360
Flow Uec_562_0 flowId 910 uecSrc 909 finished at 4.83005e+06 total messages 1 total packets 24474 RTS 0 total bytes 100000764 in_flight now 0 fair_inc 0 prop_inc 0 fast_inc 0 eta_inc 17602605 multi_dec -1109306 quick_dec -1857578 nack_dec -1087587444
Flow Uec_402_0 flowId 263 uecSrc 262 finished at 4.83013e+06 total messages 1 total packets 24474 RTS 0 total bytes 100000764 in_flight now 0 fair_inc 0 prop_inc 0 fast_inc 0 eta_inc 17621211 multi_dec -1149560 quick_dec -1854088 nack_dec -1085942412
Flow Uec_589_0 flowId 565 uecSrc 564 finished at 4.83022e+06 total messages 1 total packets 24474 RTS 0 total bytes 100000764 in_flight now 0 fair_inc 0 prop_inc 0 fast_inc 0 eta_inc 17529510 multi_dec -1119468 quick_dec -1859008 nack_dec -1086599744
Flow Uec_595_0 flowId 196 uecSrc 195 finished at 4.83026e+06 total messages 1 total packets 24474 RTS 0 total bytes 100000764 in_flight now 0 fair_inc 0 prop_inc 0 fast_inc 0 eta_inc 17653107 multi_dec -1109490 quick_dec -1905605 nack_dec -1086418672
Flow Uec_166_0 flowId 605 uecSrc 604 finished at 4.83032e+06 total messages 1 total packets 24474 RTS 0 total bytes 100000764 in_flight now 0 fair_inc 0 prop_inc 0 fast_inc 0 eta_inc 17585328 multi_dec -1102928 quick_dec -1924148 nack_dec -1086619400
Flow Uec_705_0 flowId 17 uecSrc 16 finished at 4.83046e+06 total messages 1 total packets 24474 RTS 0 total bytes 100000764 in_flight now 0 fair_inc 0 prop_inc 0 fast_inc 0 eta_inc 17772717 multi_dec -1149304 quick_dec -1914376 nack_dec -1086611430
Flow Uec_265_0 flowId 773 uecSrc 772 finished at 4.83051e+06 total messages 1 total packets 24474 RTS 0 total bytes 100000764 in_flight now 0 fair_inc 0 prop_inc 0 fast_inc 0 eta_inc 17619882 multi_dec -1105029 quick_dec -1812348 nack_dec -1086104800
Flow Uec_330_0 flowId 783 uecSrc 782 finished at 4.83056e+06 total messages 1 total packets 24474 RTS 0 total bytes 100000764 in_flight now 0 fair_inc 0 prop_inc 0 fast_inc 0 eta_inc 17427177 multi_dec -1077638 quick_dec -1827871 nack_dec -1087788172
Flow Uec_549_0 flowId 285 uecSrc 284 finished at 4.83057e+06 total messages 1 total packets 24474 RTS 0 total bytes 100000764 in_flight now 0 fair_inc 0 prop_inc 0 fast_inc 0 eta_inc 17583999 multi_dec -1093290 quick_dec -1870583 nack_dec -1086191516
Flow Uec_226_0 flowId 751 uecSrc 750 finished at 4.83065e+06 total messages 1 total packets 24474 RTS 0 total bytes 100000764 in_flight now 0 fair_inc 0 prop_inc 0 fast_inc 0 eta_inc 17522865 multi_dec -1116283 quick_dec -1759128 nack_dec -1086741938
Flow Uec_300_0 flowId 309 uecSrc 308 finished at 4.83078e+06 total messages 1 total packets 24474 RTS 0 total bytes 100000764 in_flight now 0 fair_inc 0 prop_inc 0 fast_inc 0 eta_inc 17618553 multi_dec -1091495 quick_dec -1912270 nack_dec -1086658608
Flow Uec_353_0 flowId 867 uecSrc 866 finished at 4.8308e+06 total messages 1 total packets 24474 RTS 0 total bytes 100000764 in_flight now 0 fair_inc 0 prop_inc 0 fast_inc 0 eta_inc 17607921 multi_dec -1095288 quick_dec -1935650 nack_dec -1086887622
Flow Uec_863_0 flowId 802 uecSrc 801 finished at 4.83081e+06 total messages 1 total packets 24474 RTS 0 total bytes 100000764 in_flight now 0 fair_inc 0 prop_inc 0 fast_inc 0 eta_inc 17562735 multi_dec -1054866 quick_dec -1839605 nack_dec -1087154750
Flow Uec_76_0 flowId 314 uecSrc 313 finished at 4.83095e+06 total messages 1 total packets 24474 RTS 0 total bytes 100000764 in_flight now 0 fair_inc 0 prop_inc 0 fast_inc 0 eta_inc 17603934 multi_dec -1135557 quick_dec -2001150 nack_dec -1086671822
Flow Uec_717_0 flowId 279 uecSrc 278 finished at 4.83102e+06 total messages 1 total packets 24474 RTS 0 total bytes 100000764 in_flight now 0 fair_inc 0 prop_inc 0 fast_inc 0 eta_inc 17634501 multi_dec -1154814 quick_dec -1991069 nack_dec -1085900686
Flow Uec_927_0 flowId 909 uecSrc 908 finished at 4.83102e+06 total messages 1 total packets 24474 RTS 0 total bytes 100000764 in_flight now 0 fair_inc 0 prop_inc 0 fast_inc 0 eta_inc 17829864 multi_dec -1099907 quick_dec -1887257 nack_dec -1086885330
Flow Uec_463_0 flowId 503 uecSrc 502 finished at 4.83105e+06 total messages 1 total packets 24474 RTS 0 total bytes 100000764 in_flight now 0 fair_inc 0 prop_inc 0 fast_inc 0 eta_inc 17602605 multi_dec -1132066 quick_dec -1928671 nack_dec -1086319732
Flow Uec_78_0 flowId 206 uecSrc 205 finished at 4.83106e+06 total messages 1 total packets 24474 RTS 0 total bytes 100000764 in_flight now 0 fair_inc 0 prop_inc 0 fast_inc 0 eta_inc 17484324 multi_dec -1137193 quick_dec -1880705 nack_dec -1087478450
Flow Uec_547_0 flowId 385 uecSrc 384 finished at 4.83128e+06 total messages 1 total packets 24474 RTS 0 total bytes 100000764 in_flight now 0 fair_inc 0 prop_inc 0 fast_inc 0 eta_inc 17625198 multi_dec -1094607 quick_dec -1826889 nack_dec -1086649544
Flow Uec_580_0 flowId 628 uecSrc 627 finished at 4.83129e+06 total messages 1 total packets 24474 RTS 0 total bytes 100000764 in_flight now 0 fair_inc 0 prop_inc 0 fast_inc 0 eta_inc 17540142 multi_dec -1177149 quick_dec -1900115 nack_dec -1087189374
Flow Uec_990_0 flowId 701 uecSrc 700 finished at 4.83133e+06 total messages 1 total packets 24474 RTS 0 total bytes 100000764 in_flight now 0 fair_inc 0 prop_inc 0 fast_inc 0 eta_inc 17801955 multi_dec -1096578 quick_dec -1917089 nack_dec -1087826182
Flow Uec_196_0 flowId 348 uecSrc 347 finished at 4.83136e+06 total messages 1 total packets 24474 RTS 0 total bytes 100000764 in_flight now 0 fair_inc 0 prop_inc 0 fast_inc 0 eta_inc 17606592 multi_dec -1134911 quick_dec -1894590 nack_dec -1087162616
Flow Uec_878_0 flowId 791 uecSrc 790 finished at 4.83148e+06 total messages 1 total packets 24474 RTS 0 total bytes 100000764 in_flight now 0 fair_inc 0 prop_inc 0 fast_inc 0 eta_inc 17611908 multi_dec -1040733 quick_dec -1872523 nack_dec -1087657890
Flow Uec_766_0 flowId 193 uecSrc 192 finished at 4.83154e+06 total messages 1 total packets 24474 RTS 0 total bytes 100000764 in_flight now 0 fair_inc 0 prop_inc 0 fast_inc 0 eta_inc 17549445 multi_dec -1154862 quick_dec -1844010 nack_dec -1087006444
Flow Uec_509_0 flowId 782 uecSrc 781 finished at 4.83154e+06 total messages 1 total packets 24474 RTS 0 total bytes 100000764 in_flight now 0 fair_inc 0 prop_inc 0 fast_inc 0 eta_inc 17643804 multi_dec -1107385 quick_dec -1969140 nack_dec -1086721188
Flow Uec_73_0 flowId 811 uecSrc 810 finished at 4.83155e+06 total messages 1 total packets 24474 RTS 0 total bytes 100000764 in_flight now 0 fair_inc 0 prop_inc 0 fast_inc 0 eta_inc 17687661 multi_dec -1145198 quick_dec -1902096 nack_dec -1086647044
Flow Uec_627_0 flowId 690 uecSrc 689 finished at 4.83163e+06 total messages 1 total packets 24474 RTS 0 total bytes 100000764 in_flight now 0 fair_inc 0 prop_inc 0 fast_inc 0 eta_inc 17791323 multi_dec -1143564 quick_dec -1889239 nack_dec -1086279430
Flow Uec_436_0 flowId 471 uecSrc 470 finished at 4.83179e+06 total messages 1 total packets 24474 RTS 0 total bytes 100000764 in_flight now 0 fair_inc 0 prop_inc 0 fast_inc 0 eta_inc 17653107 multi_dec -1177547 quick_dec -1896543 nack_dec -1086504190
Flow Uec_624_0 flowId 860 uecSrc 859 finished at 4.83187e+06 total messages 1 total packets 24474 RTS 0 total bytes 100000764 in_flight now 0 fair_inc 0 prop_inc 0 fast_inc 0 eta_inc 17615895 multi_dec -1104314 quick_dec -1947025 nack_dec -1086918096
Flow Uec_553_0 flowId 872 uecSrc 871 finished at 4.8319e+06 total messages 1 total packets 24474 RTS 0 total bytes 100000764 in_flight now 0 fair_inc 0 prop_inc 0 fast_inc 0 eta_inc 17564064 multi_dec -1094886 quick_dec -1867430 nack_dec -1086786824
Flow Uec_410_0 flowId 37 uecSrc 36 finished at 4.83197e+06 total messages 1 total packets 24474 RTS 0 total bytes 100000764 in_flight now 0 fair_inc 0 prop_inc 0 fast_inc 0 eta_inc 17558748 multi_dec -1141384 quick_dec -1866784 nack_dec -1086370400
Flow Uec_839_0 flowId 694 uecSrc 693 finished at 4.83207e+06 total messages 1 total packets 24474 RTS 0 total bytes 100000764 in_flight now 0 fair_inc 0 prop_inc 0 fast_inc 0 eta_inc 17623869 multi_dec -1201075 quick_dec -1897610 nack_dec -1087642176
Flow Uec_1016_0 flowId 83 uecSrc 82 finished at 4.83236e+06 total messages 1 total packets 24474 RTS 0 total bytes 100000764 in_flight now 0 fair_inc 0 prop_inc 0 fast_inc 0 eta_inc 17764743 multi_dec -1195610 quick_dec -1980223 nack_dec -1085476622
Flow Uec_240_0 flowId 48 uecSrc 47 finished at 4.83239e+06 total messages 1 total packets 24474 RTS 0 total bytes 100000764 in_flight now 0 fair_inc 0 prop_inc 0 fast_inc 0 eta_inc 17710254 multi_dec -1153330 quick_dec -1929616 nack_dec -1086286966
Flow Uec_99_0 flowId 677 uecSrc 676 finished at 4.83261e+06 total messages 1 total packets 24474 RTS 0 total bytes 100000764 in_flight now 0 fair_inc 0 prop_inc 0 fast_inc 0 eta_inc 17633172 multi_dec -1102760 quick_dec -1836122 nack_dec -1087238844
Flow Uec_68_0 flowId 212 uecSrc 211 finished at 4.83264e+06 total messages 1 total packets 24474 RTS 0 total bytes 100000764 in_flight now 0 fair_inc 0 prop_inc 0 fast_inc 0 eta_inc 17792652 multi_dec -1102806 quick_dec -1946128 nack_dec -1086806150
Flow Uec_955_0 flowId 533 uecSrc 532 finished at 4.83276e+06 total messages 1 total packets 24474 RTS 0 total bytes 100000764 in_flight now 0 fair_inc 0 prop_inc 0 fast_inc 0 eta_inc 17696964 multi_dec -1068210 quick_dec -1919684 nack_dec -1086555518
Flow Uec_378_0 flowId 390 uecSrc 389 finished at 4.83276e+06 total messages 1 total packets 24474 RTS 0 total bytes 100000764 in_flight now 0 fair_inc 0 prop_inc 0 fast_inc 0 eta_inc 17707596 multi_dec -1183544 quick_dec -1893607 nack_dec -1086283910
Flow Uec_86_0 flowId 810 uecSrc 809 finished at 4.83281e+06 total messages 1 total packets 24474 RTS 0 total bytes 100000764 in_flight now 0 fair_inc 0 prop_inc 0 fast_inc 0 eta_inc 17732847 multi_dec -1153971 quick_dec -1960548 nack_dec -1087222244
Flow Uec_946_0 flowId 300 uecSrc 299 finished at 4.83281e+06 total messages 1 total packets 24474 RTS 0 total bytes 100000764 in_flight now 0 fair_inc 0 prop_inc 0 fast_inc 0 eta_inc 17577354 multi_dec -1113499 quick_dec -1906200 nack_dec -1087806196
Flow Uec_102_0 flowId 706 uecSrc 705 finished at 4.83289e+06 total messages 1 total packets 24474 RTS 0 total bytes 100000764 in_flight now 0 fair_inc 0 prop_inc 0 fast_inc 0 eta_inc 17803284 multi_dec -1116021 quick_dec -1865515 nack_dec -1087156608
Flow Uec_305_0 flowId 388 uecSrc 387 finished at 4.83291e+06 total messages 1 total packets 24474 RTS 0 total bytes 100000764 in_flight now 0 fair_inc 0 prop_inc 0 fast_inc 0 eta_inc 17687661 multi_dec -1133690 quick_dec -1966724 nack_dec -1086708408
Flow Uec_864_0 flowId 41 uecSrc 40 finished at 4.83291e+06 total messages 1 total packets 24474 RTS 0 total bytes 100000764 in_flight now 0 fair_inc 0 prop_inc 0 fast_inc 0 eta_inc 17817903 multi_dec -1143743 quick_dec -1947404 nack_dec -1087195486
Flow Uec_860_0 flowId 616 uecSrc 615 finished at 4.83293e+06 total messages 1 total packets 24474 RTS 0 total bytes 100000764 in_flight now 0 fair_inc 0 prop_inc 0 fast_inc 0 eta_inc 17666397 multi_dec -1067287 quick_dec -1953710 nack_dec -1087192100
Flow Uec_912_0 flowId 521 uecSrc 520 finished at 4.83302e+06 total messages 1 total packets 24474 RTS 0 total bytes 100000764 in_flight now 0 fair_inc 0 prop_inc 0 fast_inc 0 eta_inc 17599947 multi_dec -1057054 quick_dec -1885590 nack_dec -1087864400
Flow Uec_433_0 flowId 974 uecSrc 973 finished at 4.83309e+06 total messages 1 total packets 24474 RTS 0 total bytes 100000764 in_flight now 0 fair_inc 0 prop_inc 0 fast_inc 0 eta_inc 17536155 multi_dec -1069060 quick_dec -1931091 nack_dec -1086847650
Flow Uec_706_0 flowId 262 uecSrc 261 finished at 4.83314e+06 total messages 1 total packets 24474 RTS 0 total bytes 100000764 in_flight now 0 fair_inc 0 prop_inc 0 fast_inc 0 eta_inc 17727531 multi_dec -1101119 quick_dec -1878920 nack_dec -1088054536
Flow Uec_852_0 flowId 35 uecSrc 34 finished at 4.83349e+06 total messages 1 total packets 24474 RTS 0 total bytes 100000764 in_flight now 0 fair_inc 0 prop_inc 0 fast_inc 0 eta_inc 17565393 multi_dec -1161935 quick_dec -1854426 nack_dec -1086809536
Flow Uec_246_0 flowId 608 uecSrc 607 finished at 4.83364e+06 total messages 1 total packets 24474 RTS 0 total bytes 100000764 in_flight now 0 fair_inc 0 prop_inc 0 fast_inc 0 eta_inc 17529510 multi_dec -1099951 quick_dec -1909521 nack_dec -1087305244
Flow Uec_1010_0 flowId 676 uecSrc 675 finished at 4.83372e+06 total messages 1 total packets 24474 RTS 0 total bytes 100000764 in_flight now 0 fair_inc 0 prop_inc 0 fast_inc 0 eta_inc 17950803 multi_dec -1104808 quick_dec -1931129 nack_dec -1088013366
Flow Uec_841_0 flowId 855 uecSrc 854 finished at 4.83379e+06 total messages 1 total packets 24474 RTS 0 total bytes 100000764 in_flight now 0 fair_inc 0 prop_inc 0 fast_inc 0 eta_inc 17482995 multi_dec -1071392 quick_dec -1822594 nack_dec -1087419586
Flow Uec_831_0 flowId 663 uecSrc 662 finished at 4.83382e+06 total messages 1 total packets 24474 RTS 0 total bytes 100000764 in_flight now 0 fair_inc 0 prop_inc 0 fast_inc 0 eta_inc 17622540 multi_dec -1121167 quick_dec -1923903 nack_dec -1087353516
Flow Uec_217_0 flowId 221 uecSrc 220 finished at 4.83382e+06 total messages 1 total packets 24474 RTS 0 total bytes 100000764 in_flight now 0 fair_inc 0 prop_inc 0 fast_inc 0 eta_inc 17509575 multi_dec -1116213 quick_dec -1845760 nack_dec -1087369022
Flow Uec_492_0 flowId 919 uecSrc 918 finished at 4.83392e+06 total messages 1 total packets 24474 RTS 0 total bytes 100000764 in_flight now 0 fair_inc 0 prop_inc 0 fast_inc 0 eta_inc 17554761 multi_dec -1083336 quick_dec -1912956 nack_dec -1087541794
Flow Uec_967_0 flowId 261 uecSrc 260 finished at 4.834e+06 total messages 1 total packets 24474 RTS 0 total bytes 100000764 in_flight now 0 fair_inc 0 prop_inc 0 fast_inc 0 eta_inc 17646462 multi_dec -1145314 quick_dec -1967835 nack_dec -1086810196
Flow Uec_861_0 flowId 895 uecSrc 894 finished at 4.834e+06 total messages 1 total packets 24474 RTS 0 total bytes 100000764 in_flight now 0 fair_inc 0 prop_inc 0 fast_inc 0 eta_inc 17465718 multi_dec -1105600 quick_dec -1917628 nack_dec -1087991852
Flow Uec_124_0 flowId 942 uecSrc 941 finished at 4.83407e+06 total messages 1 total packets 24474 RTS 0 total bytes 100000764 in_flight now 0 fair_inc 0 prop_inc 0 fast_inc 0 eta_inc 17529510 multi_dec -1132580 quick_dec -1914781 nack_dec -1088750764
Flow Uec_992_0 flowId 139 uecSrc 138 finished at 4.83412e+06 total messages 1 total packets 24474 RTS 0 total bytes 100000764 in_flight now 0 fair_inc 0 prop_inc 0 fast_inc 0 eta_inc 17308896 multi_dec -1115576 quick_dec -1920433 nack_dec -1086580522
Flow Uec_321_0 flowId 580 uecSrc 579 finished at 4.83418e+06 total messages 1 total packets 24474 RTS 0 total bytes 100000764 in_flight now 0 fair_inc 0 prop_inc 0 fast_inc 0 eta_inc 17767401 multi_dec -1109917 quick_dec -1973688 nack_dec -1086885000
Flow Uec_749_0 flowId 474 uecSrc 473 finished at 4.83427e+06 total messages 1 total packets 24474 RTS 0 total bytes 100000764 in_flight now 0 fair_inc 0 prop_inc 0 fast_inc 0 eta_inc 17698293 multi_dec -1144629 quick_dec -1905717 nack_dec -1087220716
Flow Uec_1013_0 flowId 582 uecSrc 581 finished at 4.83431e+06 total messages 1 total packets 24474 RTS 0 total bytes 100000764 in_flight now 0 fair_inc 0 prop_inc 0 fast_inc 0 eta_inc 17568051 multi_dec -1182724 quick_dec -1868773 nack_dec -1087867352
Flow Uec_69_0 flowId 168 uecSrc 167 finished at 4.83431e+06 total messages 1 total packets 24474 RTS 0 total bytes 100000764 in_flight now 0 fair_inc 0 prop_inc 0 fast_inc 0 eta_inc 17742150 multi_dec -1088430 quick_dec -2010002 nack_dec -1087490796
Flow Uec_453_0 flowId 210 uecSrc 209 finished at 4.83439e+06 total messages 1 total packets 24474 RTS 0 total bytes 100000764 in_flight now 0 fair_inc 0 prop_inc 0 fast_inc 0 eta_inc 17467047 multi_dec -1147565 quick_dec -1821768 nack_dec -1087361816
Flow Uec_408_0 flowId 75 uecSrc 74 finished at 4.83448e+06 total messages 1 total packets 24474 RTS 0 total bytes 100000764 in_flight now 0 fair_inc 0 prop_inc 0 fast_inc 0 eta_inc 17564064 multi_dec -1077095 quick_dec -1941607 nack_dec -1087771572
Flow Uec_972_0 flowId 111 uecSrc 110 finished at 4.83464e+06 total messages 1 total packets 24474 RTS 0 total bytes 100000764 in_flight now 0 fair_inc 0 prop_inc 0 fast_inc 0 eta_inc 17665068 multi_dec -1128618 quick_dec -1905404 nack_dec -1087089444
Flow Uec_199_0 flowId 700 uecSrc 699 finished at 4.83469e+06 total messages 1 total packets 24474 RTS 0 total bytes 100000764 in_flight now 0 fair_inc 0 prop_inc 0 fast_inc 0 eta_inc 17488311 multi_dec -1116970 quick_dec -1891267 nack_dec -1088653994
Flow Uec_149_0 flowId 250 uecSrc 249 finished at 4.83469e+06 total messages 1 total packets 24474 RTS 0 total bytes 100000764 in_flight now 0 fair_inc 0 prop_inc 0 fast_inc 0 eta_inc 17650449 multi_dec -1197469 quick_dec -1876129 nack_dec -1087818750
Flow Uec_376_0 flowId 911 uecSrc 910 finished at 4.83471e+06 total messages 1 total packets 24474 RTS 0 total bytes 100000764 in_flight now 0 fair_inc 0 prop_inc 0 fast_inc 0 eta_inc 17801955 multi_dec -1167412 quick_dec -1843820 nack_dec -1087227158
Flow Uec_146_0 flowId 315 uecSrc 314 finished at 4.83477e+06 total messages 1 total packets 24474 RTS 0 total bytes 100000764 in_flight now 0 fair_inc 0 prop_inc 0 fast_inc 0 eta_inc 17662410 multi_dec -1121706 quick_dec -1874783 nack_dec -1088137536
Flow Uec_574_0 flowId 127 uecSrc 126 finished at 4.83485e+06 total messages 1 total packets 24474 RTS 0 total bytes 100000764 in_flight now 0 fair_inc 0 prop_inc 0 fast_inc 0 eta_inc 17433822 multi_dec -1054703 quick_dec -1815589 nack_dec -1088815410
Flow Uec_167_0 flowId 344 uecSrc 343 finished at 4.83486e+06 total messages 1 total packets 24474 RTS 0 total bytes 100000764 in_flight now 0 fair_inc 0 prop_inc 0 fast_inc 0 eta_inc 17336805 multi_dec -1139559 quick_dec -1912470 nack_dec -1087846932
Flow Uec_591_0 flowId 266 uecSrc 265 finished at 4.83493e+06 total messages 1 total packets 24474 RTS 0 total bytes 100000764 in_flight now 0 fair_inc 0 prop_inc 0 fast_inc 0 eta_inc 17681016 multi_dec -1111176 quick_dec -1918348 nack_dec -1087763272
Flow Uec_145_0 flowId 518 uecSrc 517 finished at 4.83498e+06 total messages 1 total packets 24474 RTS 0 total bytes 100000764 in_flight now 0 fair_inc 0 prop_inc 0 fast_inc 0 eta_inc 17577354 multi_dec -1079066 quick_dec -1932457 nack_dec -1088270128
Flow Uec_759_0 flowId 854 uecSrc 853 finished at 4.83504e+06 total messages 1 total packets 24474 RTS 0 total bytes 100000764 in_flight now 0 fair_inc 0 prop_inc 0 fast_inc 0 eta_inc 17742150 multi_dec -1132709 quick_dec -1913594 nack_dec -1087067600
Flow Uec_451_0 flowId 448 uecSrc 447 finished at 4.83511e+06 total messages 1 total packets 24474 RTS 0 total bytes 100000764 in_flight now 0 fair_inc 0 prop_inc 0 fast_inc 0 eta_inc 17541471 multi_dec -1061485 quick_dec -1887558 nack_dec -1086498946
Flow Uec_279_0 flowId 364 uecSrc 363 finished at 4.83521e+06 total messages 1 total packets 24474 RTS 0 total bytes 100000764 in_flight now 0 fair_inc 0 prop_inc 0 fast_inc 0 eta_inc 17585328 multi_dec -1090927 quick_dec -1884868 nack_dec -1087038550
Flow Uec_307_0 flowId 135 uecSrc 134 finished at 4.83528e+06 total messages 1 total packets 24474 RTS 0 total bytes 100000764 in_flight now 0 fair_inc 0 prop_inc 0 fast_inc 0 eta_inc 17685003 multi_dec -1093698 quick_dec -1887531 nack_dec -1087262980
Flow Uec_186_0 flowId 817 uecSrc 816 finished at 4.83547e+06 total messages 1 total packets 24474 RTS 0 total bytes 100000764 in_flight now 0 fair_inc 0 prop_inc 0 fast_inc 0 eta_inc 17526852 multi_dec -1167359 quick_dec -1790045 nack_dec -1087933752
Flow Uec_293_0 flowId 457 uecSrc 456 finished at 4.8355e+06 total messages 1 total packets 24474 RTS 0 total bytes 100000764 in_flight now 0 fair_inc 0 prop_inc 0 fast_inc 0 eta_inc 17573367 multi_dec -1145825 quick_dec -1929172 nack_dec -1088830916
Flow Uec_603_0 flowId 437 uecSrc 436 finished at 4.8355e+06 total messages 1 total packets 24474 RTS 0 total bytes 100000764 in_flight now 0 fair_inc 0 prop_inc 0 fast_inc 0 eta_inc 17475021 multi_dec -1075519 quick_dec -1926504 nack_dec -1088735136
Flow Uec_1011_0 flowId 351 uecSrc 350 finished at 4.8356e+06 total messages 1 total packets 24474 RTS 0 total bytes 100000764 in_flight now 0 fair_inc 0 prop_inc 0 fast_inc 0 eta_inc 17582670 multi_dec -1169537 quick_dec -1889331 nack_dec -1088003208
Flow Uec_72_0 flowId 796 uecSrc 795 finished at 4.83561e+06 total messages 1 total packets 24474 RTS 0 total bytes 100000764 in_flight now 0 fair_inc 0 prop_inc 0 fast_inc 0 eta_inc 17476350 multi_dec -1111979 quick_dec -1851773 nack_dec -1088274486
Flow Uec_922_0 flowId 204 uecSrc 203 finished at 4.83563e+06 total messages 1 total packets 24474 RTS 0 total bytes 100000764 in_flight now 0 fair_inc 0 prop_inc 0 fast_inc 0 eta_inc 17739492 multi_dec -1129980 quick_dec -1852881 nack_dec -1087710850
Flow Uec_544_0 flowId 526 uecSrc 525 finished at 4.83566e+06 total messages 1 total packets 24474 RTS 0 total bytes 100000764 in_flight now 0 fair_inc 0 prop_inc 0 fast_inc 0 eta_inc 17631843 multi_dec -1085808 quick_dec -1896600 nack_dec -1087770808
Flow Uec_179_0 flowId 368 uecSrc 367 finished at 4.83572e+06 total messages 1 total packets 24474 RTS 0 total bytes 100000764 in_flight now 0 fair_inc 0 prop_inc 0 fast_inc 0 eta_inc 17549445 multi_dec -1141511 quick_dec -1783992 nack_dec -1088796518
Flow Uec_858_0 flowId 953 uecSrc 952 finished at 4.83575e+06 total messages 1 total packets 24474 RTS 0 total bytes 100000764 in_flight now 0 fair_inc 0 prop_inc 0 fast_inc 0 eta_inc 17813916 multi_dec -1144066 quick_dec -1952689 nack_dec -1088163426
Flow Uec_191_0 flowId 947 uecSrc 946 finished at 4.83579e+06 total messages 1 total packets 24474 RTS 0 total bytes 100000764 in_flight now 0 fair_inc 0 prop_inc 0 fast_inc 0 eta_inc 17625198 multi_dec -1138364 quick_dec -1920507 nack_dec -1088617408
Flow Uec_887_0 flowId 354 uecSrc 353 finished at 4.83592e+06 total messages 1 total packets 24474 RTS 0 total bytes 100000764 in_flight now 0 fair_inc 0 prop_inc 0 fast_inc 0 eta_inc 17494956 multi_dec -1102182 quick_dec -1883401 nack_dec -1087808488
Flow Uec_450_0 flowId 902 uecSrc 901 finished at 4.83601e+06 total messages 1 total packets 24474 RTS 0 total bytes 100000764 in_flight now 0 fair_inc 0 prop_inc 0 fast_inc 0 eta_inc 17475021 multi_dec -1135369 quick_dec -1810506 nack_dec -1088263894
Flow Uec_981_0 flowId 566 uecSrc 565 finished at 4.83602e+06 total messages 1 total packets 24474 RTS 0 total bytes 100000764 in_flight now 0 fair_inc 0 prop_inc 0 fast_inc 0 eta_inc 17587986 multi_dec -1110801 quick_dec -1801707 nack_dec -1089033172
Flow Uec_500_0 flowId 1006 uecSrc 1005 finished at 4.83612e+06 total messages 1 total packets 24474 RTS 0 total bytes 100000764 in_flight now 0 fair_inc 0 prop_inc 0 fast_inc 0 eta_inc 17654436 multi_dec -1145058 quick_dec -1974176 nack_dec -1087789266
Flow Uec_370_0 flowId 561 uecSrc 560 finished at 4.83617e+06 total messages 1 total packets 24474 RTS 0 total bytes 100000764 in_flight now 0 fair_inc 0 prop_inc 0 fast_inc 0 eta_inc 17643804 multi_dec -1083110 quick_dec -1887318 nack_dec -1088710236
Flow Uec_338_0 flowId 353 uecSrc 352 finished at 4.83637e+06 total messages 1 total packets 24474 RTS 0 total bytes 100000764 in_flight now 0 fair_inc 0 prop_inc 0 fast_inc 0 eta_inc 17541471 multi_dec -1127324 quick_dec -1894849 nack_dec -1087659088
Flow Uec_405_0 flowId 742 uecSrc 741 finished at 4.83641e+06 total messages 1 total packets 24474 RTS 0 total bytes 100000764 in_flight now 0 fair_inc 0 prop_inc 0 fast_inc 0 eta_inc 17659752 multi_dec -1123930 quick_dec -1957695 nack_dec -1088829058
Flow Uec_817_0 flowId 916 uecSrc 915 finished at 4.83644e+06 total messages 1 total packets 24474 RTS 0 total bytes 100000764 in_flight now 0 fair_inc 0 prop_inc 0 fast_inc 0 eta_inc 17546787 multi_dec -1143432 quick_dec -1953904 nack_dec -1088648750
Flow Uec_774_0 flowId 805 uecSrc 804 finished at 4.83652e+06 total messages 1 total packets 24474 RTS 0 total bytes 100000764 in_flight now 0 fair_inc 0 prop_inc 0 fast_inc 0 eta_inc 17582670 multi_dec -1186047 quick_dec -1825465 nack_dec -1087880566
Flow Uec_612_0 flowId 157 uecSrc 156 finished at 4.83667e+06 total messages 1 total packets 24474 RTS 0 total bytes 100000764 in_flight now 0 fair_inc 0 prop_inc 0 fast_inc 0 eta_inc 17614566 multi_dec -1101047 quick_dec -1988716 nack_dec -1087661050
Flow Uec_1003_0 flowId 224 uecSrc 223 finished at 4.83671e+06 total messages 1 total packets 24474 RTS 0 total bytes 100000764 in_flight now 0 fair_inc 0 prop_inc 0 fast_inc 0 eta_inc 17615895 multi_dec -1129040 quick_dec -1909034 nack_dec -1087683658
Flow Uec_859_0 flowId 603 uecSrc 602 finished at 4.83675e+06 total messages 1 total packets 24474 RTS 0 total bytes 100000764 in_flight now 0 fair_inc 0 prop_inc 0 fast_inc 0 eta_inc 17576025 multi_dec -1129610 quick_dec -1838588 nack_dec -1089532266
Flow Uec_280_0 flowId 789 uecSrc 788 finished at 4.83676e+06 total messages 1 total packets 24474 RTS 0 total bytes 100000764 in_flight now 0 fair_inc 0 prop_inc 0 fast_inc 0 eta_inc 17534826 multi_dec -1046936 quick_dec -1891137 nack_dec -1089084500
Flow Uec_983_0 flowId 374 uecSrc 373 finished at 4.83679e+06 total messages 1 total packets 24474 RTS 0 total bytes 100000764 in_flight now 0 fair_inc 0 prop_inc 0 fast_inc 0 eta_inc 17625198 multi_dec -1075081 quick_dec -1884315 nack_dec -1088524910
Flow Uec_143_0 flowId 331 uecSrc 330 finished at 4.83693e+06 total messages 1 total packets 24474 RTS 0 total bytes 100000764 in_flight now 0 fair_inc 0 prop_inc 0 fast_inc 0 eta_inc 17720886 multi_dec -1135002 quick_dec -1918623 nack_dec -1088349516
Flow Uec_748_0 flowId 770 uecSrc 769 finished at 4.83695e+06 total messages 1 total packets 24474 RTS 0 total bytes 100000764 in_flight now 0 fair_inc 0 prop_inc 0 fast_inc 0 eta_inc 17643804 multi_dec -1145261 quick_dec -1947994 nack_dec -1088403466
Flow Uec_781_0 flowId 999 uecSrc 998 finished at 4.8371e+06 total messages 1 total packets 24474 RTS 0 total bytes 100000764 in_flight now 0 fair_inc 0 prop_inc 0 fast_inc 0 eta_inc 17568051 multi_dec -1165089 quick_dec -1956917 nack_dec -1087941722
Flow Uec_295_0 flowId 44 uecSrc 43 finished at 4.83713e+06 total messages 1 total packets 24474 RTS 0 total bytes 100000764 in_flight now 0 fair_inc 0 prop_inc 0 fast_inc 0 eta_inc 17685003 multi_dec -1131337 quick_dec -1880871 nack_dec -1088692872
Flow Uec_155_0 flowId 215 uecSrc 214 finished at 4.83714e+06 total messages 1 total packets 24474 RTS 0 total bytes 100000764 in_flight now 0 fair_inc 0 prop_inc 0 fast_inc 0 eta_inc 17694306 multi_dec -1117943 quick_dec -1856695 nack_dec -1087700918
Flow Uec_85_0 flowId 393 uecSrc 392 finished at 4.83718e+06 total messages 1 total packets 24474 RTS 0 total bytes 100000764 in_flight now 0 fair_inc 0 prop_inc 0 fast_inc 0 eta_inc 17702280 multi_dec -1113066 quick_dec -1931033 nack_dec -1087893450
Flow Uec_979_0 flowId 967 uecSrc 966 finished at 4.83725e+06 total messages 1 total packets 24474 RTS 0 total bytes 100000764 in_flight now 0 fair_inc 0 prop_inc 0 fast_inc 0 eta_inc 17687661 multi_dec -1150372 quick_dec -1881678 nack_dec -1087779004
Flow Uec_351_0 flowId 182 uecSrc 181 finished at 4.83729e+06 total messages 1 total packets 24474 RTS 0 total bytes 100000764 in_flight now 0 fair_inc 0 prop_inc 0 fast_inc 0 eta_inc 17780691 multi_dec -1146019 quick_dec -1959831 nack_dec -1088794660
Flow Uec_932_0 flowId 218 uecSrc 217 finished at 4.83732e+06 total messages 1 total packets 24474 RTS 0 total bytes 100000764 in_flight now 0 fair_inc 0 prop_inc 0 fast_inc 0 eta_inc 17617224 multi_dec -1086602 quick_dec -1855889 nack_dec -1089194814
Flow Uec_514_0 flowId 525 uecSrc 524 finished at 4.83733e+06 total messages 1 total packets 24474 RTS 0 total bytes 100000764 in_flight now 0 fair_inc 0 prop_inc 0 fast_inc 0 eta_inc 17569380 multi_dec -1148095 quick_dec -1867199 nack_dec -1088956180
Flow Uec_1012_0 flowId 496 uecSrc 495 finished at 4.83736e+06 total messages 1 total packets 24474 RTS 0 total bytes 100000764 in_flight now 0 fair_inc 0 prop_inc 0 fast_inc 0 eta_inc 17665068 multi_dec -1156213 quick_dec -1881323 nack_dec -1089914500
Flow Uec_150_0 flowId 761 uecSrc 760 finished at 4.83751e+06 total messages 1 total packets 24474 RTS 0 total bytes 100000764 in_flight now 0 fair_inc 0 prop_inc 0 fast_inc 0 eta_inc 17590644 multi_dec -1115928 quick_dec -1972254 nack_dec -1087804008
Flow Uec_734_0 flowId 726 uecSrc 725 finished at 4.83752e+06 total messages 1 total packets 24474 RTS 0 total bytes 100000764 in_flight now 0 fair_inc 0 prop_inc 0 fast_inc 0 eta_inc 17564064 multi_dec -1105786 quick_dec -1978035 nack_dec -1088062072
Flow Uec_647_0 flowId 737 uecSrc 736 finished at 4.83759e+06 total messages 1 total packets 24474 RTS 0 total bytes 100000764 in_flight now 0 fair_inc 0 prop_inc 0 fast_inc 0 eta_inc 17756769 multi_dec -1137502 quick_dec -1915700 nack_dec -1087821372
Flow Uec_833_0 flowId 836 uecSrc 835 finished at 4.83764e+06 total messages 1 total packets 24474 RTS 0 total bytes 100000764 in_flight now 0 fair_inc 0 prop_inc 0 fast_inc 0 eta_inc 17554761 multi_dec -1080706 quick_dec -1904771 nack_dec -1088833208
Flow Uec_847_0 flowId 705 uecSrc 704 finished at 4.83765e+06 total messages 1 total packets 24474 RTS 0 total bytes 100000764 in_flight now 0 fair_inc 0 prop_inc 0 fast_inc 0 eta_inc 17779362 multi_dec -1134022 quick_dec -1895124 nack_dec -1088190288
Flow Uec_304_0 flowId 943 uecSrc 942 finished at 4.83766e+06 total messages 1 total packets 24474 RTS 0 total bytes 100000764 in_flight now 0 fair_inc 0 prop_inc 0 fast_inc 0 eta_inc 17520207 multi_dec -1078073 quick_dec -1900895 nack_dec -1088448926
Flow Uec_836_0 flowId 454 uecSrc 453 finished at 4.8377e+06 total messages 1 total packets 24474 RTS 0 total bytes 100000764 in_flight now 0 fair_inc 0 prop_inc 0 fast_inc 0 eta_inc 17589315 multi_dec -1021350 quick_dec -1923171 nack_dec -1088539322
Flow Uec_659_0 flowId 461 uecSrc 460 finished at 4.8377e+06 total messages 1 total packets 24474 RTS 0 total bytes 100000764 in_flight now 0 fair_inc 0 prop_inc 0 fast_inc 0 eta_inc 17691648 multi_dec -1139538 quick_dec -1884942 nack_dec -1088108486
Flow Uec_244_0 flowId 33 uecSrc 32 finished at 4.83774e+06 total messages 1 total packets 24474 RTS 0 total bytes 100000764 in_flight now 0 fair_inc 0 prop_inc 0 fast_inc 0 eta_inc 17427177 multi_dec -1082034 quick_dec -1930159 nack_dec -1088604194
Flow Uec_299_0 flowId 652 uecSrc 651 finished at 4.83778e+06 total messages 1 total packets 24474 RTS 0 total bytes 100000764 in_flight now 0 fair_inc 0 prop_inc 0 fast_inc 0 eta_inc 17627856 multi_dec -1102027 quick_dec -1982263 nack_dec -1088198258
Flow Uec_758_0 flowId 25 uecSrc 24 finished at 4.83785e+06 total messages 1 total packets 24474 RTS 0 total bytes 100000764 in_flight now 0 fair_inc 0 prop_inc 0 fast_inc 0 eta_inc 17615895 multi_dec -1120547 quick_dec -1900416 nack_dec -1088631386
Flow Uec_114_0 flowId 187 uecSrc 186 finished at 4.83792e+06 total messages 1 total packets 24474 RTS 0 total bytes 100000764 in_flight now 0 fair_inc 0 prop_inc 0 fast_inc 0 eta_inc 17488311 multi_dec -1090178 quick_dec -1881888 nack_dec -1088432950
Flow Uec_564_0 flowId 819 uecSrc 818 finished at 4.83798e+06 total messages 1 total packets 24474 RTS 0 total bytes 100000764 in_flight now 0 fair_inc 0 prop_inc 0 fast_inc 0 eta_inc 17451099 multi_dec -1145314 quick_dec -1869726 nack_dec -1089447408
Flow Uec_507_0 flowId 38 uecSrc 37 finished at 4.83804e+06 total messages 1 total packets 24474 RTS 0 total bytes 100000764 in_flight now 0 fair_inc 0 prop_inc 0 fast_inc 0 eta_inc 17821890 multi_dec -1098783 quick_dec -1910960 nack_dec -1087948824
Flow Uec_480_0 flowId 20 uecSrc 19 finished at 4.83805e+06 total messages 1 total packets 24474 RTS 0 total bytes 100000764 in_flight now 0 fair_inc 0 prop_inc 0 fast_inc 0 eta_inc 17603934 multi_dec -1104317 quick_dec -1887690 nack_dec -1088052574
Flow Uec_224_0 flowId 283 uecSrc 282 finished at 4.83809e+06 total messages 1 total packets 24474 RTS 0 total bytes 100000764 in_flight now 0 fair_inc 0 prop_inc 0 fast_inc 0 eta_inc 17625198 multi_dec -1122254 quick_dec -1896320 nack_dec -1090187202
Flow Uec_882_0 flowId 183 uecSrc 182 finished at 4.83812e+06 total messages 1 total packets 24474 RTS 0 total bytes 100000764 in_flight now 0 fair_inc 0 prop_inc 0 fast_inc 0 eta_inc 17658423 multi_dec -1141436 quick_dec -1831140 nack_dec -1089933722
Flow Uec_212_0 flowId 512 uecSrc 511 finished at 4.83821e+06 total messages 1 total packets 24474 RTS 0 total bytes 100000764 in_flight now 0 fair_inc 0 prop_inc 0 fast_inc 0 eta_inc 17671713 multi_dec -1128328 quick_dec -1934411 nack_dec -1088057922
Flow Uec_225_0 flowId 960 uecSrc 959 finished at 4.83822e+06 total messages 1 total packets 24474 RTS 0 total bytes 100000764 in_flight now 0 fair_inc 0 prop_inc 0 fast_inc 0 eta_inc 17711583 multi_dec -1201160 quick_dec -1872428 nack_dec -1089047480
Flow Uec_639_0 flowId 829 uecSrc 828 finished at 4.83826e+06 total messages 1 total packets 24474 RTS 0 total bytes 100000764 in_flight now 0 fair_inc 0 prop_inc 0 fast_inc 0 eta_inc 17688990 multi_dec -1093732 quick_dec -1881072 nack_dec -1089601184
Flow Uec_508_0 flowId 1015 uecSrc 1014 finished at 4.83831e+06 total messages 1 total packets 24474 RTS 0 total bytes 100000764 in_flight now 0 fair_inc 0 prop_inc 0 fast_inc 0 eta_inc 17556090 multi_dec -1116107 quick_dec -1914450 nack_dec -1087762508
Flow Uec_896_0 flowId 158 uecSrc 157 finished at 4.83845e+06 total messages 1 total packets 24474 RTS 0 total bytes 100000764 in_flight now 0 fair_inc 0 prop_inc 0 fast_inc 0 eta_inc 17589315 multi_dec -1147379 quick_dec -1854400 nack_dec -1088905616
Flow Uec_375_0 flowId 427 uecSrc 426 finished at 4.83845e+06 total messages 1 total packets 24474 RTS 0 total bytes 100000764 in_flight now 0 fair_inc 0 prop_inc 0 fast_inc 0 eta_inc 17732847 multi_dec -1195949 quick_dec -1898427 nack_dec -1088318608
Flow Uec_593_0 flowId 882 uecSrc 881 finished at 4.83849e+06 total messages 1 total packets 24474 RTS 0 total bytes 100000764 in_flight now 0 fair_inc 0 prop_inc 0 fast_inc 0 eta_inc 17564064 multi_dec -1070588 quick_dec -1929223 nack_dec -1088872850
Flow Uec_777_0 flowId 74 uecSrc 73 finished at 4.8385e+06 total messages 1 total packets 24474 RTS 0 total bytes 100000764 in_flight now 0 fair_inc 0 prop_inc 0 fast_inc 0 eta_inc 17687661 multi_dec -1151513 quick_dec -1924668 nack_dec -1087988136
Flow Uec_885_0 flowId 253 uecSrc 252 finished at 4.83853e+06 total messages 1 total packets 24474 RTS 0 total bytes 100000764 in_flight now 0 fair_inc 0 prop_inc 0 fast_inc 0 eta_inc 17486982 multi_dec -1159101 quick_dec -1841855 nack_dec -1089364304
Flow Uec_137_0 flowId 666 uecSrc 665 finished at 4.83854e+06 total messages 1 total packets 24474 RTS 0 total bytes 100000764 in_flight now 0 fair_inc 0 prop_inc 0 fast_inc 0 eta_inc 17542800 multi_dec -1178010 quick_dec -1904203 nack_dec -1088942202
Flow Uec_604_0 flowId 922 uecSrc 921 finished at 4.83858e+06 total messages 1 total packets 24474 RTS 0 total bytes 100000764 in_flight now 0 fair_inc 0 prop_inc 0 fast_inc 0 eta_inc 17751453 multi_dec -1131455 quick_dec -1949597 nack_dec -1087835350
Flow Uec_716_0 flowId 159 uecSrc 158 finished at 4.8387e+06 total messages 1 total packets 24474 RTS 0 total bytes 100000764 in_flight now 0 fair_inc 0 prop_inc 0 fast_inc 0 eta_inc 17723544 multi_dec -1140673 quick_dec -1909973 nack_dec -1088662294
Flow Uec_683_0 flowId 11 uecSrc 10 finished at 4.83871e+06 total messages 1 total packets 24474 RTS 0 total bytes 100000764 in_flight now 0 fair_inc 0 prop_inc 0 fast_inc 0 eta_inc 17630514 multi_dec -1065218 quick_dec -1981198 nack_dec -1089031644
Flow Uec_391_0 flowId 977 uecSrc 976 finished at 4.83877e+06 total messages 1 total packets 24474 RTS 0 total bytes 100000764 in_flight now 0 fair_inc 0 prop_inc 0 fast_inc 0 eta_inc 17797968 multi_dec -1126694 quick_dec -1948755 nack_dec -1089523636
Flow Uec_505_0 flowId 699 uecSrc 698 finished at 4.83877e+06 total messages 1 total packets 24474 RTS 0 total bytes 100000764 in_flight now 0 fair_inc 0 prop_inc 0 fast_inc 0 eta_inc 17486982 multi_dec -1067494 quick_dec -1893191 nack_dec -1089228222
Flow Uec_808_0 flowId 1009 uecSrc 1008 finished at 4.83881e+06 total messages 1 total packets 24474 RTS 0 total bytes 100000764 in_flight now 0 fair_inc 0 prop_inc 0 fast_inc 0 eta_inc 17476350 multi_dec -1075751 quick_dec -1919255 nack_dec -1088609108
Flow Uec_256_0 flowId 803 uecSrc 802 finished at 4.83887e+06 total messages 1 total packets 24474 RTS 0 total bytes 100000764 in_flight now 0 fair_inc 0 prop_inc 0 fast_inc 0 eta_inc 17787336 multi_dec -1153479 quick_dec -1997809 nack_dec -1088197390
Flow Uec_176_0 flowId 713 uecSrc 712 finished at 4.83889e+06 total messages 1 total packets 24474 RTS 0 total bytes 100000764 in_flight now 0 fair_inc 0 prop_inc 0 fast_inc 0 eta_inc 17641146 multi_dec -1057054 quick_dec -1884607 nack_dec -1089756800
Flow Uec_911_0 flowId 292 uecSrc 291 finished at 4.8389e+06 total messages 1 total packets 24474 RTS 0 total bytes 100000764 in_flight now 0 fair_inc 0 prop_inc 0 fast_inc 0 eta_inc 17447112 multi_dec -982565 quick_dec -1907099 nack_dec -1088714386
Flow Uec_130_0 flowId 513 uecSrc 512 finished at 4.83902e+06 total messages 1 total packets 24474 RTS 0 total bytes 100000764 in_flight now 0 fair_inc 0 prop_inc 0 fast_inc 0 eta_inc 17637159 multi_dec -1168425 quick_dec -1876697 nack_dec -1089391496
Flow Uec_607_0 flowId 142 uecSrc 141 finished at 4.83904e+06 total messages 1 total packets 24474 RTS 0 total bytes 100000764 in_flight now 0 fair_inc 0 prop_inc 0 fast_inc 0 eta_inc 17762085 multi_dec -1138429 quick_dec -1914145 nack_dec -1088853958
Flow Uec_115_0 flowId 574 uecSrc 573 finished at 4.83905e+06 total messages 1 total packets 24474 RTS 0 total bytes 100000764 in_flight now 0 fair_inc 0 prop_inc 0 fast_inc 0 eta_inc 17619882 multi_dec -1122867 quick_dec -1898253 nack_dec -1088336736
Flow Uec_381_0 flowId 190 uecSrc 189 finished at 4.83918e+06 total messages 1 total packets 24474 RTS 0 total bytes 100000764 in_flight now 0 fair_inc 0 prop_inc 0 fast_inc 0 eta_inc 17720886 multi_dec -1147390 quick_dec -1920223 nack_dec -1088615550
Flow Uec_609_0 flowId 32 uecSrc 31 finished at 4.83924e+06 total messages 1 total packets 24474 RTS 0 total bytes 100000764 in_flight now 0 fair_inc 0 prop_inc 0 fast_inc 0 eta_inc 17607921 multi_dec -1133644 quick_dec -1953376 nack_dec -1088685336
Flow Uec_483_0 flowId 238 uecSrc 237 finished at 4.83927e+06 total messages 1 total packets 24474 RTS 0 total bytes 100000764 in_flight now 0 fair_inc 0 prop_inc 0 fast_inc 0 eta_inc 17712912 multi_dec -1108553 quick_dec -1958697 nack_dec -1089215008
Flow Uec_849_0 flowId 531 uecSrc 530 finished at 4.83936e+06 total messages 1 total packets 24474 RTS 0 total bytes 100000764 in_flight now 0 fair_inc 0 prop_inc 0 fast_inc 0 eta_inc 17643804 multi_dec -1106699 quick_dec -1862194 nack_dec -1089325200
Flow Uec_711_0 flowId 522 uecSrc 521 finished at 4.83941e+06 total messages 1 total packets 24474 RTS 0 total bytes 100000764 in_flight now 0 fair_inc 0 prop_inc 0 fast_inc 0 eta_inc 17715570 multi_dec -1142502 quick_dec -1899619 nack_dec -1089531502
Flow Uec_347_0 flowId 655 uecSrc 654 finished at 4.83943e+06 total messages 1 total packets 24474 RTS 0 total bytes 100000764 in_flight now 0 fair_inc 0 prop_inc 0 fast_inc 0 eta_inc 17544129 multi_dec -1079794 quick_dec -1954442 nack_dec -1088801102
Flow Uec_339_0 flowId 192 uecSrc 191 finished at 4.83945e+06 total messages 1 total packets 24474 RTS 0 total bytes 100000764 in_flight now 0 fair_inc 0 prop_inc 0 fast_inc 0 eta_inc 17536155 multi_dec -1115519 quick_dec -1859292 nack_dec -1090160010
Flow Uec_172_0 flowId 795 uecSrc 794 finished at 4.83948e+06 total messages 1 total packets 24474 RTS 0 total bytes 100000764 in_flight now 0 fair_inc 0 prop_inc 0 fast_inc 0 eta_inc 17459073 multi_dec -1053826 quick_dec -1950229 nack_dec -1090045772
Flow Uec_765_0 flowId 78 uecSrc 77 finished at 4.83963e+06 total messages 1 total packets 24474 RTS 0 total bytes 100000764 in_flight now 0 fair_inc 0 prop_inc 0 fast_inc 0 eta_inc 17714241 multi_dec -1138208 quick_dec -1881972 nack_dec -1088847950
Flow Uec_160_0 flowId 399 uecSrc 398 finished at 4.83966e+06 total messages 1 total packets 24474 RTS 0 total bytes 100000764 in_flight now 0 fair_inc 0 prop_inc 0 fast_inc 0 eta_inc 17585328 multi_dec -1127842 quick_dec -1933127 nack_dec -1089400994
Flow Uec_867_0 flowId 925 uecSrc 924 finished at 4.83966e+06 total messages 1 total packets 24474 RTS 0 total bytes 100000764 in_flight now 0 fair_inc 0 prop_inc 0 fast_inc 0 eta_inc 17683674 multi_dec -1128354 quick_dec -1903045 nack_dec -1088450436
Flow Uec_346_0 flowId 66 uecSrc 65 finished at 4.83967e+06 total messages 1 total packets 24474 RTS 0 total bytes 100000764 in_flight now 0 fair_inc 0 prop_inc 0 fast_inc 0 eta_inc 17564064 multi_dec -1131337 quick_dec -1970103 nack_dec -1089595280
Flow Uec_187_0 flowId 134 uecSrc 133 finished at 4.8397e+06 total messages 1 total packets 24474 RTS 0 total bytes 100000764 in_flight now 0 fair_inc 0 prop_inc 0 fast_inc 0 eta_inc 17665068 multi_dec -1105587 quick_dec -1888112 nack_dec -1089408200
Flow Uec_771_0 flowId 593 uecSrc 592 finished at 4.83974e+06 total messages 1 total packets 24474 RTS 0 total bytes 100000764 in_flight now 0 fair_inc 0 prop_inc 0 fast_inc 0 eta_inc 17544129 multi_dec -1124157 quick_dec -1912100 nack_dec -1088718536
Flow Uec_318_0 flowId 727 uecSrc 726 finished at 4.83978e+06 total messages 1 total packets 24474 RTS 0 total bytes 100000764 in_flight now 0 fair_inc 0 prop_inc 0 fast_inc 0 eta_inc 17520207 multi_dec -1081659 quick_dec -1921099 nack_dec -1089201030
Flow Uec_540_0 flowId 363 uecSrc 362 finished at 4.8398e+06 total messages 1 total packets 24474 RTS 0 total bytes 100000764 in_flight now 0 fair_inc 0 prop_inc 0 fast_inc 0 eta_inc 17566722 multi_dec -1147002 quick_dec -1819417 nack_dec -1088990144
Flow Uec_121_0 flowId 1016 uecSrc 1015 finished at 4.83985e+06 total messages 1 total packets 24474 RTS 0 total bytes 100000764 in_flight now 0 fair_inc 0 prop_inc 0 fast_inc 0 eta_inc 17687661 multi_dec -1142539 quick_dec -1913173 nack_dec -1089914500
Flow Uec_901_0 flowId 58 uecSrc 57 finished at 4.83989e+06 total messages 1 total packets 24474 RTS 0 total bytes 100000764 in_flight now 0 fair_inc 0 prop_inc 0 fast_inc 0 eta_inc 17708925 multi_dec -1170757 quick_dec -1954426 nack_dec -1089325096
Flow Uec_838_0 flowId 612 uecSrc 611 finished at 4.83997e+06 total messages 1 total packets 24474 RTS 0 total bytes 100000764 in_flight now 0 fair_inc 0 prop_inc 0 fast_inc 0 eta_inc 17561406 multi_dec -1131828 quick_dec -1916710 nack_dec -1089515336
Flow Uec_773_0 flowId 806 uecSrc 805 finished at 4.84001e+06 total messages 1 total packets 24474 RTS 0 total bytes 100000764 in_flight now 0 fair_inc 0 prop_inc 0 fast_inc 0 eta_inc 17606592 multi_dec -1134685 quick_dec -1924001 nack_dec -1088354430
Flow Uec_396_0 flowId 777 uecSrc 776 finished at 4.84005e+06 total messages 1 total packets 24474 RTS 0 total bytes 100000764 in_flight now 0 fair_inc 0 prop_inc 0 fast_inc 0 eta_inc 17716899 multi_dec -1146910 quick_dec -1883571 nack_dec -1088802526
Flow Uec_571_0 flowId 255 uecSrc 254 finished at 4.84013e+06 total messages 1 total packets 24474 RTS 0 total bytes 100000764 in_flight now 0 fair_inc 0 prop_inc 0 fast_inc 0 eta_inc 17756769 multi_dec -1175049 quick_dec -1926229 nack_dec -1088749774
Flow Uec_395_0 flowId 63 uecSrc 62 finished at 4.84014e+06 total messages 1 total packets 24474 RTS 0 total bytes 100000764 in_flight now 0 fair_inc 0 prop_inc 0 fast_inc 0 eta_inc 17677029 multi_dec -1139362 quick_dec -1881747 nack_dec -1089067466
Flow Uec_587_0 flowId 24 uecSrc 23 finished at 4.84018e+06 total messages 1 total packets 24474 RTS 0 total bytes 100000764 in_flight now 0 fair_inc 0 prop_inc 0 fast_inc 0 eta_inc 17704938 multi_dec -1130051 quick_dec -1883083 nack_dec -1089253886
Flow Uec_755_0 flowId 658 uecSrc 657 finished at 4.8402e+06 total messages 1 total packets 24474 RTS 0 total bytes 100000764 in_flight now 0 fair_inc 0 prop_inc 0 fast_inc 0 eta_inc 17574696 multi_dec -1059688 quick_dec -1886903 nack_dec -1089640600
Flow Uec_786_0 flowId 998 uecSrc 997 finished at 4.84022e+06 total messages 1 total packets 24474 RTS 0 total bytes 100000764 in_flight now 0 fair_inc 0 prop_inc 0 fast_inc 0 eta_inc 17611908 multi_dec -1165287 quick_dec -1903545 nack_dec -1089323672
Flow Uec_105_0 flowId 988 uecSrc 987 finished at 4.84023e+06 total messages 1 total packets 24474 RTS 0 total bytes 100000764 in_flight now 0 fair_inc 0 prop_inc 0 fast_inc 0 eta_inc 17417874 multi_dec -1129318 quick_dec -1808522 nack_dec -1089553450
Flow Uec_876_0 flowId 554 uecSrc 553 finished at 4.84025e+06 total messages 1 total packets 24474 RTS 0 total bytes 100000764 in_flight now 0 fair_inc 0 prop_inc 0 fast_inc 0 eta_inc 17409900 multi_dec -1048548 quick_dec -1844188 nack_dec -1089628150
Flow Uec_934_0 flowId 109 uecSrc 108 finished at 4.84033e+06 total messages 1 total packets 24474 RTS 0 total bytes 100000764 in_flight now 0 fair_inc 0 prop_inc 0 fast_inc 0 eta_inc 17722215 multi_dec -1200361 quick_dec -1964812 nack_dec -1089102524
Flow Uec_807_0 flowId 614 uecSrc 613 finished at 4.84034e+06 total messages 1 total packets 24474 RTS 0 total bytes 100000764 in_flight now 0 fair_inc 0 prop_inc 0 fast_inc 0 eta_inc 17577354 multi_dec -1148730 quick_dec -1941581 nack_dec -1089185958
Flow Uec_237_0 flowId 962 uecSrc 961 finished at 4.8404e+06 total messages 1 total packets 24474 RTS 0 total bytes 100000764 in_flight now 0 fair_inc 0 prop_inc 0 fast_inc 0 eta_inc 17683674 multi_dec -1173175 quick_dec -1834269 nack_dec -1090640750
Flow Uec_910_0 flowId 871 uecSrc 870 finished at 4.84043e+06 total messages 1 total packets 24474 RTS 0 total bytes 100000764 in_flight now 0 fair_inc 0 prop_inc 0 fast_inc 0 eta_inc 17541471 multi_dec -1070979 quick_dec -1870443 nack_dec -1088825134
Flow Uec_664_0 flowId 788 uecSrc 787 finished at 4.84045e+06 total messages 1 total packets 24474 RTS 0 total bytes 100000764 in_flight now 0 fair_inc 0 prop_inc 0 fast_inc 0 eta_inc 17598618 multi_dec -1065386 quick_dec -1939946 nack_dec -1089749594
Flow Uec_534_0 flowId 896 uecSrc 895 finished at 4.84047e+06 total messages 1 total packets 24474 RTS 0 total bytes 100000764 in_flight now 0 fair_inc 0 prop_inc 0 fast_inc 0 eta_inc 17708925 multi_dec -1147564 quick_dec -1940598 nack_dec -1088208086
Flow Uec_365_0 flowId 569 uecSrc 568 finished at 4.84048e+06 total messages 1 total packets 24474 RTS 0 total bytes 100000764 in_flight now 0 fair_inc 0 prop_inc 0 fast_inc 0 eta_inc 17775375 multi_dec -1190086 quick_dec -1911284 nack_dec -1089885450
Flow Uec_372_0 flowId 149 uecSrc 148 finished at 4.8405e+06 total messages 1 total packets 24474 RTS 0 total bytes 100000764 in_flight now 0 fair_inc 0 prop_inc 0 fast_inc 0 eta_inc 17788665 multi_dec -1152640 quick_dec -1975739 nack_dec -1089026400
Flow Uec_220_0 flowId 30 uecSrc 29 finished at 4.8406e+06 total messages 1 total packets 24474 RTS 0 total bytes 100000764 in_flight now 0 fair_inc 0 prop_inc 0 fast_inc 0 eta_inc 17734176 multi_dec -1138416 quick_dec -1879233 nack_dec -1090062372
Flow Uec_477_0 flowId 68 uecSrc 67 finished at 4.84065e+06 total messages 1 total packets 24474 RTS 0 total bytes 100000764 in_flight now 0 fair_inc 0 prop_inc 0 fast_inc 0 eta_inc 17479008 multi_dec -1136120 quick_dec -1867215 nack_dec -1089677950
Flow Uec_640_0 flowId 800 uecSrc 799 finished at 4.84066e+06 total messages 1 total packets 24474 RTS 0 total bytes 100000764 in_flight now 0 fair_inc 0 prop_inc 0 fast_inc 0 eta_inc 17595960 multi_dec -1096980 quick_dec -1918636 nack_dec -1091230050
Flow Uec_610_0 flowId 587 uecSrc 586 finished at 4.84068e+06 total messages 1 total packets 24474 RTS 0 total bytes 100000764 in_flight now 0 fair_inc 0 prop_inc 0 fast_inc 0 eta_inc 17801955 multi_dec -1124263 quick_dec -1994574 nack_dec -1089776352
Flow Uec_67_0 flowId 669 uecSrc 668 finished at 4.84069e+06 total messages 1 total packets 24474 RTS 0 total bytes 100000764 in_flight now 0 fair_inc 0 prop_inc 0 fast_inc 0 eta_inc 17581341 multi_dec -1128910 quick_dec -1873083 nack_dec -1089433430
Flow Uec_352_0 flowId 776 uecSrc 775 finished at 4.84073e+06 total messages 1 total packets 24474 RTS 0 total bytes 100000764 in_flight now 0 fair_inc 0 prop_inc 0 fast_inc 0 eta_inc 17716899 multi_dec -1169554 quick_dec -1901806 nack_dec -1088929422
Flow Uec_140_0 flowId 311 uecSrc 310 finished at 4.84075e+06 total messages 1 total packets 24474 RTS 0 total bytes 100000764 in_flight now 0 fair_inc 0 prop_inc 0 fast_inc 0 eta_inc 17619882 multi_dec -1105868 quick_dec -1944748 nack_dec -1089090838
Flow Uec_70_0 flowId 288 uecSrc 287 finished at 4.84077e+06 total messages 1 total packets 24474 RTS 0 total bytes 100000764 in_flight now 0 fair_inc 0 prop_inc 0 fast_inc 0 eta_inc 17475021 multi_dec -1092702 quick_dec -1900903 nack_dec -1090361936
Flow Uec_663_0 flowId 880 uecSrc 879 finished at 4.84086e+06 total messages 1 total packets 24474 RTS 0 total bytes 100000764 in_flight now 0 fair_inc 0 prop_inc 0 fast_inc 0 eta_inc 17631843 multi_dec -1134433 quick_dec -1898191 nack_dec -1088469536
Flow Uec_543_0 flowId 164 uecSrc 163 finished at 4.84087e+06 total messages 1 total packets 24474 RTS 0 total bytes 100000764 in_flight now 0 fair_inc 0 prop_inc 0 fast_inc 0 eta_inc 17770059 multi_dec -1088441 quick_dec -1902863 nack_dec -1090761100
Flow Uec_400_0 flowId 1002 uecSrc 1001 finished at 4.84087e+06 total messages 1 total packets 24474 RTS 0 total bytes 100000764 in_flight now 0 fair_inc 0 prop_inc 0 fast_inc 0 eta_inc 17545458 multi_dec -1171921 quick_dec -1858501 nack_dec -1089898560
Flow Uec_926_0 flowId 693 uecSrc 692 finished at 4.84087e+06 total messages 1 total packets 24474 RTS 0 total bytes 100000764 in_flight now 0 fair_inc 0 prop_inc 0 fast_inc 0 eta_inc 17598618 multi_dec -1161030 quick_dec -1834681 nack_dec -1090357022
Flow Uec_879_0 flowId 126 uecSrc 125 finished at 4.84093e+06 total messages 1 total packets 24474 RTS 0 total bytes 100000764 in_flight now 0 fair_inc 0 prop_inc 0 fast_inc 0 eta_inc 17630514 multi_dec -1085128 quick_dec -1979288 nack_dec -1089892986
Flow Uec_667_0 flowId 306 uecSrc 305 finished at 4.84095e+06 total messages 1 total packets 24474 RTS 0 total bytes 100000764 in_flight now 0 fair_inc 0 prop_inc 0 fast_inc 0 eta_inc 17603934 multi_dec -1071764 quick_dec -1909215 nack_dec -1088706850
Flow Uec_377_0 flowId 656 uecSrc 655 finished at 4.84098e+06 total messages 1 total packets 24474 RTS 0 total bytes 100000764 in_flight now 0 fair_inc 0 prop_inc 0 fast_inc 0 eta_inc 17570709 multi_dec -1050225 quick_dec -1889549 nack_dec -1088644166
Flow Uec_319_0 flowId 341 uecSrc 340 finished at 4.841e+06 total messages 1 total packets 24474 RTS 0 total bytes 100000764 in_flight now 0 fair_inc 0 prop_inc 0 fast_inc 0 eta_inc 17572038 multi_dec -1155499 quick_dec -1924021 nack_dec -1088981844
Flow Uec_666_0 flowId 982 uecSrc 981 finished at 4.84103e+06 total messages 1 total packets 24474 RTS 0 total bytes 100000764 in_flight now 0 fair_inc 0 prop_inc 0 fast_inc 0 eta_inc 17856444 multi_dec -1127345 quick_dec -1917069 nack_dec -1090200850
Flow Uec_1008_0 flowId 768 uecSrc 767 finished at 4.84111e+06 total messages 1 total packets 24474 RTS 0 total bytes 100000764 in_flight now 0 fair_inc 0 prop_inc 0 fast_inc 0 eta_inc 17657094 multi_dec -1096939 quick_dec -1907674 nack_dec -1089399136
Flow Uec_599_0 flowId 818 uecSrc 817 finished at 4.84116e+06 total messages 1 total packets 24474 RTS 0 total bytes 100000764 in_flight now 0 fair_inc 0 prop_inc 0 fast_inc 0 eta_inc 17566722 multi_dec -1125453 quick_dec -1912609 nack_dec -1089165972
Flow Uec_672_0 flowId 293 uecSrc 292 finished at 4.84116e+06 total messages 1 total packets 24474 RTS 0 total bytes 100000764 in_flight now 0 fair_inc 0 prop_inc 0 fast_inc 0 eta_inc 17611908 multi_dec -1101380 quick_dec -1930399 nack_dec -1089199172
Flow Uec_680_0 flowId 901 uecSrc 900 finished at 4.8412e+06 total messages 1 total packets 24474 RTS 0 total bytes 100000764 in_flight now 0 fair_inc 0 prop_inc 0 fast_inc 0 eta_inc 17643804 multi_dec -1102977 quick_dec -1883219 nack_dec -1089840894
Flow Uec_678_0 flowId 259 uecSrc 258 finished at 4.8412e+06 total messages 1 total packets 24474 RTS 0 total bytes 100000764 in_flight now 0 fair_inc 0 prop_inc 0 fast_inc 0 eta_inc 17742150 multi_dec -1101272 quick_dec -1895444 nack_dec -1088504594
Flow Uec_592_0 flowId 866 uecSrc 865 finished at 4.84146e+06 total messages 1 total packets 24474 RTS 0 total bytes 100000764 in_flight now 0 fair_inc 0 prop_inc 0 fast_inc 0 eta_inc 17714241 multi_dec -1153342 quick_dec -1894906 nack_dec -1089318324
Flow Uec_676_0 flowId 862 uecSrc 861 finished at 4.84148e+06 total messages 1 total packets 24474 RTS 0 total bytes 100000764 in_flight now 0 fair_inc 0 prop_inc 0 fast_inc 0 eta_inc 17601276 multi_dec -1091123 quick_dec -1968565 nack_dec -1089008272
Flow Uec_762_0 flowId 917 uecSrc 916 finished at 4.84148e+06 total messages 1 total packets 24474 RTS 0 total bytes 100000764 in_flight now 0 fair_inc 0 prop_inc 0 fast_inc 0 eta_inc 17449770 multi_dec -1086058 quick_dec -1853362 nack_dec -1090893900
Flow Uec_600_0 flowId 433 uecSrc 432 finished at 4.84148e+06 total messages 1 total packets 24474 RTS 0 total bytes 100000764 in_flight now 0 fair_inc 0 prop_inc 0 fast_inc 0 eta_inc 17587986 multi_dec -1101373 quick_dec -2003219 nack_dec -1088735900
Flow Uec_219_0 flowId 679 uecSrc 678 finished at 4.84149e+06 total messages 1 total packets 24474 RTS 0 total bytes 100000764 in_flight now 0 fair_inc 0 prop_inc 0 fast_inc 0 eta_inc 17803284 multi_dec -1136699 quick_dec -1927210 nack_dec -1090136638
Flow Uec_856_0 flowId 1003 uecSrc 1002 finished at 4.84154e+06 total messages 1 total packets 24474 RTS 0 total bytes 100000764 in_flight now 0 fair_inc 0 prop_inc 0 fast_inc 0 eta_inc 17514891 multi_dec -1123946 quick_dec -1860950 nack_dec -1089490436
Flow Uec_674_0 flowId 60 uecSrc 59 finished at 4.84158e+06 total messages 1 total packets 24474 RTS 0 total bytes 100000764 in_flight now 0 fair_inc 0 prop_inc 0 fast_inc 0 eta_inc 17601276 multi_dec -1098922 quick_dec -1913362 nack_dec -1090018250
Flow Uec_813_0 flowId 69 uecSrc 68 finished at 4.84165e+06 total messages 1 total packets 24474 RTS 0 total bytes 100000764 in_flight now 0 fair_inc 0 prop_inc 0 fast_inc 0 eta_inc 17782020 multi_dec -1138378 quick_dec -1887906 nack_dec -1088975072
Flow Uec_426_0 flowId 420 uecSrc 419 finished at 4.84171e+06 total messages 1 total packets 24474 RTS 0 total bytes 100000764 in_flight now 0 fair_inc 0 prop_inc 0 fast_inc 0 eta_inc 17666397 multi_dec -1157110 quick_dec -1932446 nack_dec -1090080066
Flow Uec_930_0 flowId 547 uecSrc 546 finished at 4.84174e+06 total messages 1 total packets 24474 RTS 0 total bytes 100000764 in_flight now 0 fair_inc 0 prop_inc 0 fast_inc 0 eta_inc 17831193 multi_dec -1126810 quick_dec -1918793 nack_dec -1090134450
Flow Uec_262_0 flowId 1017 uecSrc 1016 finished at 4.84174e+06 total messages 1 total packets 24474 RTS 0 total bytes 100000764 in_flight now 0 fair_inc 0 prop_inc 0 fast_inc 0 eta_inc 17576025 multi_dec -1097384 quick_dec -1888709 nack_dec -1088528730
Flow Uec_358_0 flowId 121 uecSrc 120 finished at 4.8419e+06 total messages 1 total packets 24474 RTS 0 total bytes 100000764 in_flight now 0 fair_inc 0 prop_inc 0 fast_inc 0 eta_inc 17654436 multi_dec -1119963 quick_dec -1874515 nack_dec -1090164924
Flow Uec_908_0 flowId 784 uecSrc 783 finished at 4.84207e+06 total messages 1 total packets 24474 RTS 0 total bytes 100000764 in_flight now 0 fair_inc 0 prop_inc 0 fast_inc 0 eta_inc 17393952 multi_dec -1073864 quick_dec -1961947 nack_dec -1089358730
Flow Uec_129_0 flowId 733 uecSrc 732 finished at 4.84212e+06 total messages 1 total packets 24474 RTS 0 total bytes 100000764 in_flight now 0 fair_inc 0 prop_inc 0 fast_inc 0 eta_inc 17625198 multi_dec -1072389 quick_dec -1902885 nack_dec -1089665500
Flow Uec_185_0 flowId 229 uecSrc 228 finished at 4.84213e+06 total messages 1 total packets 24474 RTS 0 total bytes 100000764 in_flight now 0 fair_inc 0 prop_inc 0 fast_inc 0 eta_inc 17666397 multi_dec -1110190 quick_dec -1874148 nack_dec -1089539472
Flow Uec_1002_0 flowId 696 uecSrc 695 finished at 4.84216e+06 total messages 1 total packets 24474 RTS 0 total bytes 100000764 in_flight now 0 fair_inc 0 prop_inc 0 fast_inc 0 eta_inc 17607921 multi_dec -1117636 quick_dec -1852342 nack_dec -1089410822
Flow Uec_579_0 flowId 723 uecSrc 722 finished at 4.84217e+06 total messages 1 total packets 24474 RTS 0 total bytes 100000764 in_flight now 0 fair_inc 0 prop_inc 0 fast_inc 0 eta_inc 17647791 multi_dec -1136603 quick_dec -1909732 nack_dec -1089623236
Flow Uec_415_0 flowId 869 uecSrc 868 finished at 4.8422e+06 total messages 1 total packets 24474 RTS 0 total bytes 100000764 in_flight now 0 fair_inc 0 prop_inc 0 fast_inc 0 eta_inc 17634501 multi_dec -1082915 quick_dec -1930100 nack_dec -1090131724
Flow Uec_243_0 flowId 3 uecSrc 2 finished at 4.8423e+06 total messages 1 total packets 24474 RTS 0 total bytes 100000764 in_flight now 0 fair_inc 0 prop_inc 0 fast_inc 0 eta_inc 17690319 multi_dec -1114262 quick_dec -1929097 nack_dec -1089920074
Flow Uec_974_0 flowId 935 uecSrc 934 finished at 4.8423e+06 total messages 1 total packets 24474 RTS 0 total bytes 100000764 in_flight now 0 fair_inc 0 prop_inc 0 fast_inc 0 eta_inc 17720886 multi_dec -1123339 quick_dec -1874319 nack_dec -1089344422
Flow Uec_442_0 flowId 485 uecSrc 484 finished at 4.84232e+06 total messages 1 total packets 24474 RTS 0 total bytes 100000764 in_flight now 0 fair_inc 0 prop_inc 0 fast_inc 0 eta_inc 17500272 multi_dec -1101055 quick_dec -1860691 nack_dec -1089381772
Flow Uec_559_0 flowId 222 uecSrc 221 finished at 4.84233e+06 total messages 1 total packets 24474 RTS 0 total bytes 100000764 in_flight now 0 fair_inc 0 prop_inc 0 fast_inc 0 eta_inc 17679687 multi_dec -1142580 quick_dec -1894266 nack_dec -1089740200
Flow Uec_285_0 flowId 240 uecSrc 239 finished at 4.84234e+06 total messages 1 total packets 24474 RTS 0 total bytes 100000764 in_flight now 0 fair_inc 0 prop_inc 0 fast_inc 0 eta_inc 17457744 multi_dec -1084219 quick_dec -1838460 nack_dec -1090135544
Flow Uec_428_0 flowId 205 uecSrc 204 finished at 4.84234e+06 total messages 1 total packets 24474 RTS 0 total bytes 100000764 in_flight now 0 fair_inc 0 prop_inc 0 fast_inc 0 eta_inc 17625198 multi_dec -1098084 quick_dec -1940685 nack_dec -1088664482
Flow Uec_780_0 flowId 1014 uecSrc 1013 finished at 4.84235e+06 total messages 1 total packets 24474 RTS 0 total bytes 100000764 in_flight now 0 fair_inc 0 prop_inc 0 fast_inc 0 eta_inc 17498943 multi_dec -1148493 quick_dec -1896962 nack_dec -1089935250
Flow Uec_818_0 flowId 493 uecSrc 492 finished at 4.84237e+06 total messages 1 total packets 24474 RTS 0 total bytes 100000764 in_flight now 0 fair_inc 0 prop_inc 0 fast_inc 0 eta_inc 17734176 multi_dec -1141599 quick_dec -1896510 nack_dec -1089730372
Flow Uec_556_0 flowId 596 uecSrc 595 finished at 4.84239e+06 total messages 1 total packets 24474 RTS 0 total bytes 100000764 in_flight now 0 fair_inc 0 prop_inc 0 fast_inc 0 eta_inc 17378004 multi_dec -1115616 quick_dec -1848371 nack_dec -1089749594
Flow Uec_933_0 flowId 322 uecSrc 321 finished at 4.84244e+06 total messages 1 total packets 24474 RTS 0 total bytes 100000764 in_flight now 0 fair_inc 0 prop_inc 0 fast_inc 0 eta_inc 17480337 multi_dec -1087660 quick_dec -1864597 nack_dec -1089074238
Flow Uec_133_0 flowId 851 uecSrc 850 finished at 4.84246e+06 total messages 1 total packets 24474 RTS 0 total bytes 100000764 in_flight now 0 fair_inc 0 prop_inc 0 fast_inc 0 eta_inc 17625198 multi_dec -1150611 quick_dec -1886414 nack_dec -1089879772
Flow Uec_996_0 flowId 208 uecSrc 207 finished at 4.84252e+06 total messages 1 total packets 24474 RTS 0 total bytes 100000764 in_flight now 0 fair_inc 0 prop_inc 0 fast_inc 0 eta_inc 17586657 multi_dec -1125752 quick_dec -1876209 nack_dec -1090137836
Flow Uec_291_0 flowId 929 uecSrc 928 finished at 4.84252e+06 total messages 1 total packets 24474 RTS 0 total bytes 100000764 in_flight now 0 fair_inc 0 prop_inc 0 fast_inc 0 eta_inc 17764743 multi_dec -1091500 quick_dec -1879044 nack_dec -1090498886
Flow Uec_432_0 flowId 775 uecSrc 774 finished at 4.84266e+06 total messages 1 total packets 24474 RTS 0 total bytes 100000764 in_flight now 0 fair_inc 0 prop_inc 0 fast_inc 0 eta_inc 17651778 multi_dec -1153972 quick_dec -1902113 nack_dec -1089707000
Flow Uec_264_0 flowId 384 uecSrc 383 finished at 4.84268e+06 total messages 1 total packets 24474 RTS 0 total bytes 100000764 in_flight now 0 fair_inc 0 prop_inc 0 fast_inc 0 eta_inc 17649120 multi_dec -1130234 quick_dec -1961054 nack_dec -1089209000
Flow Uec_616_0 flowId 584 uecSrc 583 finished at 4.84271e+06 total messages 1 total packets 24474 RTS 0 total bytes 100000764 in_flight now 0 fair_inc 0 prop_inc 0 fast_inc 0 eta_inc 17477679 multi_dec -1139389 quick_dec -1887319 nack_dec -1089174272
Flow Uec_386_0 flowId 277 uecSrc 276 finished at 4.84271e+06 total messages 1 total packets 24474 RTS 0 total bytes 100000764 in_flight now 0 fair_inc 0 prop_inc 0 fast_inc 0 eta_inc 17586657 multi_dec -1148759 quick_dec -1949674 nack_dec -1090736530
Flow Uec_175_0 flowId 879 uecSrc 878 finished at 4.84272e+06 total messages 1 total packets 24474 RTS 0 total bytes 100000764 in_flight now 0 fair_inc 0 prop_inc 0 fast_inc 0 eta_inc 17514891 multi_dec -1098339 quick_dec -1927849 nack_dec -1089814136
Flow Uec_163_0 flowId 725 uecSrc 724 finished at 4.84273e+06 total messages 1 total packets 24474 RTS 0 total bytes 100000764 in_flight now 0 fair_inc 0 prop_inc 0 fast_inc 0 eta_inc 17750124 multi_dec -1093591 quick_dec -1902423 nack_dec -1089395750
Flow Uec_862_0 flowId 738 uecSrc 737 finished at 4.84278e+06 total messages 1 total packets 24474 RTS 0 total bytes 100000764 in_flight now 0 fair_inc 0 prop_inc 0 fast_inc 0 eta_inc 17618553 multi_dec -1136288 quick_dec -1912937 nack_dec -1090449086
Flow Uec_420_0 flowId 16 uecSrc 15 finished at 4.84279e+06 total messages 1 total packets 24474 RTS 0 total bytes 100000764 in_flight now 0 fair_inc 0 prop_inc 0 fast_inc 0 eta_inc 17572038 multi_dec -1078499 quick_dec -1896977 nack_dec -1090903294
Flow Uec_596_0 flowId 571 uecSrc 570 finished at 4.84279e+06 total messages 1 total packets 24474 RTS 0 total bytes 100000764 in_flight now 0 fair_inc 0 prop_inc 0 fast_inc 0 eta_inc 17625198 multi_dec -1118577 quick_dec -1857880 nack_dec -1090270966
Flow Uec_192_0 flowId 549 uecSrc 548 finished at 4.84284e+06 total messages 1 total packets 24474 RTS 0 total bytes 100000764 in_flight now 0 fair_inc 0 prop_inc 0 fast_inc 0 eta_inc 17481666 multi_dec -1073815 quick_dec -1854135 nack_dec -1089709622
Flow Uec_510_0 flowId 305 uecSrc 304 finished at 4.84289e+06 total messages 1 total packets 24474 RTS 0 total bytes 100000764 in_flight now 0 fair_inc 0 prop_inc 0 fast_inc 0 eta_inc 17736834 multi_dec -1169517 quick_dec -1922779 nack_dec -1088800338
Flow Uec_552_0 flowId 831 uecSrc 830 finished at 4.84292e+06 total messages 1 total packets 24474 RTS 0 total bytes 100000764 in_flight now 0 fair_inc 0 prop_inc 0 fast_inc 0 eta_inc 17553432 multi_dec -1129055 quick_dec -1965289 nack_dec -1090702236
Flow Uec_311_0 flowId 930 uecSrc 929 finished at 4.84298e+06 total messages 1 total packets 24474 RTS 0 total bytes 100000764 in_flight now 0 fair_inc 0 prop_inc 0 fast_inc 0 eta_inc 17922894 multi_dec -1198030 quick_dec -1930884 nack_dec -1089093460
Flow Uec_324_0 flowId 163 uecSrc 162 finished at 4.843e+06 total messages 1 total packets 24474 RTS 0 total bytes 100000764 in_flight now 0 fair_inc 0 prop_inc 0 fast_inc 0 eta_inc 17534826 multi_dec -1126155 quick_dec -1961093 nack_dec -1089785850
Flow Uec_971_0 flowId 792 uecSrc 791 finished at 4.84302e+06 total messages 1 total packets 24474 RTS 0 total bytes 100000764 in_flight now 0 fair_inc 0 prop_inc 0 fast_inc 0 eta_inc 17756769 multi_dec -1181339 quick_dec -1943452 nack_dec -1090707150
Flow Uec_159_0 flowId 91 uecSrc 90 finished at 4.84305e+06 total messages 1 total packets 24474 RTS 0 total bytes 100000764 in_flight now 0 fair_inc 0 prop_inc 0 fast_inc 0 eta_inc 17657094 multi_dec -1112783 quick_dec -1898587 nack_dec -1089893316
Flow Uec_937_0 flowId 787 uecSrc 786 finished at 4.84306e+06 total messages 1 total packets 24474 RTS 0 total bytes 100000764 in_flight now 0 fair_inc 0 prop_inc 0 fast_inc 0 eta_inc 17606592 multi_dec -1095480 quick_dec -1928577 nack_dec -1090503366
Flow Uec_118_0 flowId 636 uecSrc 635 finished at 4.84326e+06 total messages 1 total packets 24474 RTS 0 total bytes 100000764 in_flight now 0 fair_inc 0 prop_inc 0 fast_inc 0 eta_inc 17569380 multi_dec -1163574 quick_dec -1826695 nack_dec -1089444786
Flow Uec_103_0 flowId 948 uecSrc 947 finished at 4.84327e+06 total messages 1 total packets 24474 RTS 0 total bytes 100000764 in_flight now 0 fair_inc 0 prop_inc 0 fast_inc 0 eta_inc 17637159 multi_dec -1113123 quick_dec -1918724 nack_dec -1089700558
Flow Uec_315_0 flowId 564 uecSrc 563 finished at 4.84328e+06 total messages 1 total packets 24474 RTS 0 total bytes 100000764 in_flight now 0 fair_inc 0 prop_inc 0 fast_inc 0 eta_inc 17657094 multi_dec -1160028 quick_dec -1950041 nack_dec -1089323672
Flow Uec_521_0 flowId 900 uecSrc 899 finished at 4.84331e+06 total messages 1 total packets 24474 RTS 0 total bytes 100000764 in_flight now 0 fair_inc 0 prop_inc 0 fast_inc 0 eta_inc 17476350 multi_dec -1141178 quick_dec -1899241 nack_dec -1091285858
Flow Uec_429_0 flowId 466 uecSrc 465 finished at 4.84337e+06 total messages 1 total packets 24474 RTS 0 total bytes 100000764 in_flight now 0 fair_inc 0 prop_inc 0 fast_inc 0 eta_inc 17626527 multi_dec -1071984 quick_dec -1957033 nack_dec -1090139694
Flow Uec_865_0 flowId 80 uecSrc 79 finished at 4.84342e+06 total messages 1 total packets 24474 RTS 0 total bytes 100000764 in_flight now 0 fair_inc 0 prop_inc 0 fast_inc 0 eta_inc 17590644 multi_dec -1109723 quick_dec -1908660 nack_dec -1090925572
Flow Uec_294_0 flowId 160 uecSrc 159 finished at 4.84343e+06 total messages 1 total packets 24474 RTS 0 total bytes 100000764 in_flight now 0 fair_inc 0 prop_inc 0 fast_inc 0 eta_inc 17699622 multi_dec -1171359 quick_dec -1932252 nack_dec -1091088516
Flow Uec_980_0 flowId 456 uecSrc 455 finished at 4.84346e+06 total messages 1 total packets 24474 RTS 0 total bytes 100000764 in_flight now 0 fair_inc 0 prop_inc 0 fast_inc 0 eta_inc 17416545 multi_dec -1166011 quick_dec -1923092 nack_dec -1090730522
Flow Uec_903_0 flowId 978 uecSrc 977 finished at 4.84352e+06 total messages 1 total packets 24474 RTS 0 total bytes 100000764 in_flight now 0 fair_inc 0 prop_inc 0 fast_inc 0 eta_inc 17606592 multi_dec -1143601 quick_dec -1869563 nack_dec -1090539622
Flow Uec_636_0 flowId 621 uecSrc 620 finished at 4.84354e+06 total messages 1 total packets 24474 RTS 0 total bytes 100000764 in_flight now 0 fair_inc 0 prop_inc 0 fast_inc 0 eta_inc 17674371 multi_dec -1060752 quick_dec -1919645 nack_dec -1091080650
Flow Uec_783_0 flowId 1019 uecSrc 1018 finished at 4.84355e+06 total messages 1 total packets 24474 RTS 0 total bytes 100000764 in_flight now 0 fair_inc 0 prop_inc 0 fast_inc 0 eta_inc 17712912 multi_dec -1125050 quick_dec -1944807 nack_dec -1089461386
Flow Uec_736_0 flowId 7 uecSrc 6 finished at 4.84364e+06 total messages 1 total packets 24474 RTS 0 total bytes 100000764 in_flight now 0 fair_inc 0 prop_inc 0 fast_inc 0 eta_inc 17720886 multi_dec -1093992 quick_dec -1929017 nack_dec -1090706386
Flow Uec_630_0 flowId 884 uecSrc 883 finished at 4.84366e+06 total messages 1 total packets 24474 RTS 0 total bytes 100000764 in_flight now 0 fair_inc 0 prop_inc 0 fast_inc 0 eta_inc 17545458 multi_dec -1127172 quick_dec -1800136 nack_dec -1089122944
Flow Uec_484_0 flowId 1012 uecSrc 1011 finished at 4.84369e+06 total messages 1 total packets 24474 RTS 0 total bytes 100000764 in_flight now 0 fair_inc 0 prop_inc 0 fast_inc 0 eta_inc 17545458 multi_dec -1117921 quick_dec -1914144 nack_dec -1090392080
Flow Uec_829_0 flowId 852 uecSrc 851 finished at 4.84369e+06 total messages 1 total packets 24474 RTS 0 total bytes 100000764 in_flight now 0 fair_inc 0 prop_inc 0 fast_inc 0 eta_inc 17498943 multi_dec -1114139 quick_dec -1931659 nack_dec -1090761100
Flow Uec_499_0 flowId 271 uecSrc 270 finished at 4.84374e+06 total messages 1 total packets 24474 RTS 0 total bytes 100000764 in_flight now 0 fair_inc 0 prop_inc 0 fast_inc 0 eta_inc 17647791 multi_dec -1102685 quick_dec -1938681 nack_dec -1090191786
Flow Uec_131_0 flowId 360 uecSrc 359 finished at 4.84374e+06 total messages 1 total packets 24474 RTS 0 total bytes 100000764 in_flight now 0 fair_inc 0 prop_inc 0 fast_inc 0 eta_inc 17774046 multi_dec -1146575 quick_dec -1988764 nack_dec -1090433250
Flow Uec_314_0 flowId 730 uecSrc 729 finished at 4.84378e+06 total messages 1 total packets 24474 RTS 0 total bytes 100000764 in_flight now 0 fair_inc 0 prop_inc 0 fast_inc 0 eta_inc 17615895 multi_dec -1168541 quick_dec -1834070 nack_dec -1091249272
Flow Uec_168_0 flowId 897 uecSrc 896 finished at 4.84385e+06 total messages 1 total packets 24474 RTS 0 total bytes 100000764 in_flight now 0 fair_inc 0 prop_inc 0 fast_inc 0 eta_inc 17762085 multi_dec -1236259 quick_dec -1910976 nack_dec -1090481522
Flow Uec_349_0 flowId 654 uecSrc 653 finished at 4.84388e+06 total messages 1 total packets 24474 RTS 0 total bytes 100000764 in_flight now 0 fair_inc 0 prop_inc 0 fast_inc 0 eta_inc 17590644 multi_dec -1094304 quick_dec -1932595 nack_dec -1089100336
Flow Uec_805_0 flowId 609 uecSrc 608 finished at 4.84393e+06 total messages 1 total packets 24474 RTS 0 total bytes 100000764 in_flight now 0 fair_inc 0 prop_inc 0 fast_inc 0 eta_inc 17569380 multi_dec -1156238 quick_dec -1867722 nack_dec -1089299866
Flow Uec_843_0 flowId 625 uecSrc 624 finished at 4.84395e+06 total messages 1 total packets 24474 RTS 0 total bytes 100000764 in_flight now 0 fair_inc 0 prop_inc 0 fast_inc 0 eta_inc 17630514 multi_dec -1083083 quick_dec -1911563 nack_dec -1090271400
Flow Uec_700_0 flowId 216 uecSrc 215 finished at 4.84399e+06 total messages 1 total packets 24474 RTS 0 total bytes 100000764 in_flight now 0 fair_inc 0 prop_inc 0 fast_inc 0 eta_inc 17541471 multi_dec -1099476 quick_dec -1903865 nack_dec -1089920074
Flow Uec_434_0 flowId 325 uecSrc 324 finished at 4.84408e+06 total messages 1 total packets 24474 RTS 0 total bytes 100000764 in_flight now 0 fair_inc 0 prop_inc 0 fast_inc 0 eta_inc 17548116 multi_dec -1145838 quick_dec -1890214 nack_dec -1090738058
Flow Uec_597_0 flowId 290 uecSrc 289 finished at 4.84409e+06 total messages 1 total packets 24474 RTS 0 total bytes 100000764 in_flight now 0 fair_inc 0 prop_inc 0 fast_inc 0 eta_inc 17591973 multi_dec -1076988 quick_dec -1853561 nack_dec -1089340272
Flow Uec_701_0 flowId 286 uecSrc 285 finished at 4.84412e+06 total messages 1 total packets 24474 RTS 0 total bytes 100000764 in_flight now 0 fair_inc 0 prop_inc 0 fast_inc 0 eta_inc 17573367 multi_dec -1065655 quick_dec -1825596 nack_dec -1090914876
Flow Uec_532_0 flowId 850 uecSrc 849 finished at 4.84414e+06 total messages 1 total packets 24474 RTS 0 total bytes 100000764 in_flight now 0 fair_inc 0 prop_inc 0 fast_inc 0 eta_inc 17662410 multi_dec -1159069 quick_dec -1931403 nack_dec -1089433100
Flow Uec_439_0 flowId 220 uecSrc 219 finished at 4.84415e+06 total messages 1 total packets 24474 RTS 0 total bytes 100000764 in_flight now 0 fair_inc 0 prop_inc 0 fast_inc 0 eta_inc 17558748 multi_dec -1181912 quick_dec -1973381 nack_dec -1090249886
Flow Uec_104_0 flowId 544 uecSrc 543 finished at 4.84419e+06 total messages 1 total packets 24474 RTS 0 total bytes 100000764 in_flight now 0 fair_inc 0 prop_inc 0 fast_inc 0 eta_inc 17750124 multi_dec -1215061 quick_dec -1972504 nack_dec -1090018250
Flow Uec_550_0 flowId 524 uecSrc 523 finished at 4.84428e+06 total messages 1 total packets 24474 RTS 0 total bytes 100000764 in_flight now 0 fair_inc 0 prop_inc 0 fast_inc 0 eta_inc 17427177 multi_dec -1088041 quick_dec -1923175 nack_dec -1088779258
Flow Uec_502_0 flowId 892 uecSrc 891 finished at 4.84429e+06 total messages 1 total packets 24474 RTS 0 total bytes 100000764 in_flight now 0 fair_inc 0 prop_inc 0 fast_inc 0 eta_inc 17625198 multi_dec -1104282 quick_dec -1943808 nack_dec -1090249122
Flow Uec_272_0 flowId 211 uecSrc 210 finished at 4.84432e+06 total messages 1 total packets 24474 RTS 0 total bytes 100000764 in_flight now 0 fair_inc 0 prop_inc 0 fast_inc 0 eta_inc 17538813 multi_dec -1145043 quick_dec -1967105 nack_dec -1088806780
Flow Uec_113_0 flowId 801 uecSrc 800 finished at 4.84434e+06 total messages 1 total packets 24474 RTS 0 total bytes 100000764 in_flight now 0 fair_inc 0 prop_inc 0 fast_inc 0 eta_inc 17510904 multi_dec -1129462 quick_dec -1975046 nack_dec -1090384544
Flow Uec_637_0 flowId 479 uecSrc 478 finished at 4.84434e+06 total messages 1 total packets 24474 RTS 0 total bytes 100000764 in_flight now 0 fair_inc 0 prop_inc 0 fast_inc 0 eta_inc 17755440 multi_dec -1171334 quick_dec -1982005 nack_dec -1090039000
Flow Uec_654_0 flowId 372 uecSrc 371 finished at 4.84447e+06 total messages 1 total packets 24474 RTS 0 total bytes 100000764 in_flight now 0 fair_inc 0 prop_inc 0 fast_inc 0 eta_inc 17516220 multi_dec -1135106 quick_dec -1904491 nack_dec -1090055600
Flow Uec_528_0 flowId 310 uecSrc 309 finished at 4.8445e+06 total messages 1 total packets 24474 RTS 0 total bytes 100000764 in_flight now 0 fair_inc 0 prop_inc 0 fast_inc 0 eta_inc 17711583 multi_dec -1188391 quick_dec -1908613 nack_dec -1089617454
Flow Uec_251_0 flowId 542 uecSrc 541 finished at 4.84458e+06 total messages 1 total packets 24474 RTS 0 total bytes 100000764 in_flight now 0 fair_inc 0 prop_inc 0 fast_inc 0 eta_inc 17617224 multi_dec -1103698 quick_dec -1864030 nack_dec -1089700558
Flow Uec_354_0 flowId 963 uecSrc 962 finished at 4.84463e+06 total messages 1 total packets 24474 RTS 0 total bytes 100000764 in_flight now 0 fair_inc 0 prop_inc 0 fast_inc 0 eta_inc 17702280 multi_dec -1157073 quick_dec -1843474 nack_dec -1091315672
Flow Uec_668_0 flowId 1011 uecSrc 1010 finished at 4.84469e+06 total messages 1 total packets 24474 RTS 0 total bytes 100000764 in_flight now 0 fair_inc 0 prop_inc 0 fast_inc 0 eta_inc 17793981 multi_dec -1117836 quick_dec -1939303 nack_dec -1090582980
Flow Uec_355_0 flowId 833 uecSrc 832 finished at 4.84471e+06 total messages 1 total packets 24474 RTS 0 total bytes 100000764 in_flight now 0 fair_inc 0 prop_inc 0 fast_inc 0 eta_inc 17793981 multi_dec -1086615 quick_dec -1973124 nack_dec -1090831546
Flow Uec_608_0 flowId 883 uecSrc 882 finished at 4.84472e+06 total messages 1 total packets 24474 RTS 0 total bytes 100000764 in_flight now 0 fair_inc 0 prop_inc 0 fast_inc 0 eta_inc 17484324 multi_dec -1117244 quick_dec -1931329 nack_dec -1089373472
Flow Uec_156_0 flowId 10 uecSrc 9 finished at 4.84479e+06 total messages 1 total packets 24474 RTS 0 total bytes 100000764 in_flight now 0 fair_inc 0 prop_inc 0 fast_inc 0 eta_inc 17635830 multi_dec -1093807 quick_dec -1893271 nack_dec -1090601768
Flow Uec_925_0 flowId 798 uecSrc 797 finished at 4.8448e+06 total messages 1 total packets 24474 RTS 0 total bytes 100000764 in_flight now 0 fair_inc 0 prop_inc 0 fast_inc 0 eta_inc 17509575 multi_dec -1128740 quick_dec -1922322 nack_dec -1090182722
Flow Uec_229_0 flowId 746 uecSrc 745 finished at 4.84482e+06 total messages 1 total packets 24474 RTS 0 total bytes 100000764 in_flight now 0 fair_inc 0 prop_inc 0 fast_inc 0 eta_inc 17746137 multi_dec -1181679 quick_dec -1864052 nack_dec -1091449566
Flow Uec_944_0 flowId 167 uecSrc 166 finished at 4.84494e+06 total messages 1 total packets 24474 RTS 0 total bytes 100000764 in_flight now 0 fair_inc 0 prop_inc 0 fast_inc 0 eta_inc 17633172 multi_dec -1113829 quick_dec -1949232 nack_dec -1091093760
Flow Uec_441_0 flowId 316 uecSrc 315 finished at 4.84494e+06 total messages 1 total packets 24474 RTS 0 total bytes 100000764 in_flight now 0 fair_inc 0 prop_inc 0 fast_inc 0 eta_inc 17695635 multi_dec -1149634 quick_dec -1943105 nack_dec -1090851636
Flow Uec_298_0 flowId 797 uecSrc 796 finished at 4.84495e+06 total messages 1 total packets 24474 RTS 0 total bytes 100000764 in_flight now 0 fair_inc 0 prop_inc 0 fast_inc 0 eta_inc 17517549 multi_dec -1112630 quick_dec -1927819 nack_dec -1090058986
Flow Uec_729_0 flowId 937 uecSrc 936 finished at 4.84507e+06 total messages 1 total packets 24474 RTS 0 total bytes 100000764 in_flight now 0 fair_inc 0 prop_inc 0 fast_inc 0 eta_inc 17580012 multi_dec -1108140 quick_dec -1879119 nack_dec -1090432816
Flow Uec_494_0 flowId 12 uecSrc 11 finished at 4.84513e+06 total messages 1 total packets 24474 RTS 0 total bytes 100000764 in_flight now 0 fair_inc 0 prop_inc 0 fast_inc 0 eta_inc 17860431 multi_dec -1117374 quick_dec -1855211 nack_dec -1091079886
Flow Uec_111_0 flowId 899 uecSrc 898 finished at 4.84514e+06 total messages 1 total packets 24474 RTS 0 total bytes 100000764 in_flight now 0 fair_inc 0 prop_inc 0 fast_inc 0 eta_inc 17651778 multi_dec -1190560 quick_dec -1871408 nack_dec -1091572538
Flow Uec_419_0 flowId 345 uecSrc 344 finished at 4.84515e+06 total messages 1 total packets 24474 RTS 0 total bytes 100000764 in_flight now 0 fair_inc 0 prop_inc 0 fast_inc 0 eta_inc 17669055 multi_dec -1147656 quick_dec -1866248 nack_dec -1091552222
Flow Uec_258_0 flowId 282 uecSrc 281 finished at 4.84519e+06 total messages 1 total packets 24474 RTS 0 total bytes 100000764 in_flight now 0 fair_inc 0 prop_inc 0 fast_inc 0 eta_inc 17618553 multi_dec -1091431 quick_dec -1966065 nack_dec -1089540236
Flow Uec_913_0 flowId 555 uecSrc 554 finished at 4.84522e+06 total messages 1 total packets 24474 RTS 0 total bytes 100000764 in_flight now 0 fair_inc 0 prop_inc 0 fast_inc 0 eta_inc 17502930 multi_dec -1096010 quick_dec -1873850 nack_dec -1090174422
Flow Uec_387_0 flowId 201 uecSrc 200 finished at 4.84523e+06 total messages 1 total packets 24474 RTS 0 total bytes 100000764 in_flight now 0 fair_inc 0 prop_inc 0 fast_inc 0 eta_inc 17649120 multi_dec -1138815 quick_dec -1875813 nack_dec -1091178722
Flow Uec_435_0 flowId 381 uecSrc 380 finished at 4.84525e+06 total messages 1 total packets 24474 RTS 0 total bytes 100000764 in_flight now 0 fair_inc 0 prop_inc 0 fast_inc 0 eta_inc 17518878 multi_dec -1121545 quick_dec -1937253 nack_dec -1090792772
Flow Uec_669_0 flowId 203 uecSrc 202 finished at 4.84527e+06 total messages 1 total packets 24474 RTS 0 total bytes 100000764 in_flight now 0 fair_inc 0 prop_inc 0 fast_inc 0 eta_inc 17683674 multi_dec -1170919 quick_dec -1956055 nack_dec -1091201330
Flow Uec_960_0 flowId 472 uecSrc 471 finished at 4.84527e+06 total messages 1 total packets 24474 RTS 0 total bytes 100000764 in_flight now 0 fair_inc 0 prop_inc 0 fast_inc 0 eta_inc 17545458 multi_dec -1125062 quick_dec -1944328 nack_dec -1090555458
Flow Uec_854_0 flowId 552 uecSrc 551 finished at 4.84528e+06 total messages 1 total packets 24474 RTS 0 total bytes 100000764 in_flight now 0 fair_inc 0 prop_inc 0 fast_inc 0 eta_inc 17735505 multi_dec -1159636 quick_dec -1955957 nack_dec -1090037038
Flow Uec_512_0 flowId 926 uecSrc 925 finished at 4.84529e+06 total messages 1 total packets 24474 RTS 0 total bytes 100000764 in_flight now 0 fair_inc 0 prop_inc 0 fast_inc 0 eta_inc 17558748 multi_dec -1115573 quick_dec -1933951 nack_dec -1090890844
Flow Uec_880_0 flowId 296 uecSrc 295 finished at 4.8453e+06 total messages 1 total packets 24474 RTS 0 total bytes 100000764 in_flight now 0 fair_inc 0 prop_inc 0 fast_inc 0 eta_inc 17724873 multi_dec -1107281 quick_dec -1966138 nack_dec -1090638458
Flow Uec_712_0 flowId 749 uecSrc 748 finished at 4.84536e+06 total messages 1 total packets 24474 RTS 0 total bytes 100000764 in_flight now 0 fair_inc 0 prop_inc 0 fast_inc 0 eta_inc 17590644 multi_dec -1095548 quick_dec -1941296 nack_dec -1090624150
Flow Uec_230_0 flowId 629 uecSrc 628 finished at 4.8454e+06 total messages 1 total packets 24474 RTS 0 total bytes 100000764 in_flight now 0 fair_inc 0 prop_inc 0 fast_inc 0 eta_inc 17629185 multi_dec -1144004 quick_dec -1940917 nack_dec -1091906500
Flow Uec_504_0 flowId 8 uecSrc 7 finished at 4.84542e+06 total messages 1 total packets 24474 RTS 0 total bytes 100000764 in_flight now 0 fair_inc 0 prop_inc 0 fast_inc 0 eta_inc 17631843 multi_dec -1087989 quick_dec -1961612 nack_dec -1090473986
Flow Uec_519_0 flowId 755 uecSrc 754 finished at 4.84543e+06 total messages 1 total packets 24474 RTS 0 total bytes 100000764 in_flight now 0 fair_inc 0 prop_inc 0 fast_inc 0 eta_inc 17553432 multi_dec -1148729 quick_dec -1826434 nack_dec -1091548072
Flow Uec_769_0 flowId 93 uecSrc 92 finished at 4.84547e+06 total messages 1 total packets 24474 RTS 0 total bytes 100000764 in_flight now 0 fair_inc 0 prop_inc 0 fast_inc 0 eta_inc 17498943 multi_dec -1134040 quick_dec -1839934 nack_dec -1091292300
Flow Uec_84_0 flowId 627 uecSrc 626 finished at 4.84555e+06 total messages 1 total packets 24474 RTS 0 total bytes 100000764 in_flight now 0 fair_inc 0 prop_inc 0 fast_inc 0 eta_inc 17637159 multi_dec -1108599 quick_dec -1877927 nack_dec -1090693936
Flow Uec_869_0 flowId 885 uecSrc 884 finished at 4.84556e+06 total messages 1 total packets 24474 RTS 0 total bytes 100000764 in_flight now 0 fair_inc 0 prop_inc 0 fast_inc 0 eta_inc 17444454 multi_dec -1161440 quick_dec -1890592 nack_dec -1091320152
Flow Uec_443_0 flowId 766 uecSrc 765 finished at 4.8456e+06 total messages 1 total packets 24474 RTS 0 total bytes 100000764 in_flight now 0 fair_inc 0 prop_inc 0 fast_inc 0 eta_inc 17572038 multi_dec -1076180 quick_dec -1975671 nack_dec -1091059900
Flow Uec_742_0 flowId 945 uecSrc 944 finished at 4.84562e+06 total messages 1 total packets 24474 RTS 0 total bytes 100000764 in_flight now 0 fair_inc 0 prop_inc 0 fast_inc 0 eta_inc 17727531 multi_dec -1124715 quick_dec -1973041 nack_dec -1091278652
Flow Uec_919_0 flowId 155 uecSrc 154 finished at 4.84563e+06 total messages 1 total packets 24474 RTS 0 total bytes 100000764 in_flight now 0 fair_inc 0 prop_inc 0 fast_inc 0 eta_inc 17735505 multi_dec -1110600 quick_dec -1904704 nack_dec -1091324736
Flow Uec_874_0 flowId 921 uecSrc 920 finished at 4.84563e+06 total messages 1 total packets 24474 RTS 0 total bytes 100000764 in_flight now 0 fair_inc 0 prop_inc 0 fast_inc 0 eta_inc 17731518 multi_dec -1132423 quick_dec -1985956 nack_dec -1092034386
Flow Uec_764_0 flowId 275 uecSrc 274 finished at 4.84565e+06 total messages 1 total packets 24474 RTS 0 total bytes 100000764 in_flight now 0 fair_inc 0 prop_inc 0 fast_inc 0 eta_inc 17585328 multi_dec -1122177 quick_dec -1849981 nack_dec -1090964450
Flow Uec_821_0 flowId 36 uecSrc 35 finished at 4.84569e+06 total messages 1 total packets 24474 RTS 0 total bytes 100000764 in_flight now 0 fair_inc 0 prop_inc 0 fast_inc 0 eta_inc 17743479 multi_dec -1136030 quick_dec -1943226 nack_dec -1091329650
Flow Uec_846_0 flowId 753 uecSrc 752 finished at 4.84573e+06 total messages 1 total packets 24474 RTS 0 total bytes 100000764 in_flight now 0 fair_inc 0 prop_inc 0 fast_inc 0 eta_inc 17698293 multi_dec -1150964 quick_dec -1935639 nack_dec -1091130450
Flow Uec_109_0 flowId 339 uecSrc 338 finished at 4.84577e+06 total messages 1 total packets 24474 RTS 0 total bytes 100000764 in_flight now 0 fair_inc 0 prop_inc 0 fast_inc 0 eta_inc 17667726 multi_dec -1127031 quick_dec -1914877 nack_dec -1090698850
Flow Uec_388_0 flowId 709 uecSrc 708 finished at 4.8459e+06 total messages 1 total packets 24474 RTS 0 total bytes 100000764 in_flight now 0 fair_inc 0 prop_inc 0 fast_inc 0 eta_inc 17674371 multi_dec -1170951 quick_dec -1920785 nack_dec -1090507186
Flow Uec_976_0 flowId 260 uecSrc 259 finished at 4.84594e+06 total messages 1 total packets 24474 RTS 0 total bytes 100000764 in_flight now 0 fair_inc 0 prop_inc 0 fast_inc 0 eta_inc 17658423 multi_dec -1178016 quick_dec -1833839 nack_dec -1089993350
Flow Uec_995_0 flowId 757 uecSrc 756 finished at 4.84595e+06 total messages 1 total packets 24474 RTS 0 total bytes 100000764 in_flight now 0 fair_inc 0 prop_inc 0 fast_inc 0 eta_inc 17690319 multi_dec -1067841 quick_dec -1868857 nack_dec -1091094194
Flow Uec_523_0 flowId 769 uecSrc 768 finished at 4.84602e+06 total messages 1 total packets 24474 RTS 0 total bytes 100000764 in_flight now 0 fair_inc 0 prop_inc 0 fast_inc 0 eta_inc 17702280 multi_dec -1123523 quick_dec -1902446 nack_dec -1090707150
Flow Uec_947_0 flowId 394 uecSrc 393 finished at 4.84603e+06 total messages 1 total packets 24474 RTS 0 total bytes 100000764 in_flight now 0 fair_inc 0 prop_inc 0 fast_inc 0 eta_inc 17593302 multi_dec -1108828 quick_dec -1908274 nack_dec -1091130450
Flow Uec_390_0 flowId 640 uecSrc 639 finished at 4.84606e+06 total messages 1 total packets 24474 RTS 0 total bytes 100000764 in_flight now 0 fair_inc 0 prop_inc 0 fast_inc 0 eta_inc 17509575 multi_dec -1111502 quick_dec -1887834 nack_dec -1089597572
Flow Uec_631_0 flowId 532 uecSrc 531 finished at 4.84606e+06 total messages 1 total packets 24474 RTS 0 total bytes 100000764 in_flight now 0 fair_inc 0 prop_inc 0 fast_inc 0 eta_inc 17706267 multi_dec -1146496 quick_dec -1848199 nack_dec -1090077444
Flow Uec_83_0 flowId 61 uecSrc 60 finished at 4.84608e+06 total messages 1 total packets 24474 RTS 0 total bytes 100000764 in_flight now 0 fair_inc 0 prop_inc 0 fast_inc 0 eta_inc 17752782 multi_dec -1148495 quick_dec -1917376 nack_dec -1090424950
Flow Uec_445_0 flowId 14 uecSrc 13 finished at 4.84613e+06 total messages 1 total packets 24474 RTS 0 total bytes 100000764 in_flight now 0 fair_inc 0 prop_inc 0 fast_inc 0 eta_inc 17883024 multi_dec -1221518 quick_dec -1966860 nack_dec -1090017486
Flow Uec_207_0 flowId 82 uecSrc 81 finished at 4.84614e+06 total messages 1 total packets 24474 RTS 0 total bytes 100000764 in_flight now 0 fair_inc 0 prop_inc 0 fast_inc 0 eta_inc 17545458 multi_dec -1140257 quick_dec -1903401 nack_dec -1091743886
Flow Uec_671_0 flowId 303 uecSrc 302 finished at 4.84616e+06 total messages 1 total packets 24474 RTS 0 total bytes 100000764 in_flight now 0 fair_inc 0 prop_inc 0 fast_inc 0 eta_inc 17455086 multi_dec -1088487 quick_dec -1901895 nack_dec -1090701472
Flow Uec_409_0 flowId 579 uecSrc 578 finished at 4.84616e+06 total messages 1 total packets 24474 RTS 0 total bytes 100000764 in_flight now 0 fair_inc 0 prop_inc 0 fast_inc 0 eta_inc 17472363 multi_dec -1095157 quick_dec -1881273 nack_dec -1092000422
Flow Uec_223_0 flowId 716 uecSrc 715 finished at 4.84617e+06 total messages 1 total packets 24474 RTS 0 total bytes 100000764 in_flight now 0 fair_inc 0 prop_inc 0 fast_inc 0 eta_inc 17651778 multi_dec -1149589 quick_dec -1936412 nack_dec -1090523022
Flow Uec_691_0 flowId 906 uecSrc 905 finished at 4.84628e+06 total messages 1 total packets 24474 RTS 0 total bytes 100000764 in_flight now 0 fair_inc 0 prop_inc 0 fast_inc 0 eta_inc 17770059 multi_dec -1106729 quick_dec -2014417 nack_dec -1090642608
Flow Uec_249_0 flowId 918 uecSrc 917 finished at 4.84628e+06 total messages 1 total packets 24474 RTS 0 total bytes 100000764 in_flight now 0 fair_inc 0 prop_inc 0 fast_inc 0 eta_inc 17595960 multi_dec -1117414 quick_dec -1927842 nack_dec -1092026850
Flow Uec_486_0 flowId 781 uecSrc 780 finished at 4.84629e+06 total messages 1 total packets 24474 RTS 0 total bytes 100000764 in_flight now 0 fair_inc 0 prop_inc 0 fast_inc 0 eta_inc 17415216 multi_dec -1154635 quick_dec -1881120 nack_dec -1091328886
Flow Uec_840_0 flowId 272 uecSrc 271 finished at 4.8463e+06 total messages 1 total packets 24474 RTS 0 total bytes 100000764 in_flight now 0 fair_inc 0 prop_inc 0 fast_inc 0 eta_inc 17537484 multi_dec -1164875 quick_dec -1972407 nack_dec -1091039150
Flow Uec_431_0 flowId 497 uecSrc 496 finished at 4.84632e+06 total messages 1 total packets 24474 RTS 0 total bytes 100000764 in_flight now 0 fair_inc 0 prop_inc 0 fast_inc 0 eta_inc 17538813 multi_dec -1096215 quick_dec -1910097 nack_dec -1090300450
Flow Uec_935_0 flowId 226 uecSrc 225 finished at 4.84633e+06 total messages 1 total packets 24474 RTS 0 total bytes 100000764 in_flight now 0 fair_inc 0 prop_inc 0 fast_inc 0 eta_inc 17529510 multi_dec -1088341 quick_dec -1945765 nack_dec -1090330594
Flow Uec_803_0 flowId 856 uecSrc 855 finished at 4.84634e+06 total messages 1 total packets 24474 RTS 0 total bytes 100000764 in_flight now 0 fair_inc 0 prop_inc 0 fast_inc 0 eta_inc 17637159 multi_dec -1112401 quick_dec -1898193 nack_dec -1090701472
Flow Uec_542_0 flowId 71 uecSrc 70 finished at 4.84637e+06 total messages 1 total packets 24474 RTS 0 total bytes 100000764 in_flight now 0 fair_inc 0 prop_inc 0 fast_inc 0 eta_inc 17756769 multi_dec -1137488 quick_dec -1953604 nack_dec -1090753894
Flow Uec_141_0 flowId 412 uecSrc 411 finished at 4.8464e+06 total messages 1 total packets 24474 RTS 0 total bytes 100000764 in_flight now 0 fair_inc 0 prop_inc 0 fast_inc 0 eta_inc 17641146 multi_dec -1193553 quick_dec -1982573 nack_dec -1091314144
Flow Uec_965_0 flowId 243 uecSrc 242 finished at 4.84647e+06 total messages 1 total packets 24474 RTS 0 total bytes 100000764 in_flight now 0 fair_inc 0 prop_inc 0 fast_inc 0 eta_inc 17702280 multi_dec -1142730 quick_dec -1932351 nack_dec -1091570350
Flow Uec_286_0 flowId 186 uecSrc 185 finished at 4.84648e+06 total messages 1 total packets 24474 RTS 0 total bytes 100000764 in_flight now 0 fair_inc 0 prop_inc 0 fast_inc 0 eta_inc 17658423 multi_dec -1141352 quick_dec -1934718 nack_dec -1091706536
Flow Uec_437_0 flowId 846 uecSrc 845 finished at 4.84648e+06 total messages 1 total packets 24474 RTS 0 total bytes 100000764 in_flight now 0 fair_inc 0 prop_inc 0 fast_inc 0 eta_inc 17734176 multi_dec -1168789 quick_dec -1892485 nack_dec -1091245122
Flow Uec_619_0 flowId 650 uecSrc 649 finished at 4.84653e+06 total messages 1 total packets 24474 RTS 0 total bytes 100000764 in_flight now 0 fair_inc 0 prop_inc 0 fast_inc 0 eta_inc 17787336 multi_dec -1173700 quick_dec -1930115 nack_dec -1090780322
Flow Uec_495_0 flowId 299 uecSrc 298 finished at 4.84654e+06 total messages 1 total packets 24474 RTS 0 total bytes 100000764 in_flight now 0 fair_inc 0 prop_inc 0 fast_inc 0 eta_inc 17461731 multi_dec -1094911 quick_dec -1906647 nack_dec -1091108172
Flow Uec_297_0 flowId 957 uecSrc 956 finished at 4.84655e+06 total messages 1 total packets 24474 RTS 0 total bytes 100000764 in_flight now 0 fair_inc 0 prop_inc 0 fast_inc 0 eta_inc 17719557 multi_dec -1140872 quick_dec -1948280 nack_dec -1090981050
Flow Uec_788_0 flowId 29 uecSrc 28 finished at 4.84656e+06 total messages 1 total packets 24474 RTS 0 total bytes 100000764 in_flight now 0 fair_inc 0 prop_inc 0 fast_inc 0 eta_inc 17449770 multi_dec -1133248 quick_dec -1949170 nack_dec -1089976750
Flow Uec_611_0 flowId 131 uecSrc 130 finished at 4.84659e+06 total messages 1 total packets 24474 RTS 0 total bytes 100000764 in_flight now 0 fair_inc 0 prop_inc 0 fast_inc 0 eta_inc 17528181 multi_dec -1070604 quick_dec -1845912 nack_dec -1090722986
Flow Uec_986_0 flowId 588 uecSrc 587 finished at 4.84659e+06 total messages 1 total packets 24474 RTS 0 total bytes 100000764 in_flight now 0 fair_inc 0 prop_inc 0 fast_inc 0 eta_inc 17667726 multi_dec -1202665 quick_dec -1867349 nack_dec -1092205300
Flow Uec_413_0 flowId 242 uecSrc 241 finished at 4.8466e+06 total messages 1 total packets 24474 RTS 0 total bytes 100000764 in_flight now 0 fair_inc 0 prop_inc 0 fast_inc 0 eta_inc 17472363 multi_dec -1087991 quick_dec -1879681 nack_dec -1090710536
Flow Uec_606_0 flowId 990 uecSrc 989 finished at 4.84667e+06 total messages 1 total packets 24474 RTS 0 total bytes 100000764 in_flight now 0 fair_inc 0 prop_inc 0 fast_inc 0 eta_inc 17627856 multi_dec -1185009 quick_dec -1819903 nack_dec -1090706386
Flow Uec_969_0 flowId 89 uecSrc 88 finished at 4.84668e+06 total messages 1 total packets 24474 RTS 0 total bytes 100000764 in_flight now 0 fair_inc 0 prop_inc 0 fast_inc 0 eta_inc 17630514 multi_dec -1158714 quick_dec -2002163 nack_dec -1091607700
Flow Uec_288_0 flowId 804 uecSrc 803 finished at 4.84669e+06 total messages 1 total packets 24474 RTS 0 total bytes 100000764 in_flight now 0 fair_inc 0 prop_inc 0 fast_inc 0 eta_inc 17679687 multi_dec -1149095 quick_dec -1830975 nack_dec -1091025936
Flow Uec_886_0 flowId 318 uecSrc 317 finished at 4.84671e+06 total messages 1 total packets 24474 RTS 0 total bytes 100000764 in_flight now 0 fair_inc 0 prop_inc 0 fast_inc 0 eta_inc 17658423 multi_dec -1111638 quick_dec -1895295 nack_dec -1090232522
Flow Uec_825_0 flowId 123 uecSrc 122 finished at 4.84671e+06 total messages 1 total packets 24474 RTS 0 total bytes 100000764 in_flight now 0 fair_inc 0 prop_inc 0 fast_inc 0 eta_inc 17726202 multi_dec -1225715 quick_dec -1929888 nack_dec -1091232238
Flow Uec_768_0 flowId 175 uecSrc 174 finished at 4.84673e+06 total messages 1 total packets 24474 RTS 0 total bytes 100000764 in_flight now 0 fair_inc 0 prop_inc 0 fast_inc 0 eta_inc 17468376 multi_dec -1135157 quick_dec -1856933 nack_dec -1090731616
Flow Uec_561_0 flowId 675 uecSrc 674 finished at 4.84673e+06 total messages 1 total packets 24474 RTS 0 total bytes 100000764 in_flight now 0 fair_inc 0 prop_inc 0 fast_inc 0 eta_inc 17719557 multi_dec -1141376 quick_dec -1990368 nack_dec -1090464922
Flow Uec_278_0 flowId 473 uecSrc 472 finished at 4.84674e+06 total messages 1 total packets 24474 RTS 0 total bytes 100000764 in_flight now 0 fair_inc 0 prop_inc 0 fast_inc 0 eta_inc 17824548 multi_dec -1140380 quick_dec -1972747 nack_dec -1089810750
Flow Uec_438_0 flowId 200 uecSrc 199 finished at 4.84676e+06 total messages 1 total packets 24474 RTS 0 total bytes 100000764 in_flight now 0 fair_inc 0 prop_inc 0 fast_inc 0 eta_inc 17722215 multi_dec -1168682 quick_dec -1969277 nack_dec -1091054222
Flow Uec_189_0 flowId 404 uecSrc 403 finished at 4.84678e+06 total messages 1 total packets 24474 RTS 0 total bytes 100000764 in_flight now 0 fair_inc 0 prop_inc 0 fast_inc 0 eta_inc 17479008 multi_dec -1108426 quick_dec -1829148 nack_dec -1090549780
Flow Uec_816_0 flowId 613 uecSrc 612 finished at 4.84681e+06 total messages 1 total packets 24474 RTS 0 total bytes 100000764 in_flight now 0 fair_inc 0 prop_inc 0 fast_inc 0 eta_inc 17799297 multi_dec -1149449 quick_dec -1957864 nack_dec -1091178722
Flow Uec_791_0 flowId 417 uecSrc 416 finished at 4.84681e+06 total messages 1 total packets 24474 RTS 0 total bytes 100000764 in_flight now 0 fair_inc 0 prop_inc 0 fast_inc 0 eta_inc 17726202 multi_dec -1117832 quick_dec -1871319 nack_dec -1090879158
Flow Uec_828_0 flowId 46 uecSrc 45 finished at 4.84683e+06 total messages 1 total packets 24474 RTS 0 total bytes 100000764 in_flight now 0 fair_inc 0 prop_inc 0 fast_inc 0 eta_inc 17776704 multi_dec -1183511 quick_dec -1970414 nack_dec -1090532086
Flow Uec_634_0 flowId 53 uecSrc 52 finished at 4.84684e+06 total messages 1 total packets 24474 RTS 0 total bytes 100000764 in_flight now 0 fair_inc 0 prop_inc 0 fast_inc 0 eta_inc 17589315 multi_dec -1130072 quick_dec -1892675 nack_dec -1091355644
Flow Uec_618_0 flowId 140 uecSrc 139 finished at 4.84686e+06 total messages 1 total packets 24474 RTS 0 total bytes 100000764 in_flight now 0 fair_inc 0 prop_inc 0 fast_inc 0 eta_inc 17580012 multi_dec -1042906 quick_dec -1978260 nack_dec -1091324736
Flow Uec_731_0 flowId 137 uecSrc 136 finished at 4.84687e+06 total messages 1 total packets 24474 RTS 0 total bytes 100000764 in_flight now 0 fair_inc 0 prop_inc 0 fast_inc 0 eta_inc 17736834 multi_dec -1136194 quick_dec -1897965 nack_dec -1090989350
Flow Uec_228_0 flowId 970 uecSrc 969 finished at 4.84687e+06 total messages 1 total packets 24474 RTS 0 total bytes 100000764 in_flight now 0 fair_inc 0 prop_inc 0 fast_inc 0 eta_inc 17542800 multi_dec -1134333 quick_dec -1954693 nack_dec -1091503950
Flow Uec_590_0 flowId 740 uecSrc 739 finished at 4.84699e+06 total messages 1 total packets 24474 RTS 0 total bytes 100000764 in_flight now 0 fair_inc 0 prop_inc 0 fast_inc 0 eta_inc 17642475 multi_dec -1172872 quick_dec -1857779 nack_dec -1091636750
Flow Uec_520_0 flowId 934 uecSrc 933 finished at 4.84699e+06 total messages 1 total packets 24474 RTS 0 total bytes 100000764 in_flight now 0 fair_inc 0 prop_inc 0 fast_inc 0 eta_inc 17585328 multi_dec -1124022 quick_dec -1971120 nack_dec -1091049308
Flow Uec_213_0 flowId 589 uecSrc 588 finished at 4.84699e+06 total messages 1 total packets 24474 RTS 0 total bytes 100000764 in_flight now 0 fair_inc 0 prop_inc 0 fast_inc 0 eta_inc 17779362 multi_dec -1103755 quick_dec -1952459 nack_dec -1090893900
Flow Uec_763_0 flowId 687 uecSrc 686 finished at 4.847e+06 total messages 1 total packets 24474 RTS 0 total bytes 100000764 in_flight now 0 fair_inc 0 prop_inc 0 fast_inc 0 eta_inc 17690319 multi_dec -1198117 quick_dec -1914531 nack_dec -1090427902
Flow Uec_401_0 flowId 581 uecSrc 580 finished at 4.84701e+06 total messages 1 total packets 24474 RTS 0 total bytes 100000764 in_flight now 0 fair_inc 0 prop_inc 0 fast_inc 0 eta_inc 17627856 multi_dec -1096197 quick_dec -1987043 nack_dec -1091012722
Flow Uec_875_0 flowId 615 uecSrc 614 finished at 4.84705e+06 total messages 1 total packets 24474 RTS 0 total bytes 100000764 in_flight now 0 fair_inc 0 prop_inc 0 fast_inc 0 eta_inc 17661081 multi_dec -1090696 quick_dec -1849865 nack_dec -1091708394
Flow Uec_628_0 flowId 827 uecSrc 826 finished at 4.84714e+06 total messages 1 total packets 24474 RTS 0 total bytes 100000764 in_flight now 0 fair_inc 0 prop_inc 0 fast_inc 0 eta_inc 17635830 multi_dec -1125207 quick_dec -1930340 nack_dec -1091231908
Flow Uec_572_0 flowId 476 uecSrc 475 finished at 4.84717e+06 total messages 1 total packets 24474 RTS 0 total bytes 100000764 in_flight now 0 fair_inc 0 prop_inc 0 fast_inc 0 eta_inc 17650449 multi_dec -1152908 quick_dec -1947064 nack_dec -1091167036
Flow Uec_268_0 flowId 189 uecSrc 188 finished at 4.84717e+06 total messages 1 total packets 24474 RTS 0 total bytes 100000764 in_flight now 0 fair_inc 0 prop_inc 0 fast_inc 0 eta_inc 17641146 multi_dec -1152000 quick_dec -1920761 nack_dec -1091093100
Flow Uec_80_0 flowId 380 uecSrc 379 finished at 4.84724e+06 total messages 1 total packets 24474 RTS 0 total bytes 100000764 in_flight now 0 fair_inc 0 prop_inc 0 fast_inc 0 eta_inc 17696964 multi_dec -1110105 quick_dec -1883212 nack_dec -1090627536
Flow Uec_724_0 flowId 214 uecSrc 213 finished at 4.84724e+06 total messages 1 total packets 24474 RTS 0 total bytes 100000764 in_flight now 0 fair_inc 0 prop_inc 0 fast_inc 0 eta_inc 17851128 multi_dec -1164458 quick_dec -1920911 nack_dec -1091309230
Flow Uec_379_0 flowId 308 uecSrc 307 finished at 4.84727e+06 total messages 1 total packets 24474 RTS 0 total bytes 100000764 in_flight now 0 fair_inc 0 prop_inc 0 fast_inc 0 eta_inc 17635830 multi_dec -1149676 quick_dec -1925685 nack_dec -1090032558
Flow Uec_449_0 flowId 968 uecSrc 967 finished at 4.84729e+06 total messages 1 total packets 24474 RTS 0 total bytes 100000764 in_flight now 0 fair_inc 0 prop_inc 0 fast_inc 0 eta_inc 17650449 multi_dec -1098191 quick_dec -2047928 nack_dec -1089905766
Flow Uec_128_0 flowId 330 uecSrc 329 finished at 4.84729e+06 total messages 1 total packets 24474 RTS 0 total bytes 100000764 in_flight now 0 fair_inc 0 prop_inc 0 fast_inc 0 eta_inc 17550774 multi_dec -1077400 quick_dec -2005113 nack_dec -1091140608
Flow Uec_733_0 flowId 638 uecSrc 637 finished at 4.84733e+06 total messages 1 total packets 24474 RTS 0 total bytes 100000764 in_flight now 0 fair_inc 0 prop_inc 0 fast_inc 0 eta_inc 17618553 multi_dec -1176037 quick_dec -1884283 nack_dec -1090317050
Flow Uec_917_0 flowId 460 uecSrc 459 finished at 4.84742e+06 total messages 1 total packets 24474 RTS 0 total bytes 100000764 in_flight now 0 fair_inc 0 prop_inc 0 fast_inc 0 eta_inc 17641146 multi_dec -1081409 quick_dec -1975643 nack_dec -1090369472
Flow Uec_241_0 flowId 670 uecSrc 669 finished at 4.84742e+06 total messages 1 total packets 24474 RTS 0 total bytes 100000764 in_flight now 0 fair_inc 0 prop_inc 0 fast_inc 0 eta_inc 17480337 multi_dec -1104371 quick_dec -1986809 nack_dec -1090453236
Flow Uec_570_0 flowId 951 uecSrc 950 finished at 4.84745e+06 total messages 1 total packets 24474 RTS 0 total bytes 100000764 in_flight now 0 fair_inc 0 prop_inc 0 fast_inc 0 eta_inc 17754111 multi_dec -1144541 quick_dec -1918204 nack_dec -1091035330
Flow Uec_392_0 flowId 391 uecSrc 390 finished at 4.84745e+06 total messages 1 total packets 24474 RTS 0 total bytes 100000764 in_flight now 0 fair_inc 0 prop_inc 0 fast_inc 0 eta_inc 17771388 multi_dec -1188646 quick_dec -1870884 nack_dec -1091043300
Flow Uec_81_0 flowId 488 uecSrc 487 finished at 4.84746e+06 total messages 1 total packets 24474 RTS 0 total bytes 100000764 in_flight now 0 fair_inc 0 prop_inc 0 fast_inc 0 eta_inc 17534826 multi_dec -1158004 quick_dec -1883741 nack_dec -1092354700
Flow Uec_970_0 flowId 350 uecSrc 349 finished at 4.84747e+06 total messages 1 total packets 24474 RTS 0 total bytes 100000764 in_flight now 0 fair_inc 0 prop_inc 0 fast_inc 0 eta_inc 17694306 multi_dec -1147161 quick_dec -1882593 nack_dec -1091798600
Flow Uec_950_0 flowId 264 uecSrc 263 finished at 4.84747e+06 total messages 1 total packets 24474 RTS 0 total bytes 100000764 in_flight now 0 fair_inc 0 prop_inc 0 fast_inc 0 eta_inc 17603934 multi_dec -1141748 quick_dec -1933410 nack_dec -1091401294
Flow Uec_479_0 flowId 116 uecSrc 115 finished at 4.84748e+06 total messages 1 total packets 24474 RTS 0 total bytes 100000764 in_flight now 0 fair_inc 0 prop_inc 0 fast_inc 0 eta_inc 17691648 multi_dec -1123969 quick_dec -1949655 nack_dec -1091146286
Flow Uec_444_0 flowId 1001 uecSrc 1000 finished at 4.84754e+06 total messages 1 total packets 24474 RTS 0 total bytes 100000764 in_flight now 0 fair_inc 0 prop_inc 0 fast_inc 0 eta_inc 17746137 multi_dec -1166040 quick_dec -1859485 nack_dec -1091162886
Flow Uec_135_0 flowId 254 uecSrc 253 finished at 4.84757e+06 total messages 1 total packets 24474 RTS 0 total bytes 100000764 in_flight now 0 fair_inc 0 prop_inc 0 fast_inc 0 eta_inc 17613237 multi_dec -1115080 quick_dec -1904046 nack_dec -1091541300
Flow Uec_422_0 flowId 352 uecSrc 351 finished at 4.84757e+06 total messages 1 total packets 24474 RTS 0 total bytes 100000764 in_flight now 0 fair_inc 0 prop_inc 0 fast_inc 0 eta_inc 17732847 multi_dec -1108007 quick_dec -1970957 nack_dec -1090794300
Flow Uec_898_0 flowId 674 uecSrc 673 finished at 4.84758e+06 total messages 1 total packets 24474 RTS 0 total bytes 100000764 in_flight now 0 fair_inc 0 prop_inc 0 fast_inc 0 eta_inc 17625198 multi_dec -1163055 quick_dec -1909436 nack_dec -1091349636
Flow Uec_954_0 flowId 724 uecSrc 723 finished at 4.8476e+06 total messages 1 total packets 24474 RTS 0 total bytes 100000764 in_flight now 0 fair_inc 0 prop_inc 0 fast_inc 0 eta_inc 17619882 multi_dec -1175714 quick_dec -1931679 nack_dec -1091464308
Flow Uec_326_0 flowId 986 uecSrc 985 finished at 4.84766e+06 total messages 1 total packets 24474 RTS 0 total bytes 100000764 in_flight now 0 fair_inc 0 prop_inc 0 fast_inc 0 eta_inc 17622540 multi_dec -1190137 quick_dec -1846787 nack_dec -1091188550
Flow Uec_238_0 flowId 870 uecSrc 869 finished at 4.84768e+06 total messages 1 total packets 24474 RTS 0 total bytes 100000764 in_flight now 0 fair_inc 0 prop_inc 0 fast_inc 0 eta_inc 17480337 multi_dec -1122007 quick_dec -1945245 nack_dec -1091321350
Flow Uec_147_0 flowId 90 uecSrc 89 finished at 4.84768e+06 total messages 1 total packets 24474 RTS 0 total bytes 100000764 in_flight now 0 fair_inc 0 prop_inc 0 fast_inc 0 eta_inc 17513562 multi_dec -1101272 quick_dec -1964927 nack_dec -1091196850
Flow Uec_88_0 flowId 464 uecSrc 463 finished at 4.84768e+06 total messages 1 total packets 24474 RTS 0 total bytes 100000764 in_flight now 0 fair_inc 0 prop_inc 0 fast_inc 0 eta_inc 17638488 multi_dec -1099040 quick_dec -1932210 nack_dec -1091201000
Flow Uec_164_0 flowId 794 uecSrc 793 finished at 4.84769e+06 total messages 1 total packets 24474 RTS 0 total bytes 100000764 in_flight now 0 fair_inc 0 prop_inc 0 fast_inc 0 eta_inc 17501601 multi_dec -1159169 quick_dec -1955217 nack_dec -1091234200
Flow Uec_798_0 flowId 898 uecSrc 897 finished at 4.8477e+06 total messages 1 total packets 24474 RTS 0 total bytes 100000764 in_flight now 0 fair_inc 0 prop_inc 0 fast_inc 0 eta_inc 17544129 multi_dec -1177236 quick_dec -1891551 nack_dec -1092221466
Flow Uec_909_0 flowId 366 uecSrc 365 finished at 4.84772e+06 total messages 1 total packets 24474 RTS 0 total bytes 100000764 in_flight now 0 fair_inc 0 prop_inc 0 fast_inc 0 eta_inc 17472363 multi_dec -1066356 quick_dec -1929892 nack_dec -1090142750
Flow Uec_261_0 flowId 194 uecSrc 193 finished at 4.84786e+06 total messages 1 total packets 24474 RTS 0 total bytes 100000764 in_flight now 0 fair_inc 0 prop_inc 0 fast_inc 0 eta_inc 17649120 multi_dec -1104538 quick_dec -1886498 nack_dec -1092067586
Flow Uec_180_0 flowId 274 uecSrc 273 finished at 4.84787e+06 total messages 1 total packets 24474 RTS 0 total bytes 100000764 in_flight now 0 fair_inc 0 prop_inc 0 fast_inc 0 eta_inc 17744808 multi_dec -1172851 quick_dec -1966185 nack_dec -1090789386
Flow Uec_75_0 flowId 641 uecSrc 640 finished at 4.84787e+06 total messages 1 total packets 24474 RTS 0 total bytes 100000764 in_flight now 0 fair_inc 0 prop_inc 0 fast_inc 0 eta_inc 17638488 multi_dec -1138179 quick_dec -1918648 nack_dec -1091680872
Flow Uec_421_0 flowId 504 uecSrc 503 finished at 4.84788e+06 total messages 1 total packets 24474 RTS 0 total bytes 100000764 in_flight now 0 fair_inc 0 prop_inc 0 fast_inc 0 eta_inc 17682345 multi_dec -1160885 quick_dec -1944563 nack_dec -1091553750
Flow Uec_474_0 flowId 379 uecSrc 378 finished at 4.84794e+06 total messages 1 total packets 24474 RTS 0 total bytes 100000764 in_flight now 0 fair_inc 0 prop_inc 0 fast_inc 0 eta_inc 17581341 multi_dec -1169728 quick_dec -1984802 nack_dec -1091533000
Flow Uec_632_0 flowId 523 uecSrc 522 finished at 4.84795e+06 total messages 1 total packets 24474 RTS 0 total bytes 100000764 in_flight now 0 fair_inc 0 prop_inc 0 fast_inc 0 eta_inc 17732847 multi_dec -1124209 quick_dec -1938953 nack_dec -1090466016
Flow Uec_116_0 flowId 426 uecSrc 425 finished at 4.84797e+06 total messages 1 total packets 24474 RTS 0 total bytes 100000764 in_flight now 0 fair_inc 0 prop_inc 0 fast_inc 0 eta_inc 17589315 multi_dec -1101215 quick_dec -1940836 nack_dec -1091535622
Flow Uec_756_0 flowId 905 uecSrc 904 finished at 4.84801e+06 total messages 1 total packets 24474 RTS 0 total bytes 100000764 in_flight now 0 fair_inc 0 prop_inc 0 fast_inc 0 eta_inc 17835180 multi_dec -1188446 quick_dec -1928186 nack_dec -1092475050
Flow Uec_907_0 flowId 602 uecSrc 601 finished at 4.84808e+06 total messages 1 total packets 24474 RTS 0 total bytes 100000764 in_flight now 0 fair_inc 0 prop_inc 0 fast_inc 0 eta_inc 17570709 multi_dec -1158923 quick_dec -1878497 nack_dec -1091010100
Flow Uec_761_0 flowId 941 uecSrc 940 finished at 4.84809e+06 total messages 1 total packets 24474 RTS 0 total bytes 100000764 in_flight now 0 fair_inc 0 prop_inc 0 fast_inc 0 eta_inc 17626527 multi_dec -1137105 quick_dec -1869352 nack_dec -1091362850
Flow Uec_337_0 flowId 246 uecSrc 245 finished at 4.8481e+06 total messages 1 total packets 24474 RTS 0 total bytes 100000764 in_flight now 0 fair_inc 0 prop_inc 0 fast_inc 0 eta_inc 17480337 multi_dec -1197235 quick_dec -1892121 nack_dec -1091744650
Flow Uec_643_0 flowId 610 uecSrc 609 finished at 4.84813e+06 total messages 1 total packets 24474 RTS 0 total bytes 100000764 in_flight now 0 fair_inc 0 prop_inc 0 fast_inc 0 eta_inc 17771388 multi_dec -1103013 quick_dec -1898103 nack_dec -1091213450
Flow Uec_506_0 flowId 529 uecSrc 528 finished at 4.84814e+06 total messages 1 total packets 24474 RTS 0 total bytes 100000764 in_flight now 0 fair_inc 0 prop_inc 0 fast_inc 0 eta_inc 17743479 multi_dec -1145835 quick_dec -1964150 nack_dec -1090678100
Flow Uec_1019_0 flowId 969 uecSrc 968 finished at 4.84821e+06 total messages 1 total packets 24474 RTS 0 total bytes 100000764 in_flight now 0 fair_inc 0 prop_inc 0 fast_inc 0 eta_inc 17594631 multi_dec -1143897 quick_dec -1860553 nack_dec -1092732350
Flow Uec_350_0 flowId 637 uecSrc 636 finished at 4.84824e+06 total messages 1 total packets 24474 RTS 0 total bytes 100000764 in_flight now 0 fair_inc 0 prop_inc 0 fast_inc 0 eta_inc 17694306 multi_dec -1181867 quick_dec -1980789 nack_dec -1091827650
Flow Uec_719_0 flowId 509 uecSrc 508 finished at 4.84824e+06 total messages 1 total packets 24474 RTS 0 total bytes 100000764 in_flight now 0 fair_inc 0 prop_inc 0 fast_inc 0 eta_inc 17635830 multi_dec -1101848 quick_dec -1933696 nack_dec -1090373622
Flow Uec_635_0 flowId 594 uecSrc 593 finished at 4.84827e+06 total messages 1 total packets 24474 RTS 0 total bytes 100000764 in_flight now 0 fair_inc 0 prop_inc 0 fast_inc 0 eta_inc 17637159 multi_dec -1187577 quick_dec -1886985 nack_dec -1090536236
Flow Uec_820_0 flowId 453 uecSrc 452 finished at 4.8483e+06 total messages 1 total packets 24474 RTS 0 total bytes 100000764 in_flight now 0 fair_inc 0 prop_inc 0 fast_inc 0 eta_inc 17513562 multi_dec -1148396 quick_dec -1818602 nack_dec -1092118150
Flow Uec_918_0 flowId 939 uecSrc 938 finished at 4.84832e+06 total messages 1 total packets 24474 RTS 0 total bytes 100000764 in_flight now 0 fair_inc 0 prop_inc 0 fast_inc 0 eta_inc 17634501 multi_dec -1159330 quick_dec -1916510 nack_dec -1091698236
Flow Uec_832_0 flowId 265 uecSrc 264 finished at 4.84833e+06 total messages 1 total packets 24474 RTS 0 total bytes 100000764 in_flight now 0 fair_inc 0 prop_inc 0 fast_inc 0 eta_inc 17707596 multi_dec -1154273 quick_dec -1957155 nack_dec -1091747272
Flow Uec_205_0 flowId 873 uecSrc 872 finished at 4.84835e+06 total messages 1 total packets 24474 RTS 0 total bytes 100000764 in_flight now 0 fair_inc 0 prop_inc 0 fast_inc 0 eta_inc 17658423 multi_dec -1136849 quick_dec -1949477 nack_dec -1091342100
Flow Uec_148_0 flowId 145 uecSrc 144 finished at 4.84835e+06 total messages 1 total packets 24474 RTS 0 total bytes 100000764 in_flight now 0 fair_inc 0 prop_inc 0 fast_inc 0 eta_inc 17730189 multi_dec -1182322 quick_dec -1924932 nack_dec -1092187936
Flow Uec_949_0 flowId 956 uecSrc 955 finished at 4.84838e+06 total messages 1 total packets 24474 RTS 0 total bytes 100000764 in_flight now 0 fair_inc 0 prop_inc 0 fast_inc 0 eta_inc 17766072 multi_dec -1138284 quick_dec -1896113 nack_dec -1091192266
Flow Uec_214_0 flowId 458 uecSrc 457 finished at 4.84839e+06 total messages 1 total packets 24474 RTS 0 total bytes 100000764 in_flight now 0 fair_inc 0 prop_inc 0 fast_inc 0 eta_inc 17723544 multi_dec -1151800 quick_dec -1917357 nack_dec -1090826302
Flow Uec_89_0 flowId 903 uecSrc 902 finished at 4.8484e+06 total messages 1 total packets 24474 RTS 0 total bytes 100000764 in_flight now 0 fair_inc 0 prop_inc 0 fast_inc 0 eta_inc 17606592 multi_dec -1149620 quick_dec -1983063 nack_dec -1091395286
Flow Uec_1015_0 flowId 966 uecSrc 965 finished at 4.84848e+06 total messages 1 total packets 24474 RTS 0 total bytes 100000764 in_flight now 0 fair_inc 0 prop_inc 0 fast_inc 0 eta_inc 17603934 multi_dec -1117576 quick_dec -1929271 nack_dec -1092345636
Flow Uec_313_0 flowId 516 uecSrc 515 finished at 4.84849e+06 total messages 1 total packets 24474 RTS 0 total bytes 100000764 in_flight now 0 fair_inc 0 prop_inc 0 fast_inc 0 eta_inc 17730189 multi_dec -1127143 quick_dec -1977121 nack_dec -1090626008
Flow Uec_582_0 flowId 294 uecSrc 293 finished at 4.84849e+06 total messages 1 total packets 24474 RTS 0 total bytes 100000764 in_flight now 0 fair_inc 0 prop_inc 0 fast_inc 0 eta_inc 17597289 multi_dec -1100430 quick_dec -1986592 nack_dec -1091811050
Flow Uec_399_0 flowId 481 uecSrc 480 finished at 4.8487e+06 total messages 1 total packets 24474 RTS 0 total bytes 100000764 in_flight now 0 fair_inc 0 prop_inc 0 fast_inc 0 eta_inc 17772717 multi_dec -1189914 quick_dec -1962095 nack_dec -1091035000
Flow Uec_703_0 flowId 976 uecSrc 975 finished at 4.8487e+06 total messages 1 total packets 24474 RTS 0 total bytes 100000764 in_flight now 0 fair_inc 0 prop_inc 0 fast_inc 0 eta_inc 17813916 multi_dec -1201461 quick_dec -1961607 nack_dec -1091151200
Flow Uec_988_0 flowId 400 uecSrc 399 finished at 4.84876e+06 total messages 1 total packets 24474 RTS 0 total bytes 100000764 in_flight now 0 fair_inc 0 prop_inc 0 fast_inc 0 eta_inc 17764743 multi_dec -1190230 quick_dec -1938117 nack_dec -1091562050
Flow Uec_778_0 flowId 502 uecSrc 501 finished at 4.84877e+06 total messages 1 total packets 24474 RTS 0 total bytes 100000764 in_flight now 0 fair_inc 0 prop_inc 0 fast_inc 0 eta_inc 17655765 multi_dec -1161337 quick_dec -1959311 nack_dec -1091201000
Flow Uec_694_0 flowId 961 uecSrc 960 finished at 4.84877e+06 total messages 1 total packets 24474 RTS 0 total bytes 100000764 in_flight now 0 fair_inc 0 prop_inc 0 fast_inc 0 eta_inc 17703609 multi_dec -1129848 quick_dec -2017911 nack_dec -1091433400
Flow Uec_782_0 flowId 148 uecSrc 147 finished at 4.84879e+06 total messages 1 total packets 24474 RTS 0 total bytes 100000764 in_flight now 0 fair_inc 0 prop_inc 0 fast_inc 0 eta_inc 17707596 multi_dec -1121780 quick_dec -1939752 nack_dec -1092226050
Flow Uec_530_0 flowId 370 uecSrc 369 finished at 4.8488e+06 total messages 1 total packets 24474 RTS 0 total bytes 100000764 in_flight now 0 fair_inc 0 prop_inc 0 fast_inc 0 eta_inc 17595960 multi_dec -1175629 quick_dec -2003503 nack_dec -1091313050
Flow Uec_554_0 flowId 830 uecSrc 829 finished at 4.8488e+06 total messages 1 total packets 24474 RTS 0 total bytes 100000764 in_flight now 0 fair_inc 0 prop_inc 0 fast_inc 0 eta_inc 17716899 multi_dec -1198544 quick_dec -1974179 nack_dec -1092948150
Flow Uec_809_0 flowId 692 uecSrc 691 finished at 4.84888e+06 total messages 1 total packets 24474 RTS 0 total bytes 100000764 in_flight now 0 fair_inc 0 prop_inc 0 fast_inc 0 eta_inc 17658423 multi_dec -1109529 quick_dec -1938561 nack_dec -1092013636
Flow Uec_735_0 flowId 333 uecSrc 332 finished at 4.8489e+06 total messages 1 total packets 24474 RTS 0 total bytes 100000764 in_flight now 0 fair_inc 0 prop_inc 0 fast_inc 0 eta_inc 17541471 multi_dec -1121774 quick_dec -2009554 nack_dec -1091462450
Flow Uec_277_0 flowId 236 uecSrc 235 finished at 4.8489e+06 total messages 1 total packets 24474 RTS 0 total bytes 100000764 in_flight now 0 fair_inc 0 prop_inc 0 fast_inc 0 eta_inc 17548116 multi_dec -1091917 quick_dec -1895406 nack_dec -1091249272
Flow Uec_855_0 flowId 230 uecSrc 229 finished at 4.84891e+06 total messages 1 total packets 24474 RTS 0 total bytes 100000764 in_flight now 0 fair_inc 0 prop_inc 0 fast_inc 0 eta_inc 17561406 multi_dec -1098057 quick_dec -1971427 nack_dec -1092807050
Flow Uec_210_0 flowId 334 uecSrc 333 finished at 4.84898e+06 total messages 1 total packets 24474 RTS 0 total bytes 100000764 in_flight now 0 fair_inc 0 prop_inc 0 fast_inc 0 eta_inc 17550774 multi_dec -1131009 quick_dec -1907064 nack_dec -1091378686
Flow Uec_594_0 flowId 647 uecSrc 646 finished at 4.84898e+06 total messages 1 total packets 24474 RTS 0 total bytes 100000764 in_flight now 0 fair_inc 0 prop_inc 0 fast_inc 0 eta_inc 17603934 multi_dec -1156733 quick_dec -1950426 nack_dec -1091960016
Flow Uec_248_0 flowId 601 uecSrc 600 finished at 4.84898e+06 total messages 1 total packets 24474 RTS 0 total bytes 100000764 in_flight now 0 fair_inc 0 prop_inc 0 fast_inc 0 eta_inc 17578683 multi_dec -1182104 quick_dec -1903533 nack_dec -1091457536
Flow Uec_98_0 flowId 326 uecSrc 325 finished at 4.84899e+06 total messages 1 total packets 24474 RTS 0 total bytes 100000764 in_flight now 0 fair_inc 0 prop_inc 0 fast_inc 0 eta_inc 17573367 multi_dec -1125388 quick_dec -2008310 nack_dec -1090371000
Flow Uec_649_0 flowId 77 uecSrc 76 finished at 4.849e+06 total messages 1 total packets 24474 RTS 0 total bytes 100000764 in_flight now 0 fair_inc 0 prop_inc 0 fast_inc 0 eta_inc 17674371 multi_dec -1182262 quick_dec -1853546 nack_dec -1092072500
Flow Uec_822_0 flowId 1020 uecSrc 1019 finished at 4.84902e+06 total messages 1 total packets 24474 RTS 0 total bytes 100000764 in_flight now 0 fair_inc 0 prop_inc 0 fast_inc 0 eta_inc 17653107 multi_dec -1113435 quick_dec -2012624 nack_dec -1091523172
Flow Uec_745_0 flowId 233 uecSrc 232 finished at 4.84906e+06 total messages 1 total packets 24474 RTS 0 total bytes 100000764 in_flight now 0 fair_inc 0 prop_inc 0 fast_inc 0 eta_inc 17708925 multi_dec -1141691 quick_dec -1938045 nack_dec -1091274172
Flow Uec_283_0 flowId 395 uecSrc 394 finished at 4.84908e+06 total messages 1 total packets 24474 RTS 0 total bytes 100000764 in_flight now 0 fair_inc 0 prop_inc 0 fast_inc 0 eta_inc 17593302 multi_dec -1166089 quick_dec -1969261 nack_dec -1091429250
Flow Uec_702_0 flowId 346 uecSrc 345 finished at 4.84908e+06 total messages 1 total packets 24474 RTS 0 total bytes 100000764 in_flight now 0 fair_inc 0 prop_inc 0 fast_inc 0 eta_inc 17686332 multi_dec -1173817 quick_dec -1986060 nack_dec -1091029322
Flow Uec_877_0 flowId 249 uecSrc 248 finished at 4.84912e+06 total messages 1 total packets 24474 RTS 0 total bytes 100000764 in_flight now 0 fair_inc 0 prop_inc 0 fast_inc 0 eta_inc 17621211 multi_dec -1112714 quick_dec -1993831 nack_dec -1091685786
Flow Uec_334_0 flowId 691 uecSrc 690 finished at 4.84915e+06 total messages 1 total packets 24474 RTS 0 total bytes 100000764 in_flight now 0 fair_inc 0 prop_inc 0 fast_inc 0 eta_inc 17637159 multi_dec -1168527 quick_dec -1944350 nack_dec -1092719900
Flow Uec_309_0 flowId 85 uecSrc 84 finished at 4.84916e+06 total messages 1 total packets 24474 RTS 0 total bytes 100000764 in_flight now 0 fair_inc 0 prop_inc 0 fast_inc 0 eta_inc 17570709 multi_dec -1121436 quick_dec -1920805 nack_dec -1091977050
Flow Uec_942_0 flowId 349 uecSrc 348 finished at 4.84918e+06 total messages 1 total packets 24474 RTS 0 total bytes 100000764 in_flight now 0 fair_inc 0 prop_inc 0 fast_inc 0 eta_inc 17756769 multi_dec -1204257 quick_dec -1876310 nack_dec -1092558050
Flow Uec_750_0 flowId 52 uecSrc 51 finished at 4.8492e+06 total messages 1 total packets 24474 RTS 0 total bytes 100000764 in_flight now 0 fair_inc 0 prop_inc 0 fast_inc 0 eta_inc 17534826 multi_dec -1095592 quick_dec -1950674 nack_dec -1090646758
Flow Uec_254_0 flowId 423 uecSrc 422 finished at 4.84925e+06 total messages 1 total packets 24474 RTS 0 total bytes 100000764 in_flight now 0 fair_inc 0 prop_inc 0 fast_inc 0 eta_inc 17635830 multi_dec -1150965 quick_dec -1936051 nack_dec -1091677486
Flow Uec_342_0 flowId 484 uecSrc 483 finished at 4.84927e+06 total messages 1 total packets 24474 RTS 0 total bytes 100000764 in_flight now 0 fair_inc 0 prop_inc 0 fast_inc 0 eta_inc 17653107 multi_dec -1174491 quick_dec -1916844 nack_dec -1091792922
Flow Uec_923_0 flowId 894 uecSrc 893 finished at 4.84931e+06 total messages 1 total packets 24474 RTS 0 total bytes 100000764 in_flight now 0 fair_inc 0 prop_inc 0 fast_inc 0 eta_inc 17538813 multi_dec -1191089 quick_dec -1926038 nack_dec -1091843816
Flow Uec_760_0 flowId 408 uecSrc 407 finished at 4.84933e+06 total messages 1 total packets 24474 RTS 0 total bytes 100000764 in_flight now 0 fair_inc 0 prop_inc 0 fast_inc 0 eta_inc 17663739 multi_dec -1069714 quick_dec -1983255 nack_dec -1090756186
Flow Uec_271_0 flowId 434 uecSrc 433 finished at 4.84935e+06 total messages 1 total packets 24474 RTS 0 total bytes 100000764 in_flight now 0 fair_inc 0 prop_inc 0 fast_inc 0 eta_inc 17526852 multi_dec -1148038 quick_dec -1907306 nack_dec -1093383900
Flow Uec_193_0 flowId 774 uecSrc 773 finished at 4.8494e+06 total messages 1 total packets 24474 RTS 0 total bytes 100000764 in_flight now 0 fair_inc 0 prop_inc 0 fast_inc 0 eta_inc 17634501 multi_dec -1131586 quick_dec -1978643 nack_dec -1091736350
Flow Uec_290_0 flowId 252 uecSrc 251 finished at 4.84943e+06 total messages 1 total packets 24474 RTS 0 total bytes 100000764 in_flight now 0 fair_inc 0 prop_inc 0 fast_inc 0 eta_inc 17663739 multi_dec -1185285 quick_dec -1971582 nack_dec -1090898050
Flow Uec_661_0 flowId 536 uecSrc 535 finished at 4.84945e+06 total messages 1 total packets 24474 RTS 0 total bytes 100000764 in_flight now 0 fair_inc 0 prop_inc 0 fast_inc 0 eta_inc 17711583 multi_dec -1176111 quick_dec -2016084 nack_dec -1091889136
Flow Uec_231_0 flowId 764 uecSrc 763 finished at 4.8495e+06 total messages 1 total packets 24474 RTS 0 total bytes 100000764 in_flight now 0 fair_inc 0 prop_inc 0 fast_inc 0 eta_inc 17601276 multi_dec -1146601 quick_dec -1933169 nack_dec -1093089250
Flow Uec_573_0 flowId 432 uecSrc 431 finished at 4.8495e+06 total messages 1 total packets 24474 RTS 0 total bytes 100000764 in_flight now 0 fair_inc 0 prop_inc 0 fast_inc 0 eta_inc 17544129 multi_dec -1165939 quick_dec -1924766 nack_dec -1091963836
Flow Uec_939_0 flowId 952 uecSrc 951 finished at 4.8495e+06 total messages 1 total packets 24474 RTS 0 total bytes 100000764 in_flight now 0 fair_inc 0 prop_inc 0 fast_inc 0 eta_inc 17565393 multi_dec -1115369 quick_dec -1982409 nack_dec -1091416036
Flow Uec_536_0 flowId 257 uecSrc 256 finished at 4.84954e+06 total messages 1 total packets 24474 RTS 0 total bytes 100000764 in_flight now 0 fair_inc 0 prop_inc 0 fast_inc 0 eta_inc 17502930 multi_dec -1179377 quick_dec -1915762 nack_dec -1092180730
Flow Uec_924_0 flowId 987 uecSrc 986 finished at 4.84957e+06 total messages 1 total packets 24474 RTS 0 total bytes 100000764 in_flight now 0 fair_inc 0 prop_inc 0 fast_inc 0 eta_inc 17654436 multi_dec -1178433 quick_dec -1928460 nack_dec -1091520550
Flow Uec_406_0 flowId 402 uecSrc 401 finished at 4.84959e+06 total messages 1 total packets 24474 RTS 0 total bytes 100000764 in_flight now 0 fair_inc 0 prop_inc 0 fast_inc 0 eta_inc 17704938 multi_dec -1164809 quick_dec -1994510 nack_dec -1090188400
Flow Uec_940_0 flowId 660 uecSrc 659 finished at 4.84965e+06 total messages 1 total packets 24474 RTS 0 total bytes 100000764 in_flight now 0 fair_inc 0 prop_inc 0 fast_inc 0 eta_inc 17630514 multi_dec -1123421 quick_dec -1982839 nack_dec -1090967836
Flow Uec_94_0 flowId 816 uecSrc 815 finished at 4.84965e+06 total messages 1 total packets 24474 RTS 0 total bytes 100000764 in_flight now 0 fair_inc 0 prop_inc 0 fast_inc 0 eta_inc 17740821 multi_dec -1189643 quick_dec -2015838 nack_dec -1091270786
Flow Uec_845_0 flowId 269 uecSrc 268 finished at 4.8497e+06 total messages 1 total packets 24474 RTS 0 total bytes 100000764 in_flight now 0 fair_inc 0 prop_inc 0 fast_inc 0 eta_inc 17782020 multi_dec -1166817 quick_dec -1899326 nack_dec -1091709158
Flow Uec_239_0 flowId 964 uecSrc 963 finished at 4.8497e+06 total messages 1 total packets 24474 RTS 0 total bytes 100000764 in_flight now 0 fair_inc 0 prop_inc 0 fast_inc 0 eta_inc 17704938 multi_dec -1177560 quick_dec -1889889 nack_dec -1091884986
Flow Uec_802_0 flowId 489 uecSrc 488 finished at 4.84971e+06 total messages 1 total packets 24474 RTS 0 total bytes 100000764 in_flight now 0 fair_inc 0 prop_inc 0 fast_inc 0 eta_inc 17565393 multi_dec -1149059 quick_dec -1918379 nack_dec -1091499800
Flow Uec_374_0 flowId 843 uecSrc 842 finished at 4.84971e+06 total messages 1 total packets 24474 RTS 0 total bytes 100000764 in_flight now 0 fair_inc 0 prop_inc 0 fast_inc 0 eta_inc 17848470 multi_dec -1195419 quick_dec -1929317 nack_dec -1092093250
Flow Uec_362_0 flowId 865 uecSrc 864 finished at 4.84977e+06 total messages 1 total packets 24474 RTS 0 total bytes 100000764 in_flight now 0 fair_inc 0 prop_inc 0 fast_inc 0 eta_inc 17665068 multi_dec -1136922 quick_dec -1992004 nack_dec -1092560672
Flow Uec_586_0 flowId 100 uecSrc 99 finished at 4.84978e+06 total messages 1 total packets 24474 RTS 0 total bytes 100000764 in_flight now 0 fair_inc 0 prop_inc 0 fast_inc 0 eta_inc 17564064 multi_dec -1161996 quick_dec -1970885 nack_dec -1091416036
Flow Uec_255_0 flowId 94 uecSrc 93 finished at 4.8498e+06 total messages 1 total packets 24474 RTS 0 total bytes 100000764 in_flight now 0 fair_inc 0 prop_inc 0 fast_inc 0 eta_inc 17716899 multi_dec -1130639 quick_dec -1950826 nack_dec -1091752950
Flow Uec_720_0 flowId 908 uecSrc 907 finished at 4.8498e+06 total messages 1 total packets 24474 RTS 0 total bytes 100000764 in_flight now 0 fair_inc 0 prop_inc 0 fast_inc 0 eta_inc 17688990 multi_dec -1100109 quick_dec -1983937 nack_dec -1091300600
Flow Uec_171_0 flowId 664 uecSrc 663 finished at 4.8498e+06 total messages 1 total packets 24474 RTS 0 total bytes 100000764 in_flight now 0 fair_inc 0 prop_inc 0 fast_inc 0 eta_inc 17601276 multi_dec -1150438 quick_dec -1919531 nack_dec -1092747422
Flow Uec_752_0 flowId 492 uecSrc 491 finished at 4.8498e+06 total messages 1 total packets 24474 RTS 0 total bytes 100000764 in_flight now 0 fair_inc 0 prop_inc 0 fast_inc 0 eta_inc 17646462 multi_dec -1138622 quick_dec -1946387 nack_dec -1090412500
Flow Uec_332_0 flowId 289 uecSrc 288 finished at 4.84982e+06 total messages 1 total packets 24474 RTS 0 total bytes 100000764 in_flight now 0 fair_inc 0 prop_inc 0 fast_inc 0 eta_inc 17762085 multi_dec -1188191 quick_dec -2029882 nack_dec -1092573886
Flow Uec_1004_0 flowId 477 uecSrc 476 finished at 4.84982e+06 total messages 1 total packets 24474 RTS 0 total bytes 100000764 in_flight now 0 fair_inc 0 prop_inc 0 fast_inc 0 eta_inc 17728860 multi_dec -1116944 quick_dec -1901121 nack_dec -1092804758
Flow Uec_284_0 flowId 619 uecSrc 618 finished at 4.84986e+06 total messages 1 total packets 24474 RTS 0 total bytes 100000764 in_flight now 0 fair_inc 0 prop_inc 0 fast_inc 0 eta_inc 17646462 multi_dec -1179456 quick_dec -1965510 nack_dec -1091831800
Flow Uec_895_0 flowId 270 uecSrc 269 finished at 4.84987e+06 total messages 1 total packets 24474 RTS 0 total bytes 100000764 in_flight now 0 fair_inc 0 prop_inc 0 fast_inc 0 eta_inc 17744808 multi_dec -1131712 quick_dec -1899242 nack_dec -1093002100
Flow Uec_517_0 flowId 839 uecSrc 838 finished at 4.84988e+06 total messages 1 total packets 24474 RTS 0 total bytes 100000764 in_flight now 0 fair_inc 0 prop_inc 0 fast_inc 0 eta_inc 17651778 multi_dec -1108713 quick_dec -1956111 nack_dec -1091493358
Flow Uec_850_0 flowId 933 uecSrc 932 finished at 4.84992e+06 total messages 1 total packets 24474 RTS 0 total bytes 100000764 in_flight now 0 fair_inc 0 prop_inc 0 fast_inc 0 eta_inc 17728860 multi_dec -1130477 quick_dec -1967759 nack_dec -1091682400
Flow Uec_344_0 flowId 234 uecSrc 233 finished at 4.84999e+06 total messages 1 total packets 24474 RTS 0 total bytes 100000764 in_flight now 0 fair_inc 0 prop_inc 0 fast_inc 0 eta_inc 17711583 multi_dec -1106045 quick_dec -2005976 nack_dec -1091216836
.Flow Uec_487_0 flowId 409 uecSrc 408 finished at 4.85005e+06 total messages 1 total packets 24474 RTS 0 total bytes 100000764 in_flight now 0 fair_inc 0 prop_inc 0 fast_inc 0 eta_inc 17789994 multi_dec -1114847 quick_dec -1943736 nack_dec -1091827650
Flow Uec_322_0 flowId 359 uecSrc 358 finished at 4.85005e+06 total messages 1 total packets 24474 RTS 0 total bytes 100000764 in_flight now 0 fair_inc 0 prop_inc 0 fast_inc 0 eta_inc 17585328 multi_dec -1185235 quick_dec -1956023 nack_dec -1091296450
Flow Uec_134_0 flowId 721 uecSrc 720 finished at 4.85012e+06 total messages 1 total packets 24474 RTS 0 total bytes 100000764 in_flight now 0 fair_inc 0 prop_inc 0 fast_inc 0 eta_inc 17726202 multi_dec -1094544 quick_dec -1906203 nack_dec -1091949094
Flow Uec_853_0 flowId 144 uecSrc 143 finished at 4.85012e+06 total messages 1 total packets 24474 RTS 0 total bytes 100000764 in_flight now 0 fair_inc 0 prop_inc 0 fast_inc 0 eta_inc 17799297 multi_dec -1197233 quick_dec -1927932 nack_dec -1091578650
Flow Uec_452_0 flowId 323 uecSrc 322 finished at 4.85012e+06 total messages 1 total packets 24474 RTS 0 total bytes 100000764 in_flight now 0 fair_inc 0 prop_inc 0 fast_inc 0 eta_inc 17562735 multi_dec -1113201 quick_dec -1984878 nack_dec -1092060050
Flow Uec_389_0 flowId 1010 uecSrc 1009 finished at 4.85015e+06 total messages 1 total packets 24474 RTS 0 total bytes 100000764 in_flight now 0 fair_inc 0 prop_inc 0 fast_inc 0 eta_inc 17687661 multi_dec -1116385 quick_dec -1959790 nack_dec -1091816294
Flow Uec_329_0 flowId 739 uecSrc 738 finished at 4.85016e+06 total messages 1 total packets 24474 RTS 0 total bytes 100000764 in_flight now 0 fair_inc 0 prop_inc 0 fast_inc 0 eta_inc 17688990 multi_dec -1143171 quick_dec -1901131 nack_dec -1092661800
Flow Uec_698_0 flowId 645 uecSrc 644 finished at 4.85017e+06 total messages 1 total packets 24474 RTS 0 total bytes 100000764 in_flight now 0 fair_inc 0 prop_inc 0 fast_inc 0 eta_inc 17748795 multi_dec -1187927 quick_dec -1916338 nack_dec -1091489208
Flow Uec_363_0 flowId 57 uecSrc 56 finished at 4.85019e+06 total messages 1 total packets 24474 RTS 0 total bytes 100000764 in_flight now 0 fair_inc 0 prop_inc 0 fast_inc 0 eta_inc 17670384 multi_dec -1118666 quick_dec -1990983 nack_dec -1091399002
Flow Uec_250_0 flowId 539 uecSrc 538 finished at 4.8502e+06 total messages 1 total packets 24474 RTS 0 total bytes 100000764 in_flight now 0 fair_inc 0 prop_inc 0 fast_inc 0 eta_inc 17659752 multi_dec -1197484 quick_dec -1870056 nack_dec -1091539772
Flow Uec_642_0 flowId 171 uecSrc 170 finished at 4.8502e+06 total messages 1 total packets 24474 RTS 0 total bytes 100000764 in_flight now 0 fair_inc 0 prop_inc 0 fast_inc 0 eta_inc 17667726 multi_dec -1159820 quick_dec -1926487 nack_dec -1092039300
Flow Uec_928_0 flowId 634 uecSrc 633 finished at 4.85021e+06 total messages 1 total packets 24474 RTS 0 total bytes 100000764 in_flight now 0 fair_inc 0 prop_inc 0 fast_inc 0 eta_inc 17735505 multi_dec -1151833 quick_dec -2022492 nack_dec -1090665650
Flow Uec_414_0 flowId 915 uecSrc 914 finished at 4.85021e+06 total messages 1 total packets 24474 RTS 0 total bytes 100000764 in_flight now 0 fair_inc 0 prop_inc 0 fast_inc 0 eta_inc 17615895 multi_dec -1195975 quick_dec -1967936 nack_dec -1092230200
Flow Uec_929_0 flowId 21 uecSrc 20 finished at 4.85028e+06 total messages 1 total packets 24474 RTS 0 total bytes 100000764 in_flight now 0 fair_inc 0 prop_inc 0 fast_inc 0 eta_inc 17669055 multi_dec -1185169 quick_dec -1895314 nack_dec -1091294922
Flow Uec_296_0 flowId 125 uecSrc 124 finished at 4.85029e+06 total messages 1 total packets 24474 RTS 0 total bytes 100000764 in_flight now 0 fair_inc 0 prop_inc 0 fast_inc 0 eta_inc 17880366 multi_dec -1184643 quick_dec -1936958 nack_dec -1091701622
Flow Uec_331_0 flowId 459 uecSrc 458 finished at 4.85035e+06 total messages 1 total packets 24474 RTS 0 total bytes 100000764 in_flight now 0 fair_inc 0 prop_inc 0 fast_inc 0 eta_inc 17614566 multi_dec -1081900 quick_dec -1934015 nack_dec -1092477672
Flow Uec_87_0 flowId 667 uecSrc 666 finished at 4.85036e+06 total messages 1 total packets 24474 RTS 0 total bytes 100000764 in_flight now 0 fair_inc 0 prop_inc 0 fast_inc 0 eta_inc 17619882 multi_dec -1197526 quick_dec -1888692 nack_dec -1091989500
Flow Uec_645_0 flowId 946 uecSrc 945 finished at 4.8504e+06 total messages 1 total packets 24474 RTS 0 total bytes 100000764 in_flight now 0 fair_inc 0 prop_inc 0 fast_inc 0 eta_inc 17747466 multi_dec -1134800 quick_dec -2028467 nack_dec -1091378686
Flow Uec_567_0 flowId 965 uecSrc 964 finished at 4.85042e+06 total messages 1 total packets 24474 RTS 0 total bytes 100000764 in_flight now 0 fair_inc 0 prop_inc 0 fast_inc 0 eta_inc 17768730 multi_dec -1122126 quick_dec -1963791 nack_dec -1091881600
Flow Uec_485_0 flowId 174 uecSrc 173 finished at 4.85045e+06 total messages 1 total packets 24474 RTS 0 total bytes 100000764 in_flight now 0 fair_inc 0 prop_inc 0 fast_inc 0 eta_inc 17605263 multi_dec -1198550 quick_dec -1970661 nack_dec -1091491500
Flow Uec_915_0 flowId 1004 uecSrc 1003 finished at 4.85048e+06 total messages 1 total packets 24474 RTS 0 total bytes 100000764 in_flight now 0 fair_inc 0 prop_inc 0 fast_inc 0 eta_inc 17650449 multi_dec -1083699 quick_dec -1996526 nack_dec -1091951386
Flow Uec_245_0 flowId 107 uecSrc 106 finished at 4.85048e+06 total messages 1 total packets 24474 RTS 0 total bytes 100000764 in_flight now 0 fair_inc 0 prop_inc 0 fast_inc 0 eta_inc 17724873 multi_dec -1122118 quick_dec -1908620 nack_dec -1091863472
Flow Uec_516_0 flowId 415 uecSrc 414 finished at 4.85057e+06 total messages 1 total packets 24474 RTS 0 total bytes 100000764 in_flight now 0 fair_inc 0 prop_inc 0 fast_inc 0 eta_inc 17774046 multi_dec -1150222 quick_dec -1995194 nack_dec -1091162886
Flow Uec_1022_0 flowId 517 uecSrc 516 finished at 4.85058e+06 total messages 1 total packets 24474 RTS 0 total bytes 100000764 in_flight now 0 fair_inc 0 prop_inc 0 fast_inc 0 eta_inc 17739492 multi_dec -1107824 quick_dec -2055431 nack_dec -1091598636
Flow Uec_1018_0 flowId 578 uecSrc 577 finished at 4.8506e+06 total messages 1 total packets 24474 RTS 0 total bytes 100000764 in_flight now 0 fair_inc 0 prop_inc 0 fast_inc 0 eta_inc 17591973 multi_dec -1145501 quick_dec -2048034 nack_dec -1091484294
Flow Uec_685_0 flowId 442 uecSrc 441 finished at 4.8506e+06 total messages 1 total packets 24474 RTS 0 total bytes 100000764 in_flight now 0 fair_inc 0 prop_inc 0 fast_inc 0 eta_inc 17513562 multi_dec -1102729 quick_dec -1902713 nack_dec -1092141522
Flow Uec_726_0 flowId 247 uecSrc 246 finished at 4.85061e+06 total messages 1 total packets 24474 RTS 0 total bytes 100000764 in_flight now 0 fair_inc 0 prop_inc 0 fast_inc 0 eta_inc 17514891 multi_dec -1140402 quick_dec -1992553 nack_dec -1091623536
Flow Uec_551_0 flowId 356 uecSrc 355 finished at 4.85062e+06 total messages 1 total packets 24474 RTS 0 total bytes 100000764 in_flight now 0 fair_inc 0 prop_inc 0 fast_inc 0 eta_inc 17711583 multi_dec -1186100 quick_dec -1982637 nack_dec -1091938936
Flow Uec_333_0 flowId 431 uecSrc 430 finished at 4.85062e+06 total messages 1 total packets 24474 RTS 0 total bytes 100000764 in_flight now 0 fair_inc 0 prop_inc 0 fast_inc 0 eta_inc 17607921 multi_dec -1114390 quick_dec -1963352 nack_dec -1093578950
Flow Uec_713_0 flowId 996 uecSrc 995 finished at 4.85062e+06 total messages 1 total packets 24474 RTS 0 total bytes 100000764 in_flight now 0 fair_inc 0 prop_inc 0 fast_inc 0 eta_inc 17532168 multi_dec -1072523 quick_dec -1978601 nack_dec -1092508250
Flow Uec_1000_0 flowId 449 uecSrc 448 finished at 4.85064e+06 total messages 1 total packets 24474 RTS 0 total bytes 100000764 in_flight now 0 fair_inc 0 prop_inc 0 fast_inc 0 eta_inc 17747466 multi_dec -1192287 quick_dec -1916051 nack_dec -1092312436
Flow Uec_367_0 flowId 298 uecSrc 297 finished at 4.85067e+06 total messages 1 total packets 24474 RTS 0 total bytes 100000764 in_flight now 0 fair_inc 0 prop_inc 0 fast_inc 0 eta_inc 17534826 multi_dec -1164864 quick_dec -2030342 nack_dec -1091182872
Flow Uec_920_0 flowId 129 uecSrc 128 finished at 4.85067e+06 total messages 1 total packets 24474 RTS 0 total bytes 100000764 in_flight now 0 fair_inc 0 prop_inc 0 fast_inc 0 eta_inc 17609250 multi_dec -1172501 quick_dec -1962663 nack_dec -1091588808
Flow Uec_467_0 flowId 575 uecSrc 574 finished at 4.85068e+06 total messages 1 total packets 24474 RTS 0 total bytes 100000764 in_flight now 0 fair_inc 0 prop_inc 0 fast_inc 0 eta_inc 17754111 multi_dec -1129802 quick_dec -1968737 nack_dec -1092296600
Flow Uec_348_0 flowId 681 uecSrc 680 finished at 4.8507e+06 total messages 1 total packets 24474 RTS 0 total bytes 100000764 in_flight now 0 fair_inc 0 prop_inc 0 fast_inc 0 eta_inc 17809929 multi_dec -1221583 quick_dec -2025736 nack_dec -1093055286
Flow Uec_987_0 flowId 50 uecSrc 49 finished at 4.85073e+06 total messages 1 total packets 24474 RTS 0 total bytes 100000764 in_flight now 0 fair_inc 0 prop_inc 0 fast_inc 0 eta_inc 17560077 multi_dec -1118442 quick_dec -1922750 nack_dec -1091958158
Flow Uec_732_0 flowId 136 uecSrc 135 finished at 4.85077e+06 total messages 1 total packets 24474 RTS 0 total bytes 100000764 in_flight now 0 fair_inc 0 prop_inc 0 fast_inc 0 eta_inc 17730189 multi_dec -1144589 quick_dec -2037101 nack_dec -1092163800
Flow Uec_454_0 flowId 397 uecSrc 396 finished at 4.8508e+06 total messages 1 total packets 24474 RTS 0 total bytes 100000764 in_flight now 0 fair_inc 0 prop_inc 0 fast_inc 0 eta_inc 17558748 multi_dec -1151857 quick_dec -1923857 nack_dec -1092358850
Flow Uec_811_0 flowId 729 uecSrc 728 finished at 4.85081e+06 total messages 1 total packets 24474 RTS 0 total bytes 100000764 in_flight now 0 fair_inc 0 prop_inc 0 fast_inc 0 eta_inc 17766072 multi_dec -1175947 quick_dec -1982561 nack_dec -1091719750
Flow Uec_518_0 flowId 924 uecSrc 923 finished at 4.85083e+06 total messages 1 total packets 24474 RTS 0 total bytes 100000764 in_flight now 0 fair_inc 0 prop_inc 0 fast_inc 0 eta_inc 17657094 multi_dec -1162652 quick_dec -1968271 nack_dec -1092072500
Flow Uec_531_0 flowId 219 uecSrc 218 finished at 4.85084e+06 total messages 1 total packets 24474 RTS 0 total bytes 100000764 in_flight now 0 fair_inc 0 prop_inc 0 fast_inc 0 eta_inc 17655765 multi_dec -1151211 quick_dec -1958920 nack_dec -1092107558
Flow Uec_754_0 flowId 450 uecSrc 449 finished at 4.85085e+06 total messages 1 total packets 24474 RTS 0 total bytes 100000764 in_flight now 0 fair_inc 0 prop_inc 0 fast_inc 0 eta_inc 17514891 multi_dec -1184496 quick_dec -1945031 nack_dec -1091930636
Flow Uec_227_0 flowId 276 uecSrc 275 finished at 4.85085e+06 total messages 1 total packets 24474 RTS 0 total bytes 100000764 in_flight now 0 fair_inc 0 prop_inc 0 fast_inc 0 eta_inc 17740821 multi_dec -1179044 quick_dec -1950683 nack_dec -1091699000
Flow Uec_1001_0 flowId 702 uecSrc 701 finished at 4.85086e+06 total messages 1 total packets 24474 RTS 0 total bytes 100000764 in_flight now 0 fair_inc 0 prop_inc 0 fast_inc 0 eta_inc 17580012 multi_dec -1094854 quick_dec -1969419 nack_dec -1092201150
Flow Uec_194_0 flowId 382 uecSrc 381 finished at 4.85087e+06 total messages 1 total packets 24474 RTS 0 total bytes 100000764 in_flight now 0 fair_inc 0 prop_inc 0 fast_inc 0 eta_inc 17905617 multi_dec -1179063 quick_dec -1876759 nack_dec -1092321500
Flow Uec_824_0 flowId 659 uecSrc 658 finished at 4.85088e+06 total messages 1 total packets 24474 RTS 0 total bytes 100000764 in_flight now 0 fair_inc 0 prop_inc 0 fast_inc 0 eta_inc 17730189 multi_dec -1185160 quick_dec -1896444 nack_dec -1092255100
Flow Uec_93_0 flowId 556 uecSrc 555 finished at 4.85089e+06 total messages 1 total packets 24474 RTS 0 total bytes 100000764 in_flight now 0 fair_inc 0 prop_inc 0 fast_inc 0 eta_inc 17669055 multi_dec -1136239 quick_dec -1976340 nack_dec -1092419572
Flow Uec_202_0 flowId 371 uecSrc 370 finished at 4.85089e+06 total messages 1 total packets 24474 RTS 0 total bytes 100000764 in_flight now 0 fair_inc 0 prop_inc 0 fast_inc 0 eta_inc 17522865 multi_dec -1062574 quick_dec -1879562 nack_dec -1092255100
Flow Uec_633_0 flowId 597 uecSrc 596 finished at 4.8509e+06 total messages 1 total packets 24474 RTS 0 total bytes 100000764 in_flight now 0 fair_inc 0 prop_inc 0 fast_inc 0 eta_inc 17740821 multi_dec -1175971 quick_dec -1944321 nack_dec -1092238500
Flow Uec_526_0 flowId 248 uecSrc 247 finished at 4.85092e+06 total messages 1 total packets 24474 RTS 0 total bytes 100000764 in_flight now 0 fair_inc 0 prop_inc 0 fast_inc 0 eta_inc 17605263 multi_dec -1161278 quick_dec -1879692 nack_dec -1092342250
Flow Uec_501_0 flowId 649 uecSrc 648 finished at 4.85092e+06 total messages 1 total packets 24474 RTS 0 total bytes 100000764 in_flight now 0 fair_inc 0 prop_inc 0 fast_inc 0 eta_inc 17638488 multi_dec -1176656 quick_dec -1952842 nack_dec -1093072650
Flow Uec_527_0 flowId 868 uecSrc 867 finished at 4.85093e+06 total messages 1 total packets 24474 RTS 0 total bytes 100000764 in_flight now 0 fair_inc 0 prop_inc 0 fast_inc 0 eta_inc 17718228 multi_dec -1194945 quick_dec -1969625 nack_dec -1093352888
Flow Uec_710_0 flowId 287 uecSrc 286 finished at 4.85094e+06 total messages 1 total packets 24474 RTS 0 total bytes 100000764 in_flight now 0 fair_inc 0 prop_inc 0 fast_inc 0 eta_inc 17595960 multi_dec -1132832 quick_dec -1960465 nack_dec -1093231444
Flow Uec_721_0 flowId 886 uecSrc 885 finished at 4.85097e+06 total messages 1 total packets 24474 RTS 0 total bytes 100000764 in_flight now 0 fair_inc 0 prop_inc 0 fast_inc 0 eta_inc 17750124 multi_dec -1191703 quick_dec -1936101 nack_dec -1092267550
Flow Uec_956_0 flowId 491 uecSrc 490 finished at 4.85097e+06 total messages 1 total packets 24474 RTS 0 total bytes 100000764 in_flight now 0 fair_inc 0 prop_inc 0 fast_inc 0 eta_inc 17844483 multi_dec -1241959 quick_dec -1964040 nack_dec -1091772936
Flow Uec_287_0 flowId 416 uecSrc 415 finished at 4.85099e+06 total messages 1 total packets 24474 RTS 0 total bytes 100000764 in_flight now 0 fair_inc 0 prop_inc 0 fast_inc 0 eta_inc 17746137 multi_dec -1179706 quick_dec -1940220 nack_dec -1092944000
Flow Uec_398_0 flowId 81 uecSrc 80 finished at 4.851e+06 total messages 1 total packets 24474 RTS 0 total bytes 100000764 in_flight now 0 fair_inc 0 prop_inc 0 fast_inc 0 eta_inc 17654436 multi_dec -1205953 quick_dec -1953226 nack_dec -1092458450
Flow Uec_651_0 flowId 821 uecSrc 820 finished at 4.85103e+06 total messages 1 total packets 24474 RTS 0 total bytes 100000764 in_flight now 0 fair_inc 0 prop_inc 0 fast_inc 0 eta_inc 17581341 multi_dec -1121274 quick_dec -2016971 nack_dec -1091710686
Flow Uec_524_0 flowId 128 uecSrc 127 finished at 4.85104e+06 total messages 1 total packets 24474 RTS 0 total bytes 100000764 in_flight now 0 fair_inc 0 prop_inc 0 fast_inc 0 eta_inc 17651778 multi_dec -1155531 quick_dec -1914035 nack_dec -1093558200
Flow Uec_837_0 flowId 672 uecSrc 671 finished at 4.85106e+06 total messages 1 total packets 24474 RTS 0 total bytes 100000764 in_flight now 0 fair_inc 0 prop_inc 0 fast_inc 0 eta_inc 17696964 multi_dec -1210416 quick_dec -1852384 nack_dec -1092246800
Flow Uec_529_0 flowId 748 uecSrc 747 finished at 4.85108e+06 total messages 1 total packets 24474 RTS 0 total bytes 100000764 in_flight now 0 fair_inc 0 prop_inc 0 fast_inc 0 eta_inc 17732847 multi_dec -1169053 quick_dec -1889841 nack_dec -1091357936
Flow Uec_576_0 flowId 548 uecSrc 547 finished at 4.85109e+06 total messages 1 total packets 24474 RTS 0 total bytes 100000764 in_flight now 0 fair_inc 0 prop_inc 0 fast_inc 0 eta_inc 17540142 multi_dec -1137343 quick_dec -1916122 nack_dec -1092620300
Flow Uec_158_0 flowId 527 uecSrc 526 finished at 4.8511e+06 total messages 1 total packets 24474 RTS 0 total bytes 100000764 in_flight now 0 fair_inc 0 prop_inc 0 fast_inc 0 eta_inc 17471034 multi_dec -1099192 quick_dec -1970529 nack_dec -1092250950
Flow Uec_182_0 flowId 820 uecSrc 819 finished at 4.85111e+06 total messages 1 total packets 24474 RTS 0 total bytes 100000764 in_flight now 0 fair_inc 0 prop_inc 0 fast_inc 0 eta_inc 17595960 multi_dec -1260956 quick_dec -1923837 nack_dec -1091858558
Flow Uec_709_0 flowId 633 uecSrc 632 finished at 4.85112e+06 total messages 1 total packets 24474 RTS 0 total bytes 100000764 in_flight now 0 fair_inc 0 prop_inc 0 fast_inc 0 eta_inc 17492298 multi_dec -1129710 quick_dec -1931360 nack_dec -1092187172
Flow Uec_107_0 flowId 698 uecSrc 697 finished at 4.85114e+06 total messages 1 total packets 24474 RTS 0 total bytes 100000764 in_flight now 0 fair_inc 0 prop_inc 0 fast_inc 0 eta_inc 17720886 multi_dec -1119319 quick_dec -1983303 nack_dec -1092569736
Flow Uec_112_0 flowId 772 uecSrc 771 finished at 4.85114e+06 total messages 1 total packets 24474 RTS 0 total bytes 100000764 in_flight now 0 fair_inc 0 prop_inc 0 fast_inc 0 eta_inc 17533497 multi_dec -1146085 quick_dec -1932707 nack_dec -1092416186
Flow Uec_598_0 flowId 114 uecSrc 113 finished at 4.85116e+06 total messages 1 total packets 24474 RTS 0 total bytes 100000764 in_flight now 0 fair_inc 0 prop_inc 0 fast_inc 0 eta_inc 17625198 multi_dec -1157649 quick_dec -1997649 nack_dec -1091811050
Flow Uec_101_0 flowId 153 uecSrc 152 finished at 4.85118e+06 total messages 1 total packets 24474 RTS 0 total bytes 100000764 in_flight now 0 fair_inc 0 prop_inc 0 fast_inc 0 eta_inc 17710254 multi_dec -1172776 quick_dec -1917090 nack_dec -1092050986
Flow Uec_737_0 flowId 759 uecSrc 758 finished at 4.85123e+06 total messages 1 total packets 24474 RTS 0 total bytes 100000764 in_flight now 0 fair_inc 0 prop_inc 0 fast_inc 0 eta_inc 17694306 multi_dec -1190199 quick_dec -1946191 nack_dec -1091865000
Flow Uec_170_0 flowId 4 uecSrc 3 finished at 4.85126e+06 total messages 1 total packets 24474 RTS 0 total bytes 100000764 in_flight now 0 fair_inc 0 prop_inc 0 fast_inc 0 eta_inc 17564064 multi_dec -1158420 quick_dec -1956758 nack_dec -1090945558
Flow Uec_497_0 flowId 837 uecSrc 836 finished at 4.85127e+06 total messages 1 total packets 24474 RTS 0 total bytes 100000764 in_flight now 0 fair_inc 0 prop_inc 0 fast_inc 0 eta_inc 17401926 multi_dec -1114423 quick_dec -1932776 nack_dec -1092861000
Flow Uec_744_0 flowId 973 uecSrc 972 finished at 4.85129e+06 total messages 1 total packets 24474 RTS 0 total bytes 100000764 in_flight now 0 fair_inc 0 prop_inc 0 fast_inc 0 eta_inc 17678358 multi_dec -1142104 quick_dec -1872080 nack_dec -1092398058
Flow Uec_568_0 flowId 841 uecSrc 840 finished at 4.8513e+06 total messages 1 total packets 24474 RTS 0 total bytes 100000764 in_flight now 0 fair_inc 0 prop_inc 0 fast_inc 0 eta_inc 17558748 multi_dec -1109641 quick_dec -1972365 nack_dec -1092898350
Flow Uec_904_0 flowId 927 uecSrc 926 finished at 4.85136e+06 total messages 1 total packets 24474 RTS 0 total bytes 100000764 in_flight now 0 fair_inc 0 prop_inc 0 fast_inc 0 eta_inc 17661081 multi_dec -1195427 quick_dec -1854904 nack_dec -1092894200
Flow Uec_902_0 flowId 281 uecSrc 280 finished at 4.85139e+06 total messages 1 total packets 24474 RTS 0 total bytes 100000764 in_flight now 0 fair_inc 0 prop_inc 0 fast_inc 0 eta_inc 17845812 multi_dec -1233174 quick_dec -1923576 nack_dec -1092138900
Flow Uec_222_0 flowId 975 uecSrc 974 finished at 4.8514e+06 total messages 1 total packets 24474 RTS 0 total bytes 100000764 in_flight now 0 fair_inc 0 prop_inc 0 fast_inc 0 eta_inc 17871063 multi_dec -1220051 quick_dec -1952025 nack_dec -1091913272
Flow Uec_233_0 flowId 876 uecSrc 875 finished at 4.85142e+06 total messages 1 total packets 24474 RTS 0 total bytes 100000764 in_flight now 0 fair_inc 0 prop_inc 0 fast_inc 0 eta_inc 17724873 multi_dec -1177355 quick_dec -1958394 nack_dec -1091703150
Flow Uec_162_0 flowId 505 uecSrc 504 finished at 4.85143e+06 total messages 1 total packets 24474 RTS 0 total bytes 100000764 in_flight now 0 fair_inc 0 prop_inc 0 fast_inc 0 eta_inc 17566722 multi_dec -1105833 quick_dec -1938344 nack_dec -1092256958
Flow Uec_282_0 flowId 475 uecSrc 474 finished at 4.85145e+06 total messages 1 total packets 24474 RTS 0 total bytes 100000764 in_flight now 0 fair_inc 0 prop_inc 0 fast_inc 0 eta_inc 17568051 multi_dec -1170735 quick_dec -1872221 nack_dec -1093179786
Flow Uec_336_0 flowId 684 uecSrc 683 finished at 4.85147e+06 total messages 1 total packets 24474 RTS 0 total bytes 100000764 in_flight now 0 fair_inc 0 prop_inc 0 fast_inc 0 eta_inc 17673042 multi_dec -1216874 quick_dec -1969641 nack_dec -1091054986
Flow Uec_125_0 flowId 319 uecSrc 318 finished at 4.85152e+06 total messages 1 total packets 24474 RTS 0 total bytes 100000764 in_flight now 0 fair_inc 0 prop_inc 0 fast_inc 0 eta_inc 17635830 multi_dec -1188812 quick_dec -2007096 nack_dec -1091827650
Flow Uec_468_0 flowId 231 uecSrc 230 finished at 4.85153e+06 total messages 1 total packets 24474 RTS 0 total bytes 100000764 in_flight now 0 fair_inc 0 prop_inc 0 fast_inc 0 eta_inc 17784678 multi_dec -1148908 quick_dec -1994211 nack_dec -1092245272
Flow Uec_252_0 flowId 546 uecSrc 545 finished at 4.85153e+06 total messages 1 total packets 24474 RTS 0 total bytes 100000764 in_flight now 0 fair_inc 0 prop_inc 0 fast_inc 0 eta_inc 17502930 multi_dec -1142342 quick_dec -1862970 nack_dec -1091935550
Flow Uec_203_0 flowId 467 uecSrc 466 finished at 4.85158e+06 total messages 1 total packets 24474 RTS 0 total bytes 100000764 in_flight now 0 fair_inc 0 prop_inc 0 fast_inc 0 eta_inc 17763414 multi_dec -1250861 quick_dec -1797848 nack_dec -1093101700
Flow Uec_317_0 flowId 209 uecSrc 208 finished at 4.85158e+06 total messages 1 total packets 24474 RTS 0 total bytes 100000764 in_flight now 0 fair_inc 0 prop_inc 0 fast_inc 0 eta_inc 17631843 multi_dec -1140943 quick_dec -1993550 nack_dec -1093033772
Flow Uec_707_0 flowId 185 uecSrc 184 finished at 4.85159e+06 total messages 1 total packets 24474 RTS 0 total bytes 100000764 in_flight now 0 fair_inc 0 prop_inc 0 fast_inc 0 eta_inc 17780691 multi_dec -1232824 quick_dec -1902586 nack_dec -1092892672
Flow Uec_998_0 flowId 595 uecSrc 594 finished at 4.85161e+06 total messages 1 total packets 24474 RTS 0 total bytes 100000764 in_flight now 0 fair_inc 0 prop_inc 0 fast_inc 0 eta_inc 17562735 multi_dec -1122726 quick_dec -2023134 nack_dec -1092793836
Flow Uec_844_0 flowId 317 uecSrc 316 finished at 4.85162e+06 total messages 1 total packets 24474 RTS 0 total bytes 100000764 in_flight now 0 fair_inc 0 prop_inc 0 fast_inc 0 eta_inc 17756769 multi_dec -1146776 quick_dec -1981035 nack_dec -1091157972
Flow Uec_546_0 flowId 671 uecSrc 670 finished at 4.85164e+06 total messages 1 total packets 24474 RTS 0 total bytes 100000764 in_flight now 0 fair_inc 0 prop_inc 0 fast_inc 0 eta_inc 17581341 multi_dec -1120991 quick_dec -1931180 nack_dec -1091955536
Flow Uec_566_0 flowId 267 uecSrc 266 finished at 4.85165e+06 total messages 1 total packets 24474 RTS 0 total bytes 100000764 in_flight now 0 fair_inc 0 prop_inc 0 fast_inc 0 eta_inc 17540142 multi_dec -1100177 quick_dec -1928304 nack_dec -1091948330
Flow Uec_673_0 flowId 790 uecSrc 789 finished at 4.85168e+06 total messages 1 total packets 24474 RTS 0 total bytes 100000764 in_flight now 0 fair_inc 0 prop_inc 0 fast_inc 0 eta_inc 17576025 multi_dec -1124616 quick_dec -1928198 nack_dec -1093179022
Flow Uec_985_0 flowId 743 uecSrc 742 finished at 4.8517e+06 total messages 1 total packets 24474 RTS 0 total bytes 100000764 in_flight now 0 fair_inc 0 prop_inc 0 fast_inc 0 eta_inc 17603934 multi_dec -1115467 quick_dec -1887085 nack_dec -1093429550
Flow Uec_660_0 flowId 202 uecSrc 201 finished at 4.85171e+06 total messages 1 total packets 24474 RTS 0 total bytes 100000764 in_flight now 0 fair_inc 0 prop_inc 0 fast_inc 0 eta_inc 17583999 multi_dec -1115584 quick_dec -1908524 nack_dec -1092790780
Flow Uec_316_0 flowId 887 uecSrc 886 finished at 4.85171e+06 total messages 1 total packets 24474 RTS 0 total bytes 100000764 in_flight now 0 fair_inc 0 prop_inc 0 fast_inc 0 eta_inc 17902959 multi_dec -1179387 quick_dec -1919885 nack_dec -1092694236
Flow Uec_1017_0 flowId 814 uecSrc 813 finished at 4.85171e+06 total messages 1 total packets 24474 RTS 0 total bytes 100000764 in_flight now 0 fair_inc 0 prop_inc 0 fast_inc 0 eta_inc 17764743 multi_dec -1139198 quick_dec -1993364 nack_dec -1092905886
Flow Uec_473_0 flowId 313 uecSrc 312 finished at 4.85173e+06 total messages 1 total packets 24474 RTS 0 total bytes 100000764 in_flight now 0 fair_inc 0 prop_inc 0 fast_inc 0 eta_inc 17585328 multi_dec -1159698 quick_dec -1939886 nack_dec -1091727286
Flow Uec_892_0 flowId 207 uecSrc 206 finished at 4.85174e+06 total messages 1 total packets 24474 RTS 0 total bytes 100000764 in_flight now 0 fair_inc 0 prop_inc 0 fast_inc 0 eta_inc 17514891 multi_dec -1146044 quick_dec -1859894 nack_dec -1092560672
Flow Uec_539_0 flowId 340 uecSrc 339 finished at 4.85175e+06 total messages 1 total packets 24474 RTS 0 total bytes 100000764 in_flight now 0 fair_inc 0 prop_inc 0 fast_inc 0 eta_inc 17795310 multi_dec -1161797 quick_dec -1991116 nack_dec -1093466900
Flow Uec_662_0 flowId 378 uecSrc 377 finished at 4.85177e+06 total messages 1 total packets 24474 RTS 0 total bytes 100000764 in_flight now 0 fair_inc 0 prop_inc 0 fast_inc 0 eta_inc 17613237 multi_dec -1182762 quick_dec -1916641 nack_dec -1092532386
Flow Uec_646_0 flowId 750 uecSrc 749 finished at 4.85179e+06 total messages 1 total packets 24474 RTS 0 total bytes 100000764 in_flight now 0 fair_inc 0 prop_inc 0 fast_inc 0 eta_inc 17574696 multi_dec -1137190 quick_dec -1948839 nack_dec -1092279236
Flow Uec_961_0 flowId 428 uecSrc 427 finished at 4.85179e+06 total messages 1 total packets 24474 RTS 0 total bytes 100000764 in_flight now 0 fair_inc 0 prop_inc 0 fast_inc 0 eta_inc 17744808 multi_dec -1198447 quick_dec -1952424 nack_dec -1093475200
Flow Uec_889_0 flowId 570 uecSrc 569 finished at 4.85185e+06 total messages 1 total packets 24474 RTS 0 total bytes 100000764 in_flight now 0 fair_inc 0 prop_inc 0 fast_inc 0 eta_inc 17552103 multi_dec -1160318 quick_dec -1972134 nack_dec -1092387900
Flow Uec_525_0 flowId 853 uecSrc 852 finished at 4.85188e+06 total messages 1 total packets 24474 RTS 0 total bytes 100000764 in_flight now 0 fair_inc 0 prop_inc 0 fast_inc 0 eta_inc 17756769 multi_dec -1175279 quick_dec -1957321 nack_dec -1093143200
Flow Uec_427_0 flowId 954 uecSrc 953 finished at 4.8519e+06 total messages 1 total packets 24474 RTS 0 total bytes 100000764 in_flight now 0 fair_inc 0 prop_inc 0 fast_inc 0 eta_inc 17815245 multi_dec -1233499 quick_dec -1978042 nack_dec -1091939700
Flow Uec_537_0 flowId 745 uecSrc 744 finished at 4.85191e+06 total messages 1 total packets 24474 RTS 0 total bytes 100000764 in_flight now 0 fair_inc 0 prop_inc 0 fast_inc 0 eta_inc 17687661 multi_dec -1197305 quick_dec -1951235 nack_dec -1092550844
Flow Uec_812_0 flowId 560 uecSrc 559 finished at 4.85193e+06 total messages 1 total packets 24474 RTS 0 total bytes 100000764 in_flight now 0 fair_inc 0 prop_inc 0 fast_inc 0 eta_inc 17603934 multi_dec -1141813 quick_dec -1959028 nack_dec -1092241122
Flow Uec_884_0 flowId 635 uecSrc 634 finished at 4.85193e+06 total messages 1 total packets 24474 RTS 0 total bytes 100000764 in_flight now 0 fair_inc 0 prop_inc 0 fast_inc 0 eta_inc 17742150 multi_dec -1188587 quick_dec -1997126 nack_dec -1092905886
Flow Uec_371_0 flowId 92 uecSrc 91 finished at 4.85198e+06 total messages 1 total packets 24474 RTS 0 total bytes 100000764 in_flight now 0 fair_inc 0 prop_inc 0 fast_inc 0 eta_inc 17634501 multi_dec -1241449 quick_dec -1882005 nack_dec -1091632600
Flow Uec_276_0 flowId 863 uecSrc 862 finished at 4.85198e+06 total messages 1 total packets 24474 RTS 0 total bytes 100000764 in_flight now 0 fair_inc 0 prop_inc 0 fast_inc 0 eta_inc 17570709 multi_dec -1146186 quick_dec -1924846 nack_dec -1093017936
Flow Uec_652_0 flowId 170 uecSrc 169 finished at 4.85198e+06 total messages 1 total packets 24474 RTS 0 total bytes 100000764 in_flight now 0 fair_inc 0 prop_inc 0 fast_inc 0 eta_inc 17686332 multi_dec -1148682 quick_dec -1929736 nack_dec -1092454300
Flow Uec_548_0 flowId 673 uecSrc 672 finished at 4.85201e+06 total messages 1 total packets 24474 RTS 0 total bytes 100000764 in_flight now 0 fair_inc 0 prop_inc 0 fast_inc 0 eta_inc 17688990 multi_dec -1172071 quick_dec -1944775 nack_dec -1092420336
Flow Uec_106_0 flowId 599 uecSrc 598 finished at 4.85203e+06 total messages 1 total packets 24474 RTS 0 total bytes 100000764 in_flight now 0 fair_inc 0 prop_inc 0 fast_inc 0 eta_inc 17912262 multi_dec -1214735 quick_dec -1940261 nack_dec -1093568358
Flow Uec_369_0 flowId 375 uecSrc 374 finished at 4.85205e+06 total messages 1 total packets 24474 RTS 0 total bytes 100000764 in_flight now 0 fair_inc 0 prop_inc 0 fast_inc 0 eta_inc 17525523 multi_dec -1181179 quick_dec -1887185 nack_dec -1093022850
Flow Uec_951_0 flowId 528 uecSrc 527 finished at 4.85206e+06 total messages 1 total packets 24474 RTS 0 total bytes 100000764 in_flight now 0 fair_inc 0 prop_inc 0 fast_inc 0 eta_inc 17593302 multi_dec -1161298 quick_dec -1861780 nack_dec -1093176400
Flow Uec_470_0 flowId 825 uecSrc 824 finished at 4.85206e+06 total messages 1 total packets 24474 RTS 0 total bytes 100000764 in_flight now 0 fair_inc 0 prop_inc 0 fast_inc 0 eta_inc 17662410 multi_dec -1179304 quick_dec -2017757 nack_dec -1092221900
Flow Uec_743_0 flowId 455 uecSrc 454 finished at 4.8521e+06 total messages 1 total packets 24474 RTS 0 total bytes 100000764 in_flight now 0 fair_inc 0 prop_inc 0 fast_inc 0 eta_inc 17650449 multi_dec -1146806 quick_dec -1935553 nack_dec -1091906500
Flow Uec_71_0 flowId 451 uecSrc 450 finished at 4.85211e+06 total messages 1 total packets 24474 RTS 0 total bytes 100000764 in_flight now 0 fair_inc 0 prop_inc 0 fast_inc 0 eta_inc 17653107 multi_dec -1166590 quick_dec -1887598 nack_dec -1092279236
Flow Uec_583_0 flowId 1022 uecSrc 1021 finished at 4.85212e+06 total messages 1 total packets 24474 RTS 0 total bytes 100000764 in_flight now 0 fair_inc 0 prop_inc 0 fast_inc 0 eta_inc 17666397 multi_dec -1213128 quick_dec -2003268 nack_dec -1092722522
Flow Uec_446_0 flowId 598 uecSrc 597 finished at 4.85213e+06 total messages 1 total packets 24474 RTS 0 total bytes 100000764 in_flight now 0 fair_inc 0 prop_inc 0 fast_inc 0 eta_inc 17533497 multi_dec -1188954 quick_dec -1903515 nack_dec -1091935550
Flow Uec_686_0 flowId 424 uecSrc 423 finished at 4.85216e+06 total messages 1 total packets 24474 RTS 0 total bytes 100000764 in_flight now 0 fair_inc 0 prop_inc 0 fast_inc 0 eta_inc 17482995 multi_dec -1153222 quick_dec -1876296 nack_dec -1093129986
Flow Uec_511_0 flowId 65 uecSrc 64 finished at 4.85221e+06 total messages 1 total packets 24474 RTS 0 total bytes 100000764 in_flight now 0 fair_inc 0 prop_inc 0 fast_inc 0 eta_inc 17545458 multi_dec -1150149 quick_dec -1899890 nack_dec -1091943086
Flow Uec_948_0 flowId 590 uecSrc 589 finished at 4.85223e+06 total messages 1 total packets 24474 RTS 0 total bytes 100000764 in_flight now 0 fair_inc 0 prop_inc 0 fast_inc 0 eta_inc 17577354 multi_dec -1192671 quick_dec -1926817 nack_dec -1092491650
Flow Uec_345_0 flowId 500 uecSrc 499 finished at 4.85223e+06 total messages 1 total packets 24474 RTS 0 total bytes 100000764 in_flight now 0 fair_inc 0 prop_inc 0 fast_inc 0 eta_inc 17498943 multi_dec -1098370 quick_dec -1961595 nack_dec -1091391900
Flow Uec_270_0 flowId 62 uecSrc 61 finished at 4.8523e+06 total messages 1 total packets 24474 RTS 0 total bytes 100000764 in_flight now 0 fair_inc 0 prop_inc 0 fast_inc 0 eta_inc 17784678 multi_dec -1198432 quick_dec -1899058 nack_dec -1092723286
Flow Uec_126_0 flowId 118 uecSrc 117 finished at 4.85232e+06 total messages 1 total packets 24474 RTS 0 total bytes 100000764 in_flight now 0 fair_inc 0 prop_inc 0 fast_inc 0 eta_inc 17789994 multi_dec -1209953 quick_dec -1937605 nack_dec -1092507486
Flow Uec_868_0 flowId 1021 uecSrc 1020 finished at 4.85234e+06 total messages 1 total packets 24474 RTS 0 total bytes 100000764 in_flight now 0 fair_inc 0 prop_inc 0 fast_inc 0 eta_inc 17772717 multi_dec -1186708 quick_dec -1945137 nack_dec -1092097400
Flow Uec_953_0 flowId 468 uecSrc 467 finished at 4.85234e+06 total messages 1 total packets 24474 RTS 0 total bytes 100000764 in_flight now 0 fair_inc 0 prop_inc 0 fast_inc 0 eta_inc 17538813 multi_dec -1163472 quick_dec -1950376 nack_dec -1092872686
Flow Uec_404_0 flowId 881 uecSrc 880 finished at 4.85235e+06 total messages 1 total packets 24474 RTS 0 total bytes 100000764 in_flight now 0 fair_inc 0 prop_inc 0 fast_inc 0 eta_inc 17674371 multi_dec -1155187 quick_dec -1967973 nack_dec -1092545600
Flow Uec_830_0 flowId 469 uecSrc 468 finished at 4.85236e+06 total messages 1 total packets 24474 RTS 0 total bytes 100000764 in_flight now 0 fair_inc 0 prop_inc 0 fast_inc 0 eta_inc 17766072 multi_dec -1222778 quick_dec -1909311 nack_dec -1092204536
Flow Uec_653_0 flowId 28 uecSrc 27 finished at 4.85237e+06 total messages 1 total packets 24474 RTS 0 total bytes 100000764 in_flight now 0 fair_inc 0 prop_inc 0 fast_inc 0 eta_inc 17691648 multi_dec -1162891 quick_dec -1975170 nack_dec -1092367150
Flow Uec_989_0 flowId 342 uecSrc 341 finished at 4.85238e+06 total messages 1 total packets 24474 RTS 0 total bytes 100000764 in_flight now 0 fair_inc 0 prop_inc 0 fast_inc 0 eta_inc 17627856 multi_dec -1204714 quick_dec -1856483 nack_dec -1093396350
Flow Uec_157_0 flowId 273 uecSrc 272 finished at 4.85244e+06 total messages 1 total packets 24474 RTS 0 total bytes 100000764 in_flight now 0 fair_inc 0 prop_inc 0 fast_inc 0 eta_inc 17603934 multi_dec -1205196 quick_dec -1979629 nack_dec -1093093400
Flow Uec_184_0 flowId 520 uecSrc 519 finished at 4.85244e+06 total messages 1 total packets 24474 RTS 0 total bytes 100000764 in_flight now 0 fair_inc 0 prop_inc 0 fast_inc 0 eta_inc 17738163 multi_dec -1190536 quick_dec -1970417 nack_dec -1092910036
Flow Uec_1020_0 flowId 992 uecSrc 991 finished at 4.85248e+06 total messages 1 total packets 24474 RTS 0 total bytes 100000764 in_flight now 0 fair_inc 0 prop_inc 0 fast_inc 0 eta_inc 17517549 multi_dec -1183340 quick_dec -1920375 nack_dec -1092300750
Flow Uec_178_0 flowId 912 uecSrc 911 finished at 4.85249e+06 total messages 1 total packets 24474 RTS 0 total bytes 100000764 in_flight now 0 fair_inc 0 prop_inc 0 fast_inc 0 eta_inc 17602605 multi_dec -1155351 quick_dec -1911283 nack_dec -1092545600
Flow Uec_857_0 flowId 401 uecSrc 400 finished at 4.85249e+06 total messages 1 total packets 24474 RTS 0 total bytes 100000764 in_flight now 0 fair_inc 0 prop_inc 0 fast_inc 0 eta_inc 17758098 multi_dec -1169017 quick_dec -1899531 nack_dec -1092084950
Flow Uec_541_0 flowId 971 uecSrc 970 finished at 4.85249e+06 total messages 1 total packets 24474 RTS 0 total bytes 100000764 in_flight now 0 fair_inc 0 prop_inc 0 fast_inc 0 eta_inc 17718228 multi_dec -1198755 quick_dec -1920497 nack_dec -1092798750
Flow Uec_695_0 flowId 754 uecSrc 753 finished at 4.85252e+06 total messages 1 total packets 24474 RTS 0 total bytes 100000764 in_flight now 0 fair_inc 0 prop_inc 0 fast_inc 0 eta_inc 17642475 multi_dec -1164270 quick_dec -1910884 nack_dec -1092898350
Flow Uec_842_0 flowId 715 uecSrc 714 finished at 4.85253e+06 total messages 1 total packets 24474 RTS 0 total bytes 100000764 in_flight now 0 fair_inc 0 prop_inc 0 fast_inc 0 eta_inc 17554761 multi_dec -1128976 quick_dec -2003673 nack_dec -1092786300
Flow Uec_320_0 flowId 778 uecSrc 777 finished at 4.85256e+06 total messages 1 total packets 24474 RTS 0 total bytes 100000764 in_flight now 0 fair_inc 0 prop_inc 0 fast_inc 0 eta_inc 17718228 multi_dec -1176456 quick_dec -1946970 nack_dec -1092167950
Flow Uec_457_0 flowId 995 uecSrc 994 finished at 4.85257e+06 total messages 1 total packets 24474 RTS 0 total bytes 100000764 in_flight now 0 fair_inc 0 prop_inc 0 fast_inc 0 eta_inc 17488311 multi_dec -1134160 quick_dec -1912912 nack_dec -1092392050
Flow Uec_696_0 flowId 553 uecSrc 552 finished at 4.85261e+06 total messages 1 total packets 24474 RTS 0 total bytes 100000764 in_flight now 0 fair_inc 0 prop_inc 0 fast_inc 0 eta_inc 17536155 multi_dec -1215691 quick_dec -1958851 nack_dec -1092408650
Flow Uec_197_0 flowId 367 uecSrc 366 finished at 4.85261e+06 total messages 1 total packets 24474 RTS 0 total bytes 100000764 in_flight now 0 fair_inc 0 prop_inc 0 fast_inc 0 eta_inc 17625198 multi_dec -1139230 quick_dec -1921281 nack_dec -1093670250
Flow Uec_364_0 flowId 34 uecSrc 33 finished at 4.85264e+06 total messages 1 total packets 24474 RTS 0 total bytes 100000764 in_flight now 0 fair_inc 0 prop_inc 0 fast_inc 0 eta_inc 17924223 multi_dec -1181785 quick_dec -1938829 nack_dec -1092412800
Flow Uec_496_0 flowId 18 uecSrc 17 finished at 4.85266e+06 total messages 1 total packets 24474 RTS 0 total bytes 100000764 in_flight now 0 fair_inc 0 prop_inc 0 fast_inc 0 eta_inc 17565393 multi_dec -1151274 quick_dec -1981795 nack_dec -1094072036
Flow Uec_82_0 flowId 403 uecSrc 402 finished at 4.85268e+06 total messages 1 total packets 24474 RTS 0 total bytes 100000764 in_flight now 0 fair_inc 0 prop_inc 0 fast_inc 0 eta_inc 17602605 multi_dec -1201520 quick_dec -2011076 nack_dec -1092852700
Flow Uec_560_0 flowId 5 uecSrc 4 finished at 4.85268e+06 total messages 1 total packets 24474 RTS 0 total bytes 100000764 in_flight now 0 fair_inc 0 prop_inc 0 fast_inc 0 eta_inc 17738163 multi_dec -1190708 quick_dec -1920266 nack_dec -1092034386
Flow Uec_601_0 flowId 607 uecSrc 606 finished at 4.85269e+06 total messages 1 total packets 24474 RTS 0 total bytes 100000764 in_flight now 0 fair_inc 0 prop_inc 0 fast_inc 0 eta_inc 17681016 multi_dec -1155120 quick_dec -1949400 nack_dec -1091607700
Flow Uec_430_0 flowId 343 uecSrc 342 finished at 4.85277e+06 total messages 1 total packets 24474 RTS 0 total bytes 100000764 in_flight now 0 fair_inc 0 prop_inc 0 fast_inc 0 eta_inc 17553432 multi_dec -1133247 quick_dec -1881828 nack_dec -1093159036
Flow Uec_966_0 flowId 151 uecSrc 150 finished at 4.85287e+06 total messages 1 total packets 24474 RTS 0 total bytes 100000764 in_flight now 0 fair_inc 0 prop_inc 0 fast_inc 0 eta_inc 17681016 multi_dec -1250672 quick_dec -1989029 nack_dec -1091607700
Flow Uec_90_0 flowId 213 uecSrc 212 finished at 4.85288e+06 total messages 1 total packets 24474 RTS 0 total bytes 100000764 in_flight now 0 fair_inc 0 prop_inc 0 fast_inc 0 eta_inc 17599947 multi_dec -1161809 quick_dec -1916203 nack_dec -1093143200
Flow Uec_195_0 flowId 931 uecSrc 930 finished at 4.85289e+06 total messages 1 total packets 24474 RTS 0 total bytes 100000764 in_flight now 0 fair_inc 0 prop_inc 0 fast_inc 0 eta_inc 17698293 multi_dec -1139931 quick_dec -1989681 nack_dec -1093179786
Flow Uec_440_0 flowId 680 uecSrc 679 finished at 4.85293e+06 total messages 1 total packets 24474 RTS 0 total bytes 100000764 in_flight now 0 fair_inc 0 prop_inc 0 fast_inc 0 eta_inc 17853786 multi_dec -1227926 quick_dec -1910211 nack_dec -1093217900
Flow Uec_190_0 flowId 799 uecSrc 798 finished at 4.85293e+06 total messages 1 total packets 24474 RTS 0 total bytes 100000764 in_flight now 0 fair_inc 0 prop_inc 0 fast_inc 0 eta_inc 17691648 multi_dec -1233853 quick_dec -1922887 nack_dec -1092976436
Flow Uec_796_0 flowId 355 uecSrc 354 finished at 4.85295e+06 total messages 1 total packets 24474 RTS 0 total bytes 100000764 in_flight now 0 fair_inc 0 prop_inc 0 fast_inc 0 eta_inc 17493627 multi_dec -1157989 quick_dec -1906088 nack_dec -1094303672
Flow Uec_359_0 flowId 64 uecSrc 63 finished at 4.85299e+06 total messages 1 total packets 24474 RTS 0 total bytes 100000764 in_flight now 0 fair_inc 0 prop_inc 0 fast_inc 0 eta_inc 17625198 multi_dec -1280159 quick_dec -2000208 nack_dec -1092533150
Flow Uec_873_0 flowId 840 uecSrc 839 finished at 4.85301e+06 total messages 1 total packets 24474 RTS 0 total bytes 100000764 in_flight now 0 fair_inc 0 prop_inc 0 fast_inc 0 eta_inc 17663739 multi_dec -1164943 quick_dec -1958082 nack_dec -1093864536
Flow Uec_899_0 flowId 618 uecSrc 617 finished at 4.85303e+06 total messages 1 total packets 24474 RTS 0 total bytes 100000764 in_flight now 0 fair_inc 0 prop_inc 0 fast_inc 0 eta_inc 17629185 multi_dec -1170255 quick_dec -1922487 nack_dec -1093428022
Flow Uec_123_0 flowId 425 uecSrc 424 finished at 4.85307e+06 total messages 1 total packets 24474 RTS 0 total bytes 100000764 in_flight now 0 fair_inc 0 prop_inc 0 fast_inc 0 eta_inc 17603934 multi_dec -1168002 quick_dec -1889347 nack_dec -1093977350
Flow Uec_1023_0 flowId 6 uecSrc 5 finished at 4.85308e+06 total messages 1 total packets 24474 RTS 0 total bytes 100000764 in_flight now 0 fair_inc 0 prop_inc 0 fast_inc 0 eta_inc 17646462 multi_dec -1217936 quick_dec -1919293 nack_dec -1092603700
Flow Uec_151_0 flowId 639 uecSrc 638 finished at 4.85309e+06 total messages 1 total packets 24474 RTS 0 total bytes 100000764 in_flight now 0 fair_inc 0 prop_inc 0 fast_inc 0 eta_inc 17706267 multi_dec -1176752 quick_dec -1968865 nack_dec -1093276000
Flow Uec_267_0 flowId 162 uecSrc 161 finished at 4.85312e+06 total messages 1 total packets 24474 RTS 0 total bytes 100000764 in_flight now 0 fair_inc 0 prop_inc 0 fast_inc 0 eta_inc 17876379 multi_dec -1212938 quick_dec -1936275 nack_dec -1093014550
Flow Uec_328_0 flowId 583 uecSrc 582 finished at 4.85313e+06 total messages 1 total packets 24474 RTS 0 total bytes 100000764 in_flight now 0 fair_inc 0 prop_inc 0 fast_inc 0 eta_inc 17788665 multi_dec -1206491 quick_dec -1942001 nack_dec -1092831950
Flow Uec_464_0 flowId 808 uecSrc 807 finished at 4.85315e+06 total messages 1 total packets 24474 RTS 0 total bytes 100000764 in_flight now 0 fair_inc 0 prop_inc 0 fast_inc 0 eta_inc 17695635 multi_dec -1163884 quick_dec -1889112 nack_dec -1094164100
Flow Uec_466_0 flowId 785 uecSrc 784 finished at 4.85317e+06 total messages 1 total packets 24474 RTS 0 total bytes 100000764 in_flight now 0 fair_inc 0 prop_inc 0 fast_inc 0 eta_inc 17706267 multi_dec -1194803 quick_dec -1920299 nack_dec -1093620450
Flow Uec_883_0 flowId 421 uecSrc 420 finished at 4.85319e+06 total messages 1 total packets 24474 RTS 0 total bytes 100000764 in_flight now 0 fair_inc 0 prop_inc 0 fast_inc 0 eta_inc 17722215 multi_dec -1296542 quick_dec -1980418 nack_dec -1091852550
Flow Uec_785_0 flowId 422 uecSrc 421 finished at 4.85321e+06 total messages 1 total packets 24474 RTS 0 total bytes 100000764 in_flight now 0 fair_inc 0 prop_inc 0 fast_inc 0 eta_inc 17800626 multi_dec -1200532 quick_dec -2048107 nack_dec -1093093400
Flow Uec_120_0 flowId 438 uecSrc 437 finished at 4.85324e+06 total messages 1 total packets 24474 RTS 0 total bytes 100000764 in_flight now 0 fair_inc 0 prop_inc 0 fast_inc 0 eta_inc 17755440 multi_dec -1218011 quick_dec -1907382 nack_dec -1092993800
Flow Uec_581_0 flowId 365 uecSrc 364 finished at 4.85324e+06 total messages 1 total packets 24474 RTS 0 total bytes 100000764 in_flight now 0 fair_inc 0 prop_inc 0 fast_inc 0 eta_inc 17685003 multi_dec -1202773 quick_dec -1889421 nack_dec -1092811200
Flow Uec_982_0 flowId 357 uecSrc 356 finished at 4.85325e+06 total messages 1 total packets 24474 RTS 0 total bytes 100000764 in_flight now 0 fair_inc 0 prop_inc 0 fast_inc 0 eta_inc 17909604 multi_dec -1200792 quick_dec -1971748 nack_dec -1093163950
Flow Uec_91_0 flowId 435 uecSrc 434 finished at 4.85325e+06 total messages 1 total packets 24474 RTS 0 total bytes 100000764 in_flight now 0 fair_inc 0 prop_inc 0 fast_inc 0 eta_inc 17739492 multi_dec -1187645 quick_dec -1918121 nack_dec -1092549750
Flow Uec_65_0 flowId 1018 uecSrc 1017 finished at 4.85325e+06 total messages 1 total packets 24474 RTS 0 total bytes 100000764 in_flight now 0 fair_inc 0 prop_inc 0 fast_inc 0 eta_inc 17867076 multi_dec -1258171 quick_dec -1936636 nack_dec -1092761400
Flow Uec_779_0 flowId 487 uecSrc 486 finished at 4.85325e+06 total messages 1 total packets 24474 RTS 0 total bytes 100000764 in_flight now 0 fair_inc 0 prop_inc 0 fast_inc 0 eta_inc 17498943 multi_dec -1106607 quick_dec -1917568 nack_dec -1093666100
Flow Uec_815_0 flowId 646 uecSrc 645 finished at 4.85326e+06 total messages 1 total packets 24474 RTS 0 total bytes 100000764 in_flight now 0 fair_inc 0 prop_inc 0 fast_inc 0 eta_inc 17861760 multi_dec -1185543 quick_dec -1884519 nack_dec -1094176550
Flow Uec_997_0 flowId 327 uecSrc 326 finished at 4.85326e+06 total messages 1 total packets 24474 RTS 0 total bytes 100000764 in_flight now 0 fair_inc 0 prop_inc 0 fast_inc 0 eta_inc 17706267 multi_dec -1256962 quick_dec -1938319 nack_dec -1092089100
Flow Uec_730_0 flowId 440 uecSrc 439 finished at 4.85333e+06 total messages 1 total packets 24474 RTS 0 total bytes 100000764 in_flight now 0 fair_inc 0 prop_inc 0 fast_inc 0 eta_inc 17758098 multi_dec -1223166 quick_dec -1928760 nack_dec -1092504100
Flow Uec_962_0 flowId 979 uecSrc 978 finished at 4.85333e+06 total messages 1 total packets 24474 RTS 0 total bytes 100000764 in_flight now 0 fair_inc 0 prop_inc 0 fast_inc 0 eta_inc 17706267 multi_dec -1222480 quick_dec -1954612 nack_dec -1093525000
Flow Uec_746_0 flowId 478 uecSrc 477 finished at 4.85335e+06 total messages 1 total packets 24474 RTS 0 total bytes 100000764 in_flight now 0 fair_inc 0 prop_inc 0 fast_inc 0 eta_inc 17677029 multi_dec -1222023 quick_dec -1960485 nack_dec -1092641050
Flow Uec_772_0 flowId 377 uecSrc 376 finished at 4.85336e+06 total messages 1 total packets 24474 RTS 0 total bytes 100000764 in_flight now 0 fair_inc 0 prop_inc 0 fast_inc 0 eta_inc 17760756 multi_dec -1251142 quick_dec -1947288 nack_dec -1094276150
Flow Uec_513_0 flowId 936 uecSrc 935 finished at 4.85336e+06 total messages 1 total packets 24474 RTS 0 total bytes 100000764 in_flight now 0 fair_inc 0 prop_inc 0 fast_inc 0 eta_inc 17570709 multi_dec -1179904 quick_dec -1952627 nack_dec -1092736500
Flow Uec_403_0 flowId 923 uecSrc 922 finished at 4.85337e+06 total messages 1 total packets 24474 RTS 0 total bytes 100000764 in_flight now 0 fair_inc 0 prop_inc 0 fast_inc 0 eta_inc 17750124 multi_dec -1202404 quick_dec -1967408 nack_dec -1093591400
Flow Uec_188_0 flowId 567 uecSrc 566 finished at 4.85337e+06 total messages 1 total packets 24474 RTS 0 total bytes 100000764 in_flight now 0 fair_inc 0 prop_inc 0 fast_inc 0 eta_inc 17848470 multi_dec -1259538 quick_dec -1992035 nack_dec -1092516550
Flow Uec_943_0 flowId 695 uecSrc 694 finished at 4.85338e+06 total messages 1 total packets 24474 RTS 0 total bytes 100000764 in_flight now 0 fair_inc 0 prop_inc 0 fast_inc 0 eta_inc 17685003 multi_dec -1210910 quick_dec -1951831 nack_dec -1093570650
Flow Uec_535_0 flowId 511 uecSrc 510 finished at 4.85339e+06 total messages 1 total packets 24474 RTS 0 total bytes 100000764 in_flight now 0 fair_inc 4710 prop_inc 0 fast_inc 0 eta_inc 17651778 multi_dec -1162856 quick_dec -1875967 nack_dec -1094247100
Flow Uec_994_0 flowId 678 uecSrc 677 finished at 4.85341e+06 total messages 1 total packets 24474 RTS 0 total bytes 100000764 in_flight now 0 fair_inc 0 prop_inc 0 fast_inc 0 eta_inc 17747466 multi_dec -1264041 quick_dec -2014547 nack_dec -1092375450
Flow Uec_490_0 flowId 347 uecSrc 346 finished at 4.85342e+06 total messages 1 total packets 24474 RTS 0 total bytes 100000764 in_flight now 0 fair_inc 0 prop_inc 0 fast_inc 0 eta_inc 17836509 multi_dec -1270628 quick_dec -1901983 nack_dec -1093039450
Flow Uec_738_0 flowId 99 uecSrc 98 finished at 4.85344e+06 total messages 1 total packets 24474 RTS 0 total bytes 100000764 in_flight now 0 fair_inc 0 prop_inc 0 fast_inc 0 eta_inc 17694306 multi_dec -1182010 quick_dec -1930482 nack_dec -1092827800
Flow Uec_459_0 flowId 557 uecSrc 556 finished at 4.85344e+06 total messages 1 total packets 24474 RTS 0 total bytes 100000764 in_flight now 0 fair_inc 4750 prop_inc 0 fast_inc 0 eta_inc 17744808 multi_dec -1244648 quick_dec -1960120 nack_dec -1092919100
Flow Uec_641_0 flowId 537 uecSrc 536 finished at 4.85344e+06 total messages 1 total packets 24474 RTS 0 total bytes 100000764 in_flight now 0 fair_inc 0 prop_inc 0 fast_inc 0 eta_inc 17703609 multi_dec -1223503 quick_dec -1915809 nack_dec -1093691000
Flow Uec_728_0 flowId 632 uecSrc 631 finished at 4.85345e+06 total messages 1 total packets 24474 RTS 0 total bytes 100000764 in_flight now 0 fair_inc 0 prop_inc 0 fast_inc 0 eta_inc 17723544 multi_dec -1183837 quick_dec -2008405 nack_dec -1092794600
Flow Uec_767_0 flowId 611 uecSrc 610 finished at 4.85345e+06 total messages 1 total packets 24474 RTS 0 total bytes 100000764 in_flight now 0 fair_inc 0 prop_inc 0 fast_inc 0 eta_inc 17791323 multi_dec -1231031 quick_dec -1998094 nack_dec -1093163950
Flow Uec_397_0 flowId 15 uecSrc 14 finished at 4.85346e+06 total messages 1 total packets 24474 RTS 0 total bytes 100000764 in_flight now 0 fair_inc 0 prop_inc 0 fast_inc 0 eta_inc 17819232 multi_dec -1239832 quick_dec -1958536 nack_dec -1093068500
Flow Uec_897_0 flowId 138 uecSrc 137 finished at 4.85346e+06 total messages 1 total packets 24474 RTS 0 total bytes 100000764 in_flight now 0 fair_inc 0 prop_inc 0 fast_inc 0 eta_inc 17623869 multi_dec -1209702 quick_dec -1904397 nack_dec -1094034686
Flow Uec_335_0 flowId 413 uecSrc 412 finished at 4.85347e+06 total messages 1 total packets 24474 RTS 0 total bytes 100000764 in_flight now 0 fair_inc 0 prop_inc 0 fast_inc 0 eta_inc 17727531 multi_dec -1216306 quick_dec -1982902 nack_dec -1094508550
Flow Uec_204_0 flowId 563 uecSrc 562 finished at 4.85349e+06 total messages 1 total packets 24474 RTS 0 total bytes 100000764 in_flight now 0 fair_inc 4710 prop_inc 0 fast_inc 0 eta_inc 17667726 multi_dec -1214611 quick_dec -1928746 nack_dec -1093504250
Flow Uec_1005_0 flowId 972 uecSrc 971 finished at 4.8535e+06 total messages 1 total packets 24474 RTS 0 total bytes 100000764 in_flight now 0 fair_inc 0 prop_inc 0 fast_inc 0 eta_inc 17506917 multi_dec -1161680 quick_dec -1891985 nack_dec -1093620450
Flow Uec_688_0 flowId 443 uecSrc 442 finished at 4.85351e+06 total messages 1 total packets 24474 RTS 0 total bytes 100000764 in_flight now 0 fair_inc 4714 prop_inc 0 fast_inc 0 eta_inc 17690319 multi_dec -1157146 quick_dec -2015696 nack_dec -1093465372
Flow Uec_725_0 flowId 600 uecSrc 599 finished at 4.85353e+06 total messages 1 total packets 24474 RTS 0 total bytes 100000764 in_flight now 0 fair_inc 0 prop_inc 0 fast_inc 0 eta_inc 17601276 multi_dec -1186873 quick_dec -2014294 nack_dec -1092985500
Flow Uec_770_0 flowId 297 uecSrc 296 finished at 4.85354e+06 total messages 1 total packets 24474 RTS 0 total bytes 100000764 in_flight now 0 fair_inc 4795 prop_inc 0 fast_inc 0 eta_inc 17606592 multi_dec -1218150 quick_dec -1939321 nack_dec -1092450150
Flow Uec_64_0 flowId 386 uecSrc 385 finished at 4.85354e+06 total messages 1 total packets 24474 RTS 0 total bytes 100000764 in_flight now 0 fair_inc 0 prop_inc 0 fast_inc 0 eta_inc 17760756 multi_dec -1220943 quick_dec -1930784 nack_dec -1093354086
Flow Uec_799_0 flowId 96 uecSrc 95 finished at 4.85354e+06 total messages 1 total packets 24474 RTS 0 total bytes 100000764 in_flight now 0 fair_inc 0 prop_inc 0 fast_inc 0 eta_inc 17611908 multi_dec -1148652 quick_dec -1934106 nack_dec -1093209600
Flow Uec_675_0 flowId 508 uecSrc 507 finished at 4.85355e+06 total messages 1 total packets 24474 RTS 0 total bytes 100000764 in_flight now 0 fair_inc 4582 prop_inc 0 fast_inc 0 eta_inc 17743479 multi_dec -1268102 quick_dec -2007803 nack_dec -1091860850
Flow Uec_242_0 flowId 106 uecSrc 105 finished at 4.85357e+06 total messages 1 total packets 24474 RTS 0 total bytes 100000764 in_flight now 0 fair_inc 0 prop_inc 0 fast_inc 0 eta_inc 17485653 multi_dec -1204373 quick_dec -1942630 nack_dec -1093794750
Flow Uec_491_0 flowId 396 uecSrc 395 finished at 4.85358e+06 total messages 1 total packets 24474 RTS 0 total bytes 100000764 in_flight now 0 fair_inc 4711 prop_inc 0 fast_inc 0 eta_inc 17917578 multi_dec -1305922 quick_dec -1918724 nack_dec -1094989950
Flow Uec_708_0 flowId 685 uecSrc 684 finished at 4.85359e+06 total messages 1 total packets 24474 RTS 0 total bytes 100000764 in_flight now 0 fair_inc 4762 prop_inc 0 fast_inc 0 eta_inc 17698293 multi_dec -1222481 quick_dec -1955006 nack_dec -1092595400
Flow Uec_806_0 flowId 828 uecSrc 827 finished at 4.8536e+06 total messages 1 total packets 24474 RTS 0 total bytes 100000764 in_flight now 0 fair_inc 0 prop_inc 0 fast_inc 0 eta_inc 17565393 multi_dec -1269349 quick_dec -1965163 nack_dec -1092649350
Flow Uec_257_0 flowId 573 uecSrc 572 finished at 4.85361e+06 total messages 1 total packets 24474 RTS 0 total bytes 100000764 in_flight now 0 fair_inc 4756 prop_inc 0 fast_inc 0 eta_inc 17816574 multi_dec -1229474 quick_dec -1973975 nack_dec -1094168250
Flow Uec_697_0 flowId 648 uecSrc 647 finished at 4.85361e+06 total messages 1 total packets 24474 RTS 0 total bytes 100000764 in_flight now 0 fair_inc 4722 prop_inc 0 fast_inc 0 eta_inc 17686332 multi_dec -1220351 quick_dec -1950180 nack_dec -1093471050
Flow Uec_177_0 flowId 181 uecSrc 180 finished at 4.85362e+06 total messages 1 total packets 24474 RTS 0 total bytes 100000764 in_flight now 0 fair_inc 0 prop_inc 0 fast_inc 0 eta_inc 17688990 multi_dec -1199569 quick_dec -1927338 nack_dec -1094446300
Flow Uec_117_0 flowId 780 uecSrc 779 finished at 4.85363e+06 total messages 1 total packets 24474 RTS 0 total bytes 100000764 in_flight now 0 fair_inc 0 prop_inc 0 fast_inc 0 eta_inc 17706267 multi_dec -1196425 quick_dec -1974045 nack_dec -1092939850
Flow Uec_881_0 flowId 944 uecSrc 943 finished at 4.85363e+06 total messages 1 total packets 24474 RTS 0 total bytes 100000764 in_flight now 0 fair_inc 0 prop_inc 0 fast_inc 0 eta_inc 17820561 multi_dec -1256382 quick_dec -1988425 nack_dec -1093300900
Flow Uec_945_0 flowId 950 uecSrc 949 finished at 4.85364e+06 total messages 1 total packets 24474 RTS 0 total bytes 100000764 in_flight now 0 fair_inc 9618 prop_inc 0 fast_inc 0 eta_inc 17459073 multi_dec -1190374 quick_dec -1926302 nack_dec -1094122600
Flow Uec_209_0 flowId 217 uecSrc 216 finished at 4.85365e+06 total messages 1 total packets 24474 RTS 0 total bytes 100000764 in_flight now 0 fair_inc 4710 prop_inc 0 fast_inc 0 eta_inc 17599947 multi_dec -1308773 quick_dec -1899179 nack_dec -1093197150
Flow Uec_613_0 flowId 87 uecSrc 86 finished at 4.85367e+06 total messages 1 total packets 24474 RTS 0 total bytes 100000764 in_flight now 0 fair_inc 0 prop_inc 0 fast_inc 0 eta_inc 17873721 multi_dec -1214075 quick_dec -1942414 nack_dec -1092441850
Flow Uec_797_0 flowId 849 uecSrc 848 finished at 4.85368e+06 total messages 1 total packets 24474 RTS 0 total bytes 100000764 in_flight now 0 fair_inc 20611 prop_inc 0 fast_inc 0 eta_inc 17719557 multi_dec -1243894 quick_dec -1918208 nack_dec -1092761400
Flow Uec_699_0 flowId 232 uecSrc 231 finished at 4.85368e+06 total messages 1 total packets 24474 RTS 0 total bytes 100000764 in_flight now 0 fair_inc 9518 prop_inc 0 fast_inc 0 eta_inc 17606592 multi_dec -1224660 quick_dec -1983089 nack_dec -1093544986
Flow Uec_689_0 flowId 538 uecSrc 537 finished at 4.85369e+06 total messages 1 total packets 24474 RTS 0 total bytes 100000764 in_flight now 0 fair_inc 11490 prop_inc 0 fast_inc 0 eta_inc 17857773 multi_dec -1314650 quick_dec -1954079 nack_dec -1092780622
Flow Uec_625_0 flowId 117 uecSrc 116 finished at 4.8537e+06 total messages 1 total packets 24474 RTS 0 total bytes 100000764 in_flight now 0 fair_inc 0 prop_inc 0 fast_inc 0 eta_inc 17809929 multi_dec -1272618 quick_dec -1962469 nack_dec -1092931550
Flow Uec_181_0 flowId 177 uecSrc 176 finished at 4.85374e+06 total messages 1 total packets 24474 RTS 0 total bytes 100000764 in_flight now 0 fair_inc 3794 prop_inc 0 fast_inc 0 eta_inc 17599947 multi_dec -1242840 quick_dec -1890873 nack_dec -1093616300
Flow Uec_425_0 flowId 914 uecSrc 913 finished at 4.85375e+06 total messages 1 total packets 24474 RTS 0 total bytes 100000764 in_flight now 0 fair_inc 0 prop_inc 1033 fast_inc 0 eta_inc 17916249 multi_dec -1247255 quick_dec -1948273 nack_dec -1093603086
Flow Uec_605_0 flowId 717 uecSrc 716 finished at 4.85376e+06 total messages 1 total packets 24474 RTS 0 total bytes 100000764 in_flight now 0 fair_inc 0 prop_inc 439 fast_inc 0 eta_inc 17751453 multi_dec -1149071 quick_dec -1915340 nack_dec -1092690850
Flow Uec_469_0 flowId 620 uecSrc 619 finished at 4.85376e+06 total messages 1 total packets 24474 RTS 0 total bytes 100000764 in_flight now 0 fair_inc 5349 prop_inc 1114 fast_inc 0 eta_inc 17719557 multi_dec -1212658 quick_dec -1940053 nack_dec -1093793986
Flow Uec_621_0 flowId 767 uecSrc 766 finished at 4.85377e+06 total messages 1 total packets 24474 RTS 0 total bytes 100000764 in_flight now 0 fair_inc 5359 prop_inc 207 fast_inc 0 eta_inc 17673042 multi_dec -1231368 quick_dec -1952522 nack_dec -1092919100
Flow Uec_622_0 flowId 280 uecSrc 279 finished at 4.85378e+06 total messages 1 total packets 24474 RTS 0 total bytes 100000764 in_flight now 0 fair_inc 4756 prop_inc 0 fast_inc 0 eta_inc 17544129 multi_dec -1179514 quick_dec -1879806 nack_dec -1093728350
Flow Uec_800_0 flowId 156 uecSrc 155 finished at 4.8538e+06 total messages 1 total packets 24474 RTS 0 total bytes 100000764 in_flight now 0 fair_inc 0 prop_inc 0 fast_inc 0 eta_inc 17712912 multi_dec -1211283 quick_dec -1951973 nack_dec -1094018086
Flow Uec_776_0 flowId 429 uecSrc 428 finished at 4.8538e+06 total messages 1 total packets 24474 RTS 0 total bytes 100000764 in_flight now 0 fair_inc 5338 prop_inc 0 fast_inc 0 eta_inc 17755440 multi_dec -1203362 quick_dec -2017630 nack_dec -1093724200
Flow Uec_208_0 flowId 73 uecSrc 72 finished at 4.8538e+06 total messages 1 total packets 24474 RTS 0 total bytes 100000764 in_flight now 0 fair_inc 14960 prop_inc 0 fast_inc 0 eta_inc 17727531 multi_dec -1192676 quick_dec -1909418 nack_dec -1094574186
Flow Uec_790_0 flowId 874 uecSrc 873 finished at 4.85382e+06 total messages 1 total packets 24474 RTS 0 total bytes 100000764 in_flight now 0 fair_inc 5731 prop_inc 0 fast_inc 0 eta_inc 17760756 multi_dec -1262282 quick_dec -1948537 nack_dec -1093839636
Flow Uec_79_0 flowId 728 uecSrc 727 finished at 4.85385e+06 total messages 1 total packets 24474 RTS 0 total bytes 100000764 in_flight now 0 fair_inc 4804 prop_inc 0 fast_inc 0 eta_inc 17622540 multi_dec -1186389 quick_dec -1914510 nack_dec -1093574800
Flow Uec_503_0 flowId 447 uecSrc 446 finished at 4.85386e+06 total messages 1 total packets 24474 RTS 0 total bytes 100000764 in_flight now 0 fair_inc 0 prop_inc 0 fast_inc 0 eta_inc 17601276 multi_dec -1220101 quick_dec -1887185 nack_dec -1093208836
Flow Uec_424_0 flowId 838 uecSrc 837 finished at 4.85386e+06 total messages 1 total packets 24474 RTS 0 total bytes 100000764 in_flight now 0 fair_inc 19544 prop_inc 0 fast_inc 0 eta_inc 17771388 multi_dec -1233143 quick_dec -2003494 nack_dec -1094662100
Flow Uec_361_0 flowId 124 uecSrc 123 finished at 4.85387e+06 total messages 1 total packets 24474 RTS 0 total bytes 100000764 in_flight now 0 fair_inc 5751 prop_inc 0 fast_inc 0 eta_inc 17736834 multi_dec -1262929 quick_dec -1939437 nack_dec -1092407122
Flow Uec_127_0 flowId 483 uecSrc 482 finished at 4.85387e+06 total messages 1 total packets 24474 RTS 0 total bytes 100000764 in_flight now 0 fair_inc 0 prop_inc 0 fast_inc 0 eta_inc 17690319 multi_dec -1291615 quick_dec -1938998 nack_dec -1092977200
Flow Uec_423_0 flowId 373 uecSrc 372 finished at 4.85387e+06 total messages 1 total packets 24474 RTS 0 total bytes 100000764 in_flight now 0 fair_inc 8622 prop_inc 884 fast_inc 0 eta_inc 17597289 multi_dec -1236853 quick_dec -1973793 nack_dec -1093433700
Flow Uec_588_0 flowId 704 uecSrc 703 finished at 4.85389e+06 total messages 1 total packets 24474 RTS 0 total bytes 100000764 in_flight now 0 fair_inc 17404 prop_inc 3302 fast_inc 0 eta_inc 17537484 multi_dec -1203883 quick_dec -1873826 nack_dec -1094110150
Flow Uec_916_0 flowId 105 uecSrc 104 finished at 4.85392e+06 total messages 1 total packets 24474 RTS 0 total bytes 100000764 in_flight now 0 fair_inc 11503 prop_inc 270 fast_inc 0 eta_inc 17558748 multi_dec -1182240 quick_dec -1922713 nack_dec -1093494422
Flow Uec_165_0 flowId 758 uecSrc 757 finished at 4.85392e+06 total messages 1 total packets 24474 RTS 0 total bytes 100000764 in_flight now 0 fair_inc 14999 prop_inc 5360 fast_inc 0 eta_inc 17797968 multi_dec -1280794 quick_dec -1991525 nack_dec -1093494422
Flow Uec_714_0 flowId 430 uecSrc 429 finished at 4.85396e+06 total messages 1 total packets 24474 RTS 0 total bytes 100000764 in_flight now 0 fair_inc 44114 prop_inc 0 fast_inc 0 eta_inc 17601276 multi_dec -1214898 quick_dec -1906547 nack_dec -1094902800
Flow Uec_198_0 flowId 1 uecSrc 0 finished at 4.85396e+06 total messages 1 total packets 24474 RTS 0 total bytes 100000764 in_flight now 0 fair_inc 3794 prop_inc 894 fast_inc 0 eta_inc 17720886 multi_dec -1210552 quick_dec -1994948 nack_dec -1093226200
Flow Uec_753_0 flowId 736 uecSrc 735 finished at 4.85398e+06 total messages 1 total packets 24474 RTS 0 total bytes 100000764 in_flight now 0 fair_inc 0 prop_inc 0 fast_inc 0 eta_inc 17783349 multi_dec -1283296 quick_dec -1982268 nack_dec -1093711750
Flow Uec_108_0 flowId 97 uecSrc 96 finished at 4.85399e+06 total messages 1 total packets 24474 RTS 0 total bytes 100000764 in_flight now 0 fair_inc 0 prop_inc 142 fast_inc 0 eta_inc 17657094 multi_dec -1197160 quick_dec -1934132 nack_dec -1093168100
Flow Uec_679_0 flowId 662 uecSrc 661 finished at 4.85399e+06 total messages 1 total packets 24474 RTS 0 total bytes 100000764 in_flight now 0 fair_inc 5504 prop_inc 1481 fast_inc 0 eta_inc 17681016 multi_dec -1182288 quick_dec -1919804 nack_dec -1092234350
Flow Uec_684_0 flowId 550 uecSrc 549 finished at 4.854e+06 total messages 1 total packets 24474 RTS 0 total bytes 100000764 in_flight now 0 fair_inc 17178 prop_inc 426 fast_inc 0 eta_inc 17746137 multi_dec -1281569 quick_dec -1970208 nack_dec -1092641050
Flow Uec_620_0 flowId 40 uecSrc 39 finished at 4.85401e+06 total messages 1 total packets 24474 RTS 0 total bytes 100000764 in_flight now 0 fair_inc 5239 prop_inc 0 fast_inc 0 eta_inc 17921565 multi_dec -1291031 quick_dec -1999174 nack_dec -1092823650
Flow Uec_906_0 flowId 703 uecSrc 702 finished at 4.85402e+06 total messages 1 total packets 24474 RTS 0 total bytes 100000764 in_flight now 0 fair_inc 23982 prop_inc 283 fast_inc 0 eta_inc 17602605 multi_dec -1300941 quick_dec -1934755 nack_dec -1093657800
Flow Uec_152_0 flowId 332 uecSrc 331 finished at 4.85404e+06 total messages 1 total packets 24474 RTS 0 total bytes 100000764 in_flight now 0 fair_inc 10645 prop_inc 0 fast_inc 0 eta_inc 17828535 multi_dec -1228521 quick_dec -1925074 nack_dec -1092985500
Flow Uec_687_0 flowId 932 uecSrc 931 finished at 4.85405e+06 total messages 1 total packets 24474 RTS 0 total bytes 100000764 in_flight now 0 fair_inc 11762 prop_inc 2644 fast_inc 0 eta_inc 17805942 multi_dec -1258107 quick_dec -1923174 nack_dec -1094280300
Flow Uec_281_0 flowId 130 uecSrc 129 finished at 4.85405e+06 total messages 1 total packets 24474 RTS 0 total bytes 100000764 in_flight now 0 fair_inc 38121 prop_inc 1724 fast_inc 0 eta_inc 17590644 multi_dec -1315371 quick_dec -1842240 nack_dec -1094521000
Flow Uec_394_0 flowId 237 uecSrc 236 finished at 4.85407e+06 total messages 1 total packets 24474 RTS 0 total bytes 100000764 in_flight now 0 fair_inc 10839 prop_inc 2300 fast_inc 0 eta_inc 17650449 multi_dec -1216690 quick_dec -1998435 nack_dec -1093724200
Flow Uec_900_0 flowId 76 uecSrc 75 finished at 4.85409e+06 total messages 1 total packets 24474 RTS 0 total bytes 100000764 in_flight now 0 fair_inc 4820 prop_inc 0 fast_inc 0 eta_inc 17742150 multi_dec -1289246 quick_dec -1887040 nack_dec -1094139200
Flow Uec_693_0 flowId 418 uecSrc 417 finished at 4.8541e+06 total messages 1 total packets 24474 RTS 0 total bytes 100000764 in_flight now 0 fair_inc 16869 prop_inc 1679 fast_inc 0 eta_inc 17782020 multi_dec -1175651 quick_dec -1960257 nack_dec -1093888672
Flow Uec_931_0 flowId 51 uecSrc 50 finished at 4.8541e+06 total messages 1 total packets 24474 RTS 0 total bytes 100000764 in_flight now 0 fair_inc 3794 prop_inc 0 fast_inc 0 eta_inc 17591973 multi_dec -1130759 quick_dec -1996349 nack_dec -1094072800
Flow Uec_302_0 flowId 786 uecSrc 785 finished at 4.85412e+06 total messages 1 total packets 24474 RTS 0 total bytes 100000764 in_flight now 0 fair_inc 0 prop_inc 0 fast_inc 0 eta_inc 17586657 multi_dec -1224399 quick_dec -1968859 nack_dec -1094321800
Flow Uec_893_0 flowId 70 uecSrc 69 finished at 4.85412e+06 total messages 1 total packets 24474 RTS 0 total bytes 100000764 in_flight now 0 fair_inc 5296 prop_inc 0 fast_inc 0 eta_inc 17807271 multi_dec -1225801 quick_dec -1854957 nack_dec -1093944150
Flow Uec_665_0 flowId 744 uecSrc 743 finished at 4.85414e+06 total messages 1 total packets 24474 RTS 0 total bytes 100000764 in_flight now 0 fair_inc 5862 prop_inc 0 fast_inc 0 eta_inc 17811258 multi_dec -1270989 quick_dec -1868007 nack_dec -1093931700
Flow Uec_617_0 flowId 361 uecSrc 360 finished at 4.85414e+06 total messages 1 total packets 24474 RTS 0 total bytes 100000764 in_flight now 0 fair_inc 4873 prop_inc 588 fast_inc 0 eta_inc 17630514 multi_dec -1209163 quick_dec -2001648 nack_dec -1093283536
Flow Uec_569_0 flowId 419 uecSrc 418 finished at 4.85414e+06 total messages 1 total packets 24474 RTS 0 total bytes 100000764 in_flight now 0 fair_inc 7588 prop_inc 2431 fast_inc 0 eta_inc 17603934 multi_dec -1219717 quick_dec -2024314 nack_dec -1093370686
Flow Uec_472_0 flowId 714 uecSrc 713 finished at 4.85415e+06 total messages 1 total packets 24474 RTS 0 total bytes 100000764 in_flight now 0 fair_inc 8564 prop_inc 0 fast_inc 0 eta_inc 17607921 multi_dec -1269527 quick_dec -2028806 nack_dec -1094927700
Flow Uec_380_0 flowId 893 uecSrc 892 finished at 4.85417e+06 total messages 1 total packets 24474 RTS 0 total bytes 100000764 in_flight now 0 fair_inc 29193 prop_inc 991 fast_inc 0 eta_inc 17685003 multi_dec -1222576 quick_dec -2030405 nack_dec -1094209750
Flow Uec_656_0 flowId 23 uecSrc 22 finished at 4.85419e+06 total messages 1 total packets 24474 RTS 0 total bytes 100000764 in_flight now 0 fair_inc 10134 prop_inc 3416 fast_inc 0 eta_inc 17568051 multi_dec -1300738 quick_dec -1969168 nack_dec -1093234500
Flow Uec_232_0 flowId 228 uecSrc 227 finished at 4.85421e+06 total messages 1 total packets 24474 RTS 0 total bytes 100000764 in_flight now 0 fair_inc 10171 prop_inc 0 fast_inc 0 eta_inc 17578683 multi_dec -1134509 quick_dec -1967163 nack_dec -1093691000
Flow Uec_890_0 flowId 120 uecSrc 119 finished at 4.85422e+06 total messages 1 total packets 24474 RTS 0 total bytes 100000764 in_flight now 0 fair_inc 9054 prop_inc 3287 fast_inc 0 eta_inc 17714241 multi_dec -1169752 quick_dec -1964829 nack_dec -1093300136
Flow Uec_623_0 flowId 1000 uecSrc 999 finished at 4.85424e+06 total messages 1 total packets 24474 RTS 0 total bytes 100000764 in_flight now 0 fair_inc 16890 prop_inc 0 fast_inc 0 eta_inc 17691648 multi_dec -1178346 quick_dec -1956670 nack_dec -1093695150
Flow Uec_478_0 flowId 307 uecSrc 306 finished at 4.85425e+06 total messages 1 total packets 24474 RTS 0 total bytes 100000764 in_flight now 0 fair_inc 11135 prop_inc 430 fast_inc 0 eta_inc 17629185 multi_dec -1244010 quick_dec -1907776 nack_dec -1093466900
Flow Uec_292_0 flowId 376 uecSrc 375 finished at 4.85425e+06 total messages 1 total packets 24474 RTS 0 total bytes 100000764 in_flight now 0 fair_inc 24287 prop_inc 0 fast_inc 0 eta_inc 17574696 multi_dec -1254112 quick_dec -2047048 nack_dec -1093408800
Flow Uec_644_0 flowId 268 uecSrc 267 finished at 4.85425e+06 total messages 1 total packets 24474 RTS 0 total bytes 100000764 in_flight now 0 fair_inc 42437 prop_inc 16562 fast_inc 0 eta_inc 17774046 multi_dec -1262396 quick_dec -1927901 nack_dec -1094765850
Flow Uec_465_0 flowId 499 uecSrc 498 finished at 4.85426e+06 total messages 1 total packets 24474 RTS 0 total bytes 100000764 in_flight now 0 fair_inc 14375 prop_inc 7354 fast_inc 0 eta_inc 17670384 multi_dec -1271650 quick_dec -2016239 nack_dec -1093379750
Flow Uec_819_0 flowId 630 uecSrc 629 finished at 4.85428e+06 total messages 1 total packets 24474 RTS 0 total bytes 100000764 in_flight now 0 fair_inc 21954 prop_inc 3791 fast_inc 0 eta_inc 17647791 multi_dec -1290583 quick_dec -1961367 nack_dec -1094230500
Flow Uec_650_0 flowId 498 uecSrc 497 finished at 4.85428e+06 total messages 1 total packets 24474 RTS 0 total bytes 100000764 in_flight now 0 fair_inc 11262 prop_inc 10139 fast_inc 0 eta_inc 17643804 multi_dec -1295630 quick_dec -1856537 nack_dec -1094719436
Flow Uec_851_0 flowId 463 uecSrc 462 finished at 4.85429e+06 total messages 1 total packets 24474 RTS 0 total bytes 100000764 in_flight now 0 fair_inc 3794 prop_inc 1320 fast_inc 0 eta_inc 17799297 multi_dec -1230075 quick_dec -2032948 nack_dec -1093848700
Flow Uec_306_0 flowId 734 uecSrc 733 finished at 4.85431e+06 total messages 1 total packets 24474 RTS 0 total bytes 100000764 in_flight now 0 fair_inc 11975 prop_inc 501 fast_inc 0 eta_inc 17560077 multi_dec -1154740 quick_dec -1933243 nack_dec -1094371600
Flow Uec_216_0 flowId 302 uecSrc 301 finished at 4.85432e+06 total messages 1 total packets 24474 RTS 0 total bytes 100000764 in_flight now 0 fair_inc 0 prop_inc 0 fast_inc 0 eta_inc 17663739 multi_dec -1333658 quick_dec -1905583 nack_dec -1093334100
Flow Uec_303_0 flowId 624 uecSrc 623 finished at 4.85433e+06 total messages 1 total packets 24474 RTS 0 total bytes 100000764 in_flight now 0 fair_inc 17823 prop_inc 167 fast_inc 0 eta_inc 17700951 multi_dec -1225376 quick_dec -2006561 nack_dec -1094085250
Flow Uec_629_0 flowId 241 uecSrc 240 finished at 4.85433e+06 total messages 1 total packets 24474 RTS 0 total bytes 100000764 in_flight now 0 fair_inc 27895 prop_inc 1065 fast_inc 0 eta_inc 17663739 multi_dec -1233792 quick_dec -1994403 nack_dec -1094072800
Flow Uec_489_0 flowId 592 uecSrc 591 finished at 4.85434e+06 total messages 1 total packets 24474 RTS 0 total bytes 100000764 in_flight now 0 fair_inc 16256 prop_inc 2452 fast_inc 0 eta_inc 17718228 multi_dec -1268946 quick_dec -1931222 nack_dec -1094287836
Flow Uec_97_0 flowId 1007 uecSrc 1006 finished at 4.85435e+06 total messages 1 total packets 24474 RTS 0 total bytes 100000764 in_flight now 0 fair_inc 30153 prop_inc 2931 fast_inc 0 eta_inc 17621211 multi_dec -1209905 quick_dec -2018982 nack_dec -1094550050
Flow Uec_538_0 flowId 501 uecSrc 500 finished at 4.85435e+06 total messages 1 total packets 24474 RTS 0 total bytes 100000764 in_flight now 0 fair_inc 72893 prop_inc 0 fast_inc 0 eta_inc 17634501 multi_dec -1279987 quick_dec -1921986 nack_dec -1096019150
Flow Uec_211_0 flowId 847 uecSrc 846 finished at 4.85437e+06 total messages 1 total packets 24474 RTS 0 total bytes 100000764 in_flight now 0 fair_inc 0 prop_inc 119 fast_inc 0 eta_inc 17731518 multi_dec -1234843 quick_dec -2004335 nack_dec -1092997950
Flow Uec_558_0 flowId 752 uecSrc 751 finished at 4.85438e+06 total messages 1 total packets 24474 RTS 0 total bytes 100000764 in_flight now 0 fair_inc 63659 prop_inc 10172 fast_inc 0 eta_inc 17647791 multi_dec -1242483 quick_dec -1901424 nack_dec -1094558350
Flow Uec_739_0 flowId 993 uecSrc 992 finished at 4.8544e+06 total messages 1 total packets 24474 RTS 0 total bytes 100000764 in_flight now 0 fair_inc 39478 prop_inc 2012 fast_inc 0 eta_inc 17472363 multi_dec -1256552 quick_dec -1942662 nack_dec -1093740800
Flow Uec_273_0 flowId 994 uecSrc 993 finished at 4.85441e+06 total messages 1 total packets 24474 RTS 0 total bytes 100000764 in_flight now 0 fair_inc 30931 prop_inc 8443 fast_inc 0 eta_inc 17671713 multi_dec -1287118 quick_dec -1911308 nack_dec -1092827800
Flow Uec_447_0 flowId 54 uecSrc 53 finished at 4.85442e+06 total messages 1 total packets 24474 RTS 0 total bytes 100000764 in_flight now 0 fair_inc 12944 prop_inc 5408 fast_inc 0 eta_inc 17650449 multi_dec -1222787 quick_dec -1972797 nack_dec -1093110000
Flow Uec_460_0 flowId 199 uecSrc 198 finished at 4.85443e+06 total messages 1 total packets 24474 RTS 0 total bytes 100000764 in_flight now 0 fair_inc 24358 prop_inc 0 fast_inc 0 eta_inc 17686332 multi_dec -1246354 quick_dec -1983592 nack_dec -1094446300
Flow Uec_498_0 flowId 245 uecSrc 244 finished at 4.85443e+06 total messages 1 total packets 24474 RTS 0 total bytes 100000764 in_flight now 0 fair_inc 12271 prop_inc 9240 fast_inc 0 eta_inc 17524194 multi_dec -1181744 quick_dec -1973347 nack_dec -1094566650
Flow Uec_968_0 flowId 989 uecSrc 988 finished at 4.85445e+06 total messages 1 total packets 24474 RTS 0 total bytes 100000764 in_flight now 0 fair_inc 4739 prop_inc 1258 fast_inc 0 eta_inc 17898972 multi_dec -1334913 quick_dec -1953993 nack_dec -1092624450
Flow Uec_670_0 flowId 651 uecSrc 650 finished at 4.85445e+06 total messages 1 total packets 24474 RTS 0 total bytes 100000764 in_flight now 0 fair_inc 12550 prop_inc 8298 fast_inc 0 eta_inc 17649120 multi_dec -1243614 quick_dec -1855872 nack_dec -1095131050
Flow Uec_657_0 flowId 406 uecSrc 405 finished at 4.85448e+06 total messages 1 total packets 24474 RTS 0 total bytes 100000764 in_flight now 0 fair_inc 63190 prop_inc 1962 fast_inc 0 eta_inc 17683674 multi_dec -1326921 quick_dec -1842696 nack_dec -1096309650
Flow Uec_218_0 flowId 732 uecSrc 731 finished at 4.85451e+06 total messages 1 total packets 24474 RTS 0 total bytes 100000764 in_flight now 0 fair_inc 9336 prop_inc 0 fast_inc 0 eta_inc 17779362 multi_dec -1206188 quick_dec -1976486 nack_dec -1093852850
Flow Uec_584_0 flowId 842 uecSrc 841 finished at 4.85452e+06 total messages 1 total packets 24474 RTS 0 total bytes 100000764 in_flight now 0 fair_inc 18717 prop_inc 7269 fast_inc 0 eta_inc 17890998 multi_dec -1286825 quick_dec -1983464 nack_dec -1095392500
Flow Uec_602_0 flowId 928 uecSrc 927 finished at 4.85452e+06 total messages 1 total packets 24474 RTS 0 total bytes 100000764 in_flight now 0 fair_inc 39929 prop_inc 5538 fast_inc 0 eta_inc 17577354 multi_dec -1280858 quick_dec -1980047 nack_dec -1094056200
Flow Uec_741_0 flowId 239 uecSrc 238 finished at 4.85452e+06 total messages 1 total packets 24474 RTS 0 total bytes 100000764 in_flight now 0 fair_inc 33547 prop_inc 686 fast_inc 0 eta_inc 17735505 multi_dec -1273542 quick_dec -2013971 nack_dec -1092487500
Flow Uec_914_0 flowId 834 uecSrc 833 finished at 4.85454e+06 total messages 1 total packets 24474 RTS 0 total bytes 100000764 in_flight now 0 fair_inc 28194 prop_inc 4947 fast_inc 0 eta_inc 17346108 multi_dec -1314334 quick_dec -1853782 nack_dec -1096068186
Flow Uec_991_0 flowId 9 uecSrc 8 finished at 4.85454e+06 total messages 1 total packets 24474 RTS 0 total bytes 100000764 in_flight now 0 fair_inc 5620 prop_inc 3331 fast_inc 0 eta_inc 17674371 multi_dec -1256873 quick_dec -1955053 nack_dec -1093039450
Flow Uec_142_0 flowId 445 uecSrc 444 finished at 4.85454e+06 total messages 1 total packets 24474 RTS 0 total bytes 100000764 in_flight now 0 fair_inc 52209 prop_inc 3547 fast_inc 0 eta_inc 17658423 multi_dec -1236348 quick_dec -1945892 nack_dec -1094570800
Flow Uec_325_0 flowId 576 uecSrc 575 finished at 4.85454e+06 total messages 1 total packets 24474 RTS 0 total bytes 100000764 in_flight now 0 fair_inc 9536 prop_inc 4041 fast_inc 0 eta_inc 17546787 multi_dec -1272325 quick_dec -1951816 nack_dec -1093744950
Flow Uec_221_0 flowId 572 uecSrc 571 finished at 4.85455e+06 total messages 1 total packets 24474 RTS 0 total bytes 100000764 in_flight now 0 fair_inc 62030 prop_inc 3470 fast_inc 0 eta_inc 17622540 multi_dec -1288429 quick_dec -1928835 nack_dec -1095902950
Flow Uec_905_0 flowId 104 uecSrc 103 finished at 4.85455e+06 total messages 1 total packets 24474 RTS 0 total bytes 100000764 in_flight now 0 fair_inc 28084 prop_inc 5919 fast_inc 0 eta_inc 17611908 multi_dec -1268428 quick_dec -1928201 nack_dec -1093782300
Flow Uec_368_0 flowId 530 uecSrc 529 finished at 4.85456e+06 total messages 1 total packets 24474 RTS 0 total bytes 100000764 in_flight now 0 fair_inc 8909 prop_inc 2498 fast_inc 0 eta_inc 17627856 multi_dec -1195098 quick_dec -1978409 nack_dec -1094027150
Flow Uec_482_0 flowId 184 uecSrc 183 finished at 4.85456e+06 total messages 1 total packets 24474 RTS 0 total bytes 100000764 in_flight now 0 fair_inc 3794 prop_inc 881 fast_inc 0 eta_inc 17779362 multi_dec -1309370 quick_dec -1933775 nack_dec -1094450450
Flow Uec_718_0 flowId 710 uecSrc 709 finished at 4.85456e+06 total messages 1 total packets 24474 RTS 0 total bytes 100000764 in_flight now 0 fair_inc 23092 prop_inc 10566 fast_inc 0 eta_inc 17658423 multi_dec -1329124 quick_dec -1936055 nack_dec -1095048050
Flow Uec_462_0 flowId 747 uecSrc 746 finished at 4.85456e+06 total messages 1 total packets 24474 RTS 0 total bytes 100000764 in_flight now 0 fair_inc 16107 prop_inc 15397 fast_inc 0 eta_inc 17554761 multi_dec -1278937 quick_dec -1884388 nack_dec -1093906800
Flow Uec_274_0 flowId 626 uecSrc 625 finished at 4.85458e+06 total messages 1 total packets 24474 RTS 0 total bytes 100000764 in_flight now 0 fair_inc 24402 prop_inc 9002 fast_inc 0 eta_inc 17655765 multi_dec -1277436 quick_dec -1974491 nack_dec -1094691150
Flow Uec_169_0 flowId 188 uecSrc 187 finished at 4.85458e+06 total messages 1 total packets 24474 RTS 0 total bytes 100000764 in_flight now 0 fair_inc 17019 prop_inc 16008 fast_inc 0 eta_inc 17776704 multi_dec -1258759 quick_dec -1930955 nack_dec -1095039750
Flow Uec_266_0 flowId 568 uecSrc 567 finished at 4.85458e+06 total messages 1 total packets 24474 RTS 0 total bytes 100000764 in_flight now 0 fair_inc 17519 prop_inc 17373 fast_inc 0 eta_inc 17649120 multi_dec -1170754 quick_dec -1977292 nack_dec -1094504400
Flow Uec_360_0 flowId 392 uecSrc 391 finished at 4.85459e+06 total messages 1 total packets 24474 RTS 0 total bytes 100000764 in_flight now 0 fair_inc 24501 prop_inc 12088 fast_inc 0 eta_inc 17505588 multi_dec -1189893 quick_dec -1871883 nack_dec -1094479500
Flow Uec_894_0 flowId 141 uecSrc 140 finished at 4.85459e+06 total messages 1 total packets 24474 RTS 0 total bytes 100000764 in_flight now 0 fair_inc 9224 prop_inc 14576 fast_inc 0 eta_inc 17659752 multi_dec -1229019 quick_dec -1921601 nack_dec -1093877750
Flow Uec_66_0 flowId 577 uecSrc 576 finished at 4.8546e+06 total messages 1 total packets 24474 RTS 0 total bytes 100000764 in_flight now 0 fair_inc 21726 prop_inc 17377 fast_inc 0 eta_inc 17778033 multi_dec -1295958 quick_dec -1871575 nack_dec -1095168400
Flow Uec_615_0 flowId 824 uecSrc 823 finished at 4.8546e+06 total messages 1 total packets 24474 RTS 0 total bytes 100000764 in_flight now 0 fair_inc 60877 prop_inc 10716 fast_inc 0 eta_inc 17590644 multi_dec -1286859 quick_dec -2013941 nack_dec -1095969350
Flow Uec_827_0 flowId 88 uecSrc 87 finished at 4.85462e+06 total messages 1 total packets 24474 RTS 0 total bytes 100000764 in_flight now 0 fair_inc 6699 prop_inc 22999 fast_inc 0 eta_inc 17762085 multi_dec -1351250 quick_dec -2021601 nack_dec -1093848700
Flow Uec_638_0 flowId 712 uecSrc 711 finished at 4.85463e+06 total messages 1 total packets 24474 RTS 0 total bytes 100000764 in_flight now 0 fair_inc 28441 prop_inc 41284 fast_inc 0 eta_inc 17593302 multi_dec -1191901 quick_dec -1934965 nack_dec -1095218200
Flow Uec_448_0 flowId 176 uecSrc 175 finished at 4.85464e+06 total messages 1 total packets 24474 RTS 0 total bytes 100000764 in_flight now 0 fair_inc 37868 prop_inc 40458 fast_inc 0 eta_inc 17593302 multi_dec -1234473 quick_dec -1976606 nack_dec -1094740950
Flow Uec_356_0 flowId 707 uecSrc 706 finished at 4.85464e+06 total messages 1 total packets 24474 RTS 0 total bytes 100000764 in_flight now 0 fair_inc 22934 prop_inc 40030 fast_inc 0 eta_inc 17562735 multi_dec -1241001 quick_dec -1998885 nack_dec -1096110450
Flow Uec_801_0 flowId 410 uecSrc 409 finished at 4.85464e+06 total messages 1 total packets 24474 RTS 0 total bytes 100000764 in_flight now 0 fair_inc 8788 prop_inc 38053 fast_inc 0 eta_inc 17719557 multi_dec -1262193 quick_dec -1995294 nack_dec -1093599700
Flow Uec_835_0 flowId 486 uecSrc 485 finished at 4.85465e+06 total messages 1 total packets 24474 RTS 0 total bytes 100000764 in_flight now 0 fair_inc 35836 prop_inc 40987 fast_inc 0 eta_inc 17654436 multi_dec -1298439 quick_dec -2009575 nack_dec -1094687000
Flow Uec_973_0 flowId 465 uecSrc 464 finished at 4.85466e+06 total messages 1 total packets 24474 RTS 0 total bytes 100000764 in_flight now 0 fair_inc 23969 prop_inc 43764 fast_inc 0 eta_inc 17655765 multi_dec -1259176 quick_dec -1931856 nack_dec -1095786750
Flow Uec_383_0 flowId 495 uecSrc 494 finished at 4.85466e+06 total messages 1 total packets 24474 RTS 0 total bytes 100000764 in_flight now 0 fair_inc 3794 prop_inc 40407 fast_inc 0 eta_inc 17714241 multi_dec -1216934 quick_dec -2009182 nack_dec -1093666100
Flow Uec_308_0 flowId 336 uecSrc 335 finished at 4.85467e+06 total messages 1 total packets 24474 RTS 0 total bytes 100000764 in_flight now 0 fair_inc 0 prop_inc 71818 fast_inc 0 eta_inc 17714241 multi_dec -1252084 quick_dec -1907177 nack_dec -1093923400
Flow Uec_235_0 flowId 991 uecSrc 990 finished at 4.85469e+06 total messages 1 total packets 24474 RTS 0 total bytes 100000764 in_flight now 0 fair_inc 3794 prop_inc 79315 fast_inc 46830 eta_inc 17703609 multi_dec -1276054 quick_dec -1982089 nack_dec -1093906800
Flow Uec_784_0 flowId 113 uecSrc 112 finished at 4.85471e+06 total messages 1 total packets 24474 RTS 0 total bytes 100000764 in_flight now 0 fair_inc 15655 prop_inc 65507 fast_inc 199810 eta_inc 17618553 multi_dec -1222571 quick_dec -2006926 nack_dec -1095956900
Received SIGTERM at 4.893e+06 us, shutting down cleanly.
New: 25036902 Rtx: 272963119 RTS: 0 Bounced: 0 ACKs: 25036576 NACKs: 272880170 Pulls: 0 sleek_pkts: 0
SPURIOUS_COUNT 69
